domain,n_agents,topology_family,condition,prompt_id,variation_type,answer_entropy,flip_rate,self_consistency,total_tokens,total_cost
games,1,none,single_llm,1,seed,1.2457,0.2876,0.6025,875,0.002625
games,4,none,ensemble,1,seed,0.6659,0.1849,0.6577,3098,0.009294
games,6,none,ensemble,1,seed,0.8162,0.1846,0.7428,5173,0.015519
games,8,none,ensemble,1,seed,0.7579,0.2647,0.7581,5850,0.01755
games,4,chain,team,1,seed,0.7669,0.1816,0.7839,3184,0.009552
games,4,star,team,1,seed,0.6615,0.1628,0.8311,3150,0.00945
games,4,full,team,1,seed,0.6072,0.1559,0.8066,3316,0.009948
games,4,hierarchy,team,1,seed,0.7413,0.2172,0.8671,3069,0.009207
games,6,chain,team,1,seed,0.5204,0.1422,0.7854,5341,0.016023
games,6,star,team,1,seed,0.5102,0.1111,0.7434,5112,0.015336
games,6,full,team,1,seed,0.5659,0.1465,0.7613,4911,0.014733
games,6,hierarchy,team,1,seed,0.5533,0.1635,0.8182,4907,0.014721
games,8,chain,team,1,seed,0.5646,0.156,0.7795,6804,0.020412
games,8,star,team,1,seed,0.301,0.1105,0.7715,5991,0.017973
games,8,full,team,1,seed,0.3892,0.1631,0.7617,7019,0.021057
games,8,hierarchy,team,1,seed,0.2984,0.1199,0.7931,6775,0.020325
games,1,none,single_llm,1,paraphrase,1.3867,0.4576,0.4856,763,0.002289
games,4,none,ensemble,1,paraphrase,1.083,0.3004,0.5335,2837,0.008511
games,6,none,ensemble,1,paraphrase,0.7878,0.3121,0.6585,5131,0.015393
games,8,none,ensemble,1,paraphrase,0.7787,0.2763,0.7275,6202,0.018606
games,4,chain,team,1,paraphrase,0.8557,0.2535,0.6818,3077,0.009231
games,4,star,team,1,paraphrase,0.6404,0.2695,0.7065,3203,0.009609
games,4,full,team,1,paraphrase,0.7781,0.2479,0.7733,3168,0.009504
games,4,hierarchy,team,1,paraphrase,0.7377,0.2568,0.6356,2736,0.008208
games,6,chain,team,1,paraphrase,0.5193,0.1949,0.7346,4365,0.013095
games,6,star,team,1,paraphrase,0.5638,0.2567,0.7268,5154,0.015462
games,6,full,team,1,paraphrase,0.4782,0.1765,0.7071,4637,0.013911
games,6,hierarchy,team,1,paraphrase,0.7056,0.1456,0.7563,4914,0.014742
games,8,chain,team,1,paraphrase,0.5173,0.1555,0.7286,6061,0.018183
games,8,star,team,1,paraphrase,0.5499,0.1842,0.8351,6246,0.018738
games,8,full,team,1,paraphrase,0.3943,0.1705,0.776,7269,0.021807
games,8,hierarchy,team,1,paraphrase,0.6302,0.2076,0.8182,5639,0.016917
games,1,none,single_llm,2,seed,1.104,0.2944,0.5227,689,0.002067
games,4,none,ensemble,2,seed,0.9762,0.2389,0.5618,2875,0.008625
games,6,none,ensemble,2,seed,0.8558,0.2692,0.8098,6198,0.018594
games,8,none,ensemble,2,seed,0.7997,0.1589,0.6021,6571,0.019713
games,4,chain,team,2,seed,0.6487,0.2034,0.7094,3154,0.009462
games,4,star,team,2,seed,0.7866,0.1963,0.7621,2868,0.008604
games,4,full,team,2,seed,0.4825,0.1505,0.7773,3765,0.011295
games,4,hierarchy,team,2,seed,0.713,0.2393,0.735,2820,0.00846
games,6,chain,team,2,seed,0.4751,0.1457,0.861,4405,0.013215
games,6,star,team,2,seed,0.6054,0.1086,0.8312,4984,0.014952
games,6,full,team,2,seed,0.4759,0.1231,0.7619,5014,0.015042
games,6,hierarchy,team,2,seed,0.4961,0.1057,0.7107,4882,0.014646
games,8,chain,team,2,seed,0.6546,0.1597,0.7591,6582,0.019746
games,8,star,team,2,seed,0.5773,0.1321,0.7745,7108,0.021324
games,8,full,team,2,seed,0.4595,0.1648,0.8142,5616,0.016848
games,8,hierarchy,team,2,seed,0.3299,0.1994,0.8712,6285,0.018855
games,1,none,single_llm,2,paraphrase,1.2225,0.4977,0.4325,728,0.002184
games,4,none,ensemble,2,paraphrase,1.0572,0.2903,0.6097,3147,0.009441
games,6,none,ensemble,2,paraphrase,0.9387,0.3576,0.6554,5109,0.015327
games,8,none,ensemble,2,paraphrase,0.584,0.2659,0.6394,5619,0.016857
games,4,chain,team,2,paraphrase,0.7222,0.2666,0.7458,2775,0.008325
games,4,star,team,2,paraphrase,0.7631,0.2306,0.7136,3520,0.01056
games,4,full,team,2,paraphrase,0.7838,0.2835,0.7323,2977,0.008931
games,4,hierarchy,team,2,paraphrase,0.7576,0.2697,0.7288,2852,0.008556
games,6,chain,team,2,paraphrase,0.6606,0.2439,0.8405,5700,0.0171
games,6,star,team,2,paraphrase,0.5163,0.1932,0.6715,4516,0.013548
games,6,full,team,2,paraphrase,0.6032,0.233,0.7182,4486,0.013458
games,6,hierarchy,team,2,paraphrase,0.4069,0.2082,0.6815,4545,0.013635
games,8,chain,team,2,paraphrase,0.489,0.2096,0.6371,5461,0.016383
games,8,star,team,2,paraphrase,0.7396,0.1318,0.7002,7575,0.022725
games,8,full,team,2,paraphrase,0.7872,0.1165,0.7466,6618,0.019854
games,8,hierarchy,team,2,paraphrase,0.7195,0.1539,0.7327,6897,0.020691
games,1,none,single_llm,3,seed,1.2652,0.3274,0.5406,690,0.00207
games,4,none,ensemble,3,seed,0.8714,0.2367,0.6639,3022,0.009066
games,6,none,ensemble,3,seed,0.8748,0.2779,0.6993,4968,0.014904
games,8,none,ensemble,3,seed,0.7564,0.2083,0.6867,6602,0.019806
games,4,chain,team,3,seed,0.7203,0.3037,0.8187,3323,0.009969
games,4,star,team,3,seed,0.6037,0.1455,0.8296,3284,0.009852
games,4,full,team,3,seed,0.698,0.1002,0.8264,3345,0.010035
games,4,hierarchy,team,3,seed,0.589,0.1811,0.7732,3216,0.009648
games,6,chain,team,3,seed,0.5424,0.1706,0.742,4873,0.014619
games,6,star,team,3,seed,0.6687,0.0421,0.7728,4884,0.014652
games,6,full,team,3,seed,0.5212,0.1099,0.7068,4957,0.014871
games,6,hierarchy,team,3,seed,0.7143,0.0934,0.8178,4642,0.013926
games,8,chain,team,3,seed,0.4905,0.1112,0.7483,7232,0.021696
games,8,star,team,3,seed,0.5049,0.1926,0.8539,6681,0.020043
games,8,full,team,3,seed,0.5911,0.1209,0.8464,6210,0.01863
games,8,hierarchy,team,3,seed,0.4733,0.1054,0.8345,5645,0.016935
games,1,none,single_llm,3,paraphrase,1.3974,0.3986,0.592,860,0.00258
games,4,none,ensemble,3,paraphrase,1.1985,0.3465,0.5157,3178,0.009534
games,6,none,ensemble,3,paraphrase,0.7575,0.2614,0.7407,5106,0.015318
games,8,none,ensemble,3,paraphrase,0.7461,0.2176,0.692,5621,0.016863
games,4,chain,team,3,paraphrase,0.7429,0.2925,0.7578,3394,0.010182
games,4,star,team,3,paraphrase,0.5309,0.2622,0.7336,3332,0.009996
games,4,full,team,3,paraphrase,0.8916,0.1475,0.7104,3389,0.010167
games,4,hierarchy,team,3,paraphrase,0.6218,0.319,0.7384,3470,0.01041
games,6,chain,team,3,paraphrase,0.5945,0.2673,0.768,4911,0.014733
games,6,star,team,3,paraphrase,0.625,0.2156,0.7015,4729,0.014187
games,6,full,team,3,paraphrase,0.5563,0.2001,0.8046,4291,0.012873
games,6,hierarchy,team,3,paraphrase,0.6091,0.274,0.6974,4405,0.013215
games,8,chain,team,3,paraphrase,0.5969,0.2471,0.7256,7250,0.02175
games,8,star,team,3,paraphrase,0.6123,0.217,0.7827,7889,0.023667
games,8,full,team,3,paraphrase,0.4762,0.0832,0.8452,6107,0.018321
games,8,hierarchy,team,3,paraphrase,0.5575,0.2457,0.6649,5598,0.016794
games,1,none,single_llm,4,seed,0.9598,0.3024,0.5808,841,0.002523
games,4,none,ensemble,4,seed,0.9332,0.1794,0.5114,3217,0.009651
games,6,none,ensemble,4,seed,0.7616,0.2502,0.7321,4866,0.014598
games,8,none,ensemble,4,seed,0.8412,0.2198,0.7618,5949,0.017847
games,4,chain,team,4,seed,0.712,0.2279,0.781,3074,0.009222
games,4,star,team,4,seed,0.7321,0.1794,0.7641,3465,0.010395
games,4,full,team,4,seed,0.4507,0.1181,0.7059,2453,0.007359
games,4,hierarchy,team,4,seed,0.6322,0.23,0.7458,3263,0.009789
games,6,chain,team,4,seed,0.6805,0.2278,0.7512,5449,0.016347
games,6,star,team,4,seed,0.5308,0.1112,0.7549,4089,0.012267
games,6,full,team,4,seed,0.4028,0.1104,0.8348,5625,0.016875
games,6,hierarchy,team,4,seed,0.4034,0.1705,0.7226,5027,0.015081
games,8,chain,team,4,seed,0.4836,0.0801,0.8114,6012,0.018036
games,8,star,team,4,seed,0.3933,0.0805,0.7623,6673,0.020019
games,8,full,team,4,seed,0.3977,0.1165,0.8231,7245,0.021735
games,8,hierarchy,team,4,seed,0.4324,0.0743,0.8384,6187,0.018561
games,1,none,single_llm,4,paraphrase,1.4472,0.433,0.5008,827,0.002481
games,4,none,ensemble,4,paraphrase,1.2141,0.4138,0.6142,3251,0.009753
games,6,none,ensemble,4,paraphrase,1.0273,0.245,0.67,4787,0.014361
games,8,none,ensemble,4,paraphrase,0.8677,0.2267,0.5946,5073,0.015219
games,4,chain,team,4,paraphrase,0.6983,0.2617,0.6853,3819,0.011457
games,4,star,team,4,paraphrase,0.8706,0.2115,0.7474,3069,0.009207
games,4,full,team,4,paraphrase,0.7016,0.2374,0.771,3091,0.009273
games,4,hierarchy,team,4,paraphrase,0.8864,0.2143,0.7203,4031,0.012093
games,6,chain,team,4,paraphrase,0.6739,0.2921,0.7192,5078,0.015234
games,6,star,team,4,paraphrase,0.5959,0.1979,0.7056,5006,0.015018
games,6,full,team,4,paraphrase,0.4864,0.2114,0.8089,4975,0.014925
games,6,hierarchy,team,4,paraphrase,0.593,0.2329,0.7192,5249,0.015747
games,8,chain,team,4,paraphrase,0.3935,0.1999,0.6255,5443,0.016329
games,8,star,team,4,paraphrase,0.6631,0.2191,0.719,5438,0.016314
games,8,full,team,4,paraphrase,0.2002,0.1416,0.886,6678,0.020034
games,8,hierarchy,team,4,paraphrase,0.4907,0.2119,0.667,6209,0.018627
games,1,none,single_llm,5,seed,1.2149,0.3448,0.6054,827,0.002481
games,4,none,ensemble,5,seed,0.9802,0.2156,0.7039,3721,0.011163
games,6,none,ensemble,5,seed,0.7018,0.1829,0.7701,4708,0.014124
games,8,none,ensemble,5,seed,0.9185,0.1862,0.8173,6484,0.019452
games,4,chain,team,5,seed,0.7558,0.2826,0.7219,2898,0.008694
games,4,star,team,5,seed,0.6351,0.2081,0.6917,3403,0.010209
games,4,full,team,5,seed,0.5961,0.2159,0.6603,2948,0.008844
games,4,hierarchy,team,5,seed,0.5314,0.167,0.7724,3142,0.009426
games,6,chain,team,5,seed,0.5463,0.1684,0.7648,4315,0.012945
games,6,star,team,5,seed,0.5923,0.1712,0.8039,5067,0.015201
games,6,full,team,5,seed,0.5212,0.2061,0.7903,4652,0.013956
games,6,hierarchy,team,5,seed,0.4662,0.1135,0.7124,4373,0.013119
games,8,chain,team,5,seed,0.4896,0.1667,0.7676,5910,0.01773
games,8,star,team,5,seed,0.5367,0.1529,0.787,5982,0.017946
games,8,full,team,5,seed,0.4715,0.1109,0.7326,6356,0.019068
games,8,hierarchy,team,5,seed,0.4929,0.0973,0.7945,5468,0.016404
games,1,none,single_llm,5,paraphrase,1.4804,0.4849,0.4923,829,0.002487
games,4,none,ensemble,5,paraphrase,0.6908,0.2522,0.5924,2856,0.008568
games,6,none,ensemble,5,paraphrase,0.9839,0.3871,0.5794,4398,0.013194
games,8,none,ensemble,5,paraphrase,0.8583,0.3489,0.6167,6559,0.019677
games,4,chain,team,5,paraphrase,0.9921,0.2139,0.6359,3064,0.009192
games,4,star,team,5,paraphrase,0.7079,0.2825,0.7421,2632,0.007896
games,4,full,team,5,paraphrase,0.7815,0.2069,0.8037,2999,0.008997
games,4,hierarchy,team,5,paraphrase,0.7163,0.2816,0.7581,3343,0.010029
games,6,chain,team,5,paraphrase,0.483,0.2563,0.6629,4912,0.014736
games,6,star,team,5,paraphrase,0.4592,0.2226,0.7043,4184,0.012552
games,6,full,team,5,paraphrase,0.643,0.1944,0.7239,5496,0.016488
games,6,hierarchy,team,5,paraphrase,0.5775,0.216,0.7481,4502,0.013506
games,8,chain,team,5,paraphrase,0.6238,0.192,0.7044,7272,0.021816
games,8,star,team,5,paraphrase,0.4226,0.0868,0.8355,8031,0.024093
games,8,full,team,5,paraphrase,0.4561,0.0859,0.7495,6216,0.018648
games,8,hierarchy,team,5,paraphrase,0.5277,0.1488,0.774,6735,0.020205
games,1,none,single_llm,6,seed,0.9758,0.392,0.6937,813,0.002439
games,4,none,ensemble,6,seed,0.8595,0.2429,0.6869,2646,0.007938
games,6,none,ensemble,6,seed,0.8379,0.2077,0.8009,4716,0.014148
games,8,none,ensemble,6,seed,0.9501,0.1531,0.7652,6604,0.019812
games,4,chain,team,6,seed,0.6431,0.2271,0.8006,3096,0.009288
games,4,star,team,6,seed,0.5108,0.1893,0.7249,3090,0.00927
games,4,full,team,6,seed,0.6418,0.1018,0.6992,3354,0.010062
games,4,hierarchy,team,6,seed,0.6477,0.0974,0.7992,3287,0.009861
games,6,chain,team,6,seed,0.5002,0.1221,0.7964,4967,0.014901
games,6,star,team,6,seed,0.7599,0.1615,0.804,4719,0.014157
games,6,full,team,6,seed,0.5733,0.1497,0.8572,4549,0.013647
games,6,hierarchy,team,6,seed,0.4981,0.1356,0.8142,5519,0.016557
games,8,chain,team,6,seed,0.4508,0.1363,0.7807,6242,0.018726
games,8,star,team,6,seed,0.5419,0.0333,0.7537,5899,0.017697
games,8,full,team,6,seed,0.1846,0.0648,0.7592,6271,0.018813
games,8,hierarchy,team,6,seed,0.578,0.1235,0.7335,6363,0.019089
games,1,none,single_llm,6,paraphrase,1.4374,0.3514,0.4463,844,0.002532
games,4,none,ensemble,6,paraphrase,0.9534,0.3424,0.6092,3424,0.010272
games,6,none,ensemble,6,paraphrase,0.774,0.2867,0.6374,4216,0.012648
games,8,none,ensemble,6,paraphrase,0.6424,0.3026,0.6689,5745,0.017235
games,4,chain,team,6,paraphrase,0.8004,0.3251,0.586,2721,0.008163
games,4,star,team,6,paraphrase,0.6677,0.3084,0.7441,3445,0.010335
games,4,full,team,6,paraphrase,0.616,0.1852,0.7624,3218,0.009654
games,4,hierarchy,team,6,paraphrase,0.8349,0.2525,0.7339,3250,0.00975
games,6,chain,team,6,paraphrase,0.7294,0.267,0.6336,3721,0.011163
games,6,star,team,6,paraphrase,0.7018,0.2523,0.6936,3907,0.011721
games,6,full,team,6,paraphrase,0.5815,0.222,0.8445,5047,0.015141
games,6,hierarchy,team,6,paraphrase,0.5844,0.179,0.7352,4656,0.013968
games,8,chain,team,6,paraphrase,0.4752,0.2953,0.8143,7127,0.021381
games,8,star,team,6,paraphrase,0.4346,0.2175,0.787,6683,0.020049
games,8,full,team,6,paraphrase,0.6216,0.1887,0.802,6807,0.020421
games,8,hierarchy,team,6,paraphrase,0.5807,0.122,0.7492,6044,0.018132
games,1,none,single_llm,7,seed,1.008,0.4509,0.671,908,0.002724
games,4,none,ensemble,7,seed,0.9306,0.3175,0.6507,3264,0.009792
games,6,none,ensemble,7,seed,0.687,0.2471,0.6936,4174,0.012522
games,8,none,ensemble,7,seed,0.7439,0.2043,0.8379,6972,0.020916
games,4,chain,team,7,seed,0.7311,0.23,0.7422,3135,0.009405
games,4,star,team,7,seed,0.5718,0.184,0.7327,2799,0.008397
games,4,full,team,7,seed,0.7011,0.1857,0.6907,3160,0.00948
games,4,hierarchy,team,7,seed,0.7996,0.2424,0.8113,3212,0.009636
games,6,chain,team,7,seed,0.4871,0.1314,0.7719,4982,0.014946
games,6,star,team,7,seed,0.6503,0.1887,0.778,4202,0.012606
games,6,full,team,7,seed,0.4597,0.1334,0.7845,4522,0.013566
games,6,hierarchy,team,7,seed,0.5669,0.1346,0.7432,4949,0.014847
games,8,chain,team,7,seed,0.4565,0.1631,0.7787,5670,0.01701
games,8,star,team,7,seed,0.3985,0.1808,0.7369,5045,0.015135
games,8,full,team,7,seed,0.2305,0.1045,0.8065,6324,0.018972
games,8,hierarchy,team,7,seed,0.5881,0.0264,0.8048,7399,0.022197
games,1,none,single_llm,7,paraphrase,1.1108,0.3872,0.4573,728,0.002184
games,4,none,ensemble,7,paraphrase,0.9408,0.3814,0.7202,3092,0.009276
games,6,none,ensemble,7,paraphrase,1.1268,0.2891,0.7552,4755,0.014265
games,8,none,ensemble,7,paraphrase,0.8457,0.2866,0.8807,6944,0.020832
games,4,chain,team,7,paraphrase,0.7393,0.3188,0.6819,3043,0.009129
games,4,star,team,7,paraphrase,0.8509,0.2512,0.7439,3204,0.009612
games,4,full,team,7,paraphrase,0.7637,0.247,0.6432,3413,0.010239
games,4,hierarchy,team,7,paraphrase,0.6818,0.2023,0.7171,3226,0.009678
games,6,chain,team,7,paraphrase,0.5822,0.268,0.6475,4604,0.013812
games,6,star,team,7,paraphrase,0.5431,0.2029,0.7586,4316,0.012948
games,6,full,team,7,paraphrase,0.644,0.1873,0.66,3859,0.011577
games,6,hierarchy,team,7,paraphrase,0.6204,0.2059,0.7295,4786,0.014358
games,8,chain,team,7,paraphrase,0.5992,0.2512,0.6694,5649,0.016947
games,8,star,team,7,paraphrase,0.4173,0.1949,0.8172,6123,0.018369
games,8,full,team,7,paraphrase,0.2465,0.0952,0.7233,6043,0.018129
games,8,hierarchy,team,7,paraphrase,0.5058,0.1949,0.7294,7071,0.021213
games,1,none,single_llm,8,seed,1.0986,0.2983,0.5835,677,0.002031
games,4,none,ensemble,8,seed,0.9468,0.2551,0.6412,3708,0.011124
games,6,none,ensemble,8,seed,0.7435,0.3303,0.6765,4187,0.012561
games,8,none,ensemble,8,seed,0.7584,0.1545,0.6849,6654,0.019962
games,4,chain,team,8,seed,0.7856,0.1951,0.7894,3570,0.01071
games,4,star,team,8,seed,0.8236,0.2112,0.8382,2598,0.007794
games,4,full,team,8,seed,0.6182,0.1353,0.786,3017,0.009051
games,4,hierarchy,team,8,seed,0.6834,0.2753,0.7515,3332,0.009996
games,6,chain,team,8,seed,0.5484,0.1778,0.7549,5015,0.015045
games,6,star,team,8,seed,0.6381,0.2106,0.8001,5082,0.015246
games,6,full,team,8,seed,0.3765,0.1212,0.8416,5215,0.015645
games,6,hierarchy,team,8,seed,0.5628,0.1902,0.7992,5376,0.016128
games,8,chain,team,8,seed,0.5256,0.1391,0.7818,4524,0.013572
games,8,star,team,8,seed,0.485,0.0,0.7088,6689,0.020067
games,8,full,team,8,seed,0.4644,0.0568,0.7694,7277,0.021831
games,8,hierarchy,team,8,seed,0.4183,0.2231,0.7849,6661,0.019983
games,1,none,single_llm,8,paraphrase,1.5225,0.4179,0.4398,791,0.002373
games,4,none,ensemble,8,paraphrase,0.9757,0.2418,0.5947,2962,0.008886
games,6,none,ensemble,8,paraphrase,1.0091,0.289,0.633,4749,0.014247
games,8,none,ensemble,8,paraphrase,0.8568,0.2992,0.63,5733,0.017199
games,4,chain,team,8,paraphrase,0.9205,0.2635,0.6292,3342,0.010026
games,4,star,team,8,paraphrase,0.8063,0.1888,0.7415,3435,0.010305
games,4,full,team,8,paraphrase,0.7674,0.2553,0.6698,3305,0.009915
games,4,hierarchy,team,8,paraphrase,0.7497,0.2407,0.7635,3673,0.011019
games,6,chain,team,8,paraphrase,0.831,0.2873,0.7091,4969,0.014907
games,6,star,team,8,paraphrase,0.6783,0.2096,0.7512,5195,0.015585
games,6,full,team,8,paraphrase,0.5657,0.1556,0.7339,5104,0.015312
games,6,hierarchy,team,8,paraphrase,0.6219,0.2283,0.7681,4620,0.01386
games,8,chain,team,8,paraphrase,0.6523,0.2285,0.6633,7323,0.021969
games,8,star,team,8,paraphrase,0.4766,0.1171,0.7027,5746,0.017238
games,8,full,team,8,paraphrase,0.5019,0.1524,0.7482,6796,0.020388
games,8,hierarchy,team,8,paraphrase,0.5807,0.206,0.7655,6794,0.020382
games,1,none,single_llm,9,seed,0.8838,0.3281,0.3974,802,0.002406
games,4,none,ensemble,9,seed,0.8994,0.3023,0.7213,3264,0.009792
games,6,none,ensemble,9,seed,0.7581,0.2515,0.6583,4799,0.014397
games,8,none,ensemble,9,seed,0.8683,0.1804,0.7783,6833,0.020499
games,4,chain,team,9,seed,0.6345,0.259,0.7749,3232,0.009696
games,4,star,team,9,seed,0.6038,0.1556,0.7431,3373,0.010119
games,4,full,team,9,seed,0.5544,0.1875,0.7179,3134,0.009402
games,4,hierarchy,team,9,seed,0.711,0.2978,0.6911,3671,0.011013
games,6,chain,team,9,seed,0.5866,0.1912,0.7605,5013,0.015039
games,6,star,team,9,seed,0.5062,0.2029,0.7618,5343,0.016029
games,6,full,team,9,seed,0.4272,0.1223,0.741,5018,0.015054
games,6,hierarchy,team,9,seed,0.6861,0.1516,0.7648,4264,0.012792
games,8,chain,team,9,seed,0.4737,0.0896,0.7194,6545,0.019635
games,8,star,team,9,seed,0.5786,0.2357,0.7657,7318,0.021954
games,8,full,team,9,seed,0.441,0.0973,0.8266,6439,0.019317
games,8,hierarchy,team,9,seed,0.4777,0.117,0.7151,5412,0.016236
games,1,none,single_llm,9,paraphrase,1.378,0.3934,0.4683,800,0.0024
games,4,none,ensemble,9,paraphrase,1.0754,0.319,0.5706,3592,0.010776
games,6,none,ensemble,9,paraphrase,1.0877,0.312,0.7084,5396,0.016188
games,8,none,ensemble,9,paraphrase,0.9656,0.299,0.7259,6732,0.020196
games,4,chain,team,9,paraphrase,0.7003,0.308,0.6322,2945,0.008835
games,4,star,team,9,paraphrase,0.8904,0.2836,0.8044,3113,0.009339
games,4,full,team,9,paraphrase,0.6148,0.2204,0.7451,3225,0.009675
games,4,hierarchy,team,9,paraphrase,0.8934,0.2455,0.7376,2883,0.008649
games,6,chain,team,9,paraphrase,0.6966,0.2349,0.6771,4686,0.014058
games,6,star,team,9,paraphrase,0.5832,0.1939,0.8332,4752,0.014256
games,6,full,team,9,paraphrase,0.5472,0.1008,0.7099,4673,0.014019
games,6,hierarchy,team,9,paraphrase,0.553,0.27,0.7264,5418,0.016254
games,8,chain,team,9,paraphrase,0.5828,0.2148,0.7206,6402,0.019206
games,8,star,team,9,paraphrase,0.6985,0.0905,0.6549,6052,0.018156
games,8,full,team,9,paraphrase,0.4981,0.1909,0.7887,6154,0.018462
games,8,hierarchy,team,9,paraphrase,0.6486,0.2345,0.7542,7016,0.021048
games,1,none,single_llm,10,seed,1.2409,0.3163,0.5988,808,0.002424
games,4,none,ensemble,10,seed,0.9002,0.3236,0.5029,2746,0.008238
games,6,none,ensemble,10,seed,0.6757,0.2091,0.6747,4076,0.012228
games,8,none,ensemble,10,seed,0.6318,0.1653,0.8774,7553,0.022659
games,4,chain,team,10,seed,0.6888,0.2055,0.6825,2589,0.007767
games,4,star,team,10,seed,0.6683,0.1501,0.7658,2687,0.008061
games,4,full,team,10,seed,0.5738,0.1759,0.7983,3333,0.009999
games,4,hierarchy,team,10,seed,0.568,0.2342,0.72,3402,0.010206
games,6,chain,team,10,seed,0.5705,0.1197,0.7388,4975,0.014925
games,6,star,team,10,seed,0.5829,0.1391,0.8612,5283,0.015849
games,6,full,team,10,seed,0.4659,0.1547,0.8913,5741,0.017223
games,6,hierarchy,team,10,seed,0.4188,0.1177,0.8489,4292,0.012876
games,8,chain,team,10,seed,0.3644,0.1339,0.786,6334,0.019002
games,8,star,team,10,seed,0.3816,0.0964,0.7594,5837,0.017511
games,8,full,team,10,seed,0.6448,0.1152,0.8493,6086,0.018258
games,8,hierarchy,team,10,seed,0.4481,0.1048,0.6524,5518,0.016554
games,1,none,single_llm,10,paraphrase,1.0084,0.275,0.4263,905,0.002715
games,4,none,ensemble,10,paraphrase,0.9747,0.3745,0.6347,3450,0.01035
games,6,none,ensemble,10,paraphrase,0.7901,0.3135,0.6937,4523,0.013569
games,8,none,ensemble,10,paraphrase,0.8971,0.2966,0.657,5681,0.017043
games,4,chain,team,10,paraphrase,0.6916,0.2835,0.7164,2946,0.008838
games,4,star,team,10,paraphrase,0.7627,0.2728,0.7609,3696,0.011088
games,4,full,team,10,paraphrase,0.8577,0.1899,0.8242,3030,0.00909
games,4,hierarchy,team,10,paraphrase,0.8845,0.2627,0.6994,2621,0.007863
games,6,chain,team,10,paraphrase,0.6344,0.1724,0.763,5528,0.016584
games,6,star,team,10,paraphrase,0.5219,0.2168,0.7084,4498,0.013494
games,6,full,team,10,paraphrase,0.649,0.1832,0.8416,4568,0.013704
games,6,hierarchy,team,10,paraphrase,0.7215,0.2186,0.7744,4585,0.013755
games,8,chain,team,10,paraphrase,0.5717,0.2087,0.6832,6823,0.020469
games,8,star,team,10,paraphrase,0.5917,0.2071,0.8318,7327,0.021981
games,8,full,team,10,paraphrase,0.4592,0.1783,0.7338,6414,0.019242
games,8,hierarchy,team,10,paraphrase,0.4867,0.2581,0.7632,6260,0.01878
games,1,none,single_llm,11,seed,1.379,0.2198,0.409,863,0.002589
games,4,none,ensemble,11,seed,0.9073,0.2625,0.5704,3192,0.009576
games,6,none,ensemble,11,seed,1.0586,0.2685,0.7002,4589,0.013767
games,8,none,ensemble,11,seed,0.7027,0.1019,0.7455,6941,0.020823
games,4,chain,team,11,seed,0.5724,0.1935,0.6821,2891,0.008673
games,4,star,team,11,seed,0.6853,0.1066,0.8007,3441,0.010323
games,4,full,team,11,seed,0.6249,0.0708,0.7302,3594,0.010782
games,4,hierarchy,team,11,seed,0.4222,0.1861,0.701,3457,0.010371
games,6,chain,team,11,seed,0.5041,0.1909,0.7829,5681,0.017043
games,6,star,team,11,seed,0.5013,0.1598,0.7104,5371,0.016113
games,6,full,team,11,seed,0.4155,0.1023,0.7935,4049,0.012147
games,6,hierarchy,team,11,seed,0.5645,0.1934,0.7893,4037,0.012111
games,8,chain,team,11,seed,0.4843,0.183,0.6711,5712,0.017136
games,8,star,team,11,seed,0.5343,0.1341,0.8156,7590,0.02277
games,8,full,team,11,seed,0.4635,0.1296,0.9405,6263,0.018789
games,8,hierarchy,team,11,seed,0.3869,0.1504,0.8069,6062,0.018186
games,1,none,single_llm,11,paraphrase,1.1251,0.5486,0.5329,741,0.002223
games,4,none,ensemble,11,paraphrase,1.0899,0.3045,0.5948,3379,0.010137
games,6,none,ensemble,11,paraphrase,0.7432,0.3049,0.7648,5023,0.015069
games,8,none,ensemble,11,paraphrase,0.7849,0.243,0.6654,6237,0.018711
games,4,chain,team,11,paraphrase,0.7722,0.3167,0.6133,3475,0.010425
games,4,star,team,11,paraphrase,0.722,0.2651,0.6737,3625,0.010875
games,4,full,team,11,paraphrase,0.8546,0.2684,0.6643,3465,0.010395
games,4,hierarchy,team,11,paraphrase,0.8205,0.1958,0.7188,3316,0.009948
games,6,chain,team,11,paraphrase,0.7072,0.2418,0.7292,5507,0.016521
games,6,star,team,11,paraphrase,0.7242,0.0901,0.7288,4720,0.01416
games,6,full,team,11,paraphrase,0.3964,0.1885,0.8171,4278,0.012834
games,6,hierarchy,team,11,paraphrase,0.6552,0.1781,0.701,5509,0.016527
games,8,chain,team,11,paraphrase,0.5224,0.2318,0.6314,7591,0.022773
games,8,star,team,11,paraphrase,0.5869,0.176,0.7838,5497,0.016491
games,8,full,team,11,paraphrase,0.6149,0.1504,0.7548,6085,0.018255
games,8,hierarchy,team,11,paraphrase,0.4886,0.2211,0.7578,6817,0.020451
games,1,none,single_llm,12,seed,1.1987,0.3808,0.5207,978,0.002934
games,4,none,ensemble,12,seed,0.7118,0.313,0.7321,2927,0.008781
games,6,none,ensemble,12,seed,1.0857,0.277,0.7483,4813,0.014439
games,8,none,ensemble,12,seed,0.7239,0.1979,0.7534,7296,0.021888
games,4,chain,team,12,seed,0.7481,0.1835,0.7812,3494,0.010482
games,4,star,team,12,seed,0.7455,0.2198,0.7565,2902,0.008706
games,4,full,team,12,seed,0.5632,0.1046,0.7918,3173,0.009519
games,4,hierarchy,team,12,seed,0.656,0.0818,0.6976,3558,0.010674
games,6,chain,team,12,seed,0.5051,0.1892,0.6851,5490,0.01647
games,6,star,team,12,seed,0.5072,0.1563,0.9009,5527,0.016581
games,6,full,team,12,seed,0.4609,0.101,0.7783,5044,0.015132
games,6,hierarchy,team,12,seed,0.5311,0.1389,0.848,4745,0.014235
games,8,chain,team,12,seed,0.7266,0.157,0.8543,6628,0.019884
games,8,star,team,12,seed,0.543,0.0943,0.7523,6694,0.020082
games,8,full,team,12,seed,0.5155,0.1049,0.7407,5529,0.016587
games,8,hierarchy,team,12,seed,0.324,0.0626,0.7905,7120,0.02136
games,1,none,single_llm,12,paraphrase,1.278,0.2744,0.4966,786,0.002358
games,4,none,ensemble,12,paraphrase,1.2315,0.2371,0.5866,3745,0.011235
games,6,none,ensemble,12,paraphrase,0.9522,0.3154,0.6569,4958,0.014874
games,8,none,ensemble,12,paraphrase,0.9233,0.2279,0.7427,5521,0.016563
games,4,chain,team,12,paraphrase,0.8428,0.2871,0.6692,3192,0.009576
games,4,star,team,12,paraphrase,0.6977,0.2071,0.7123,2846,0.008538
games,4,full,team,12,paraphrase,0.7623,0.184,0.7756,2821,0.008463
games,4,hierarchy,team,12,paraphrase,0.7234,0.235,0.7863,3305,0.009915
games,6,chain,team,12,paraphrase,0.6304,0.2547,0.6093,4779,0.014337
games,6,star,team,12,paraphrase,0.8013,0.21,0.748,5063,0.015189
games,6,full,team,12,paraphrase,0.6612,0.1048,0.6705,4900,0.0147
games,6,hierarchy,team,12,paraphrase,0.5501,0.2672,0.7189,3871,0.011613
games,8,chain,team,12,paraphrase,0.4499,0.1033,0.7133,6279,0.018837
games,8,star,team,12,paraphrase,0.4842,0.2265,0.8149,6290,0.01887
games,8,full,team,12,paraphrase,0.2832,0.188,0.7928,6598,0.019794
games,8,hierarchy,team,12,paraphrase,0.6448,0.1467,0.8454,5785,0.017355
games,1,none,single_llm,13,seed,1.3124,0.2488,0.4849,921,0.002763
games,4,none,ensemble,13,seed,0.8687,0.292,0.6642,3166,0.009498
games,6,none,ensemble,13,seed,0.9818,0.2154,0.5832,4414,0.013242
games,8,none,ensemble,13,seed,0.8161,0.2281,0.636,5936,0.017808
games,4,chain,team,13,seed,0.6718,0.2054,0.6712,2998,0.008994
games,4,star,team,13,seed,0.6071,0.2209,0.8105,3153,0.009459
games,4,full,team,13,seed,0.6108,0.1756,0.7392,2833,0.008499
games,4,hierarchy,team,13,seed,0.606,0.1746,0.7018,3251,0.009753
games,6,chain,team,13,seed,0.6446,0.1113,0.7559,4694,0.014082
games,6,star,team,13,seed,0.5557,0.1442,0.7119,4194,0.012582
games,6,full,team,13,seed,0.4945,0.1659,0.6839,4965,0.014895
games,6,hierarchy,team,13,seed,0.6606,0.1486,0.8021,4462,0.013386
games,8,chain,team,13,seed,0.4847,0.0885,0.6478,7003,0.021009
games,8,star,team,13,seed,0.3482,0.1051,0.7257,5497,0.016491
games,8,full,team,13,seed,0.3993,0.0742,0.8239,6689,0.020067
games,8,hierarchy,team,13,seed,0.4988,0.1429,0.8639,5716,0.017148
games,1,none,single_llm,13,paraphrase,1.2718,0.478,0.5985,686,0.002058
games,4,none,ensemble,13,paraphrase,0.9425,0.3779,0.6405,3262,0.009786
games,6,none,ensemble,13,paraphrase,0.8721,0.2681,0.6673,4678,0.014034
games,8,none,ensemble,13,paraphrase,0.8249,0.2723,0.6493,6740,0.02022
games,4,chain,team,13,paraphrase,1.1014,0.2089,0.7162,2956,0.008868
games,4,star,team,13,paraphrase,0.8177,0.2519,0.7681,3576,0.010728
games,4,full,team,13,paraphrase,0.7492,0.2753,0.6228,3708,0.011124
games,4,hierarchy,team,13,paraphrase,0.8175,0.3031,0.659,2934,0.008802
games,6,chain,team,13,paraphrase,0.6662,0.2341,0.7288,5320,0.01596
games,6,star,team,13,paraphrase,0.4251,0.2437,0.745,4702,0.014106
games,6,full,team,13,paraphrase,0.4245,0.2049,0.6339,5111,0.015333
games,6,hierarchy,team,13,paraphrase,0.4724,0.2169,0.7287,5361,0.016083
games,8,chain,team,13,paraphrase,0.5588,0.1856,0.6997,7214,0.021642
games,8,star,team,13,paraphrase,0.5803,0.1679,0.7432,5397,0.016191
games,8,full,team,13,paraphrase,0.5355,0.0929,0.8026,6482,0.019446
games,8,hierarchy,team,13,paraphrase,0.7854,0.1493,0.7399,7550,0.02265
games,1,none,single_llm,14,seed,1.3787,0.3082,0.5657,800,0.0024
games,4,none,ensemble,14,seed,0.9338,0.2151,0.6446,2688,0.008064
games,6,none,ensemble,14,seed,0.8344,0.2498,0.6764,4024,0.012072
games,8,none,ensemble,14,seed,0.8686,0.2266,0.6864,6220,0.01866
games,4,chain,team,14,seed,0.5799,0.179,0.7131,3593,0.010779
games,4,star,team,14,seed,0.616,0.2156,0.7431,3279,0.009837
games,4,full,team,14,seed,0.6359,0.2049,0.7533,2696,0.008088
games,4,hierarchy,team,14,seed,0.5618,0.1787,0.6975,3331,0.009993
games,6,chain,team,14,seed,0.525,0.2697,0.6677,4897,0.014691
games,6,star,team,14,seed,0.4088,0.125,0.7917,3683,0.011049
games,6,full,team,14,seed,0.5153,0.2009,0.772,4924,0.014772
games,6,hierarchy,team,14,seed,0.6441,0.1482,0.7456,3707,0.011121
games,8,chain,team,14,seed,0.5608,0.1488,0.7144,6481,0.019443
games,8,star,team,14,seed,0.3883,0.1022,0.8253,5543,0.016629
games,8,full,team,14,seed,0.5214,0.0474,0.7719,7630,0.02289
games,8,hierarchy,team,14,seed,0.5794,0.1372,0.738,6061,0.018183
games,1,none,single_llm,14,paraphrase,1.291,0.4123,0.5036,797,0.002391
games,4,none,ensemble,14,paraphrase,0.9543,0.2379,0.579,3492,0.010476
games,6,none,ensemble,14,paraphrase,0.734,0.2778,0.6008,4853,0.014559
games,8,none,ensemble,14,paraphrase,0.7834,0.3422,0.7204,5560,0.01668
games,4,chain,team,14,paraphrase,0.8771,0.249,0.6712,3300,0.0099
games,4,star,team,14,paraphrase,0.7108,0.2857,0.6913,3001,0.009003
games,4,full,team,14,paraphrase,0.6644,0.2074,0.795,3401,0.010203
games,4,hierarchy,team,14,paraphrase,0.951,0.3507,0.6685,3222,0.009666
games,6,chain,team,14,paraphrase,0.534,0.2036,0.6831,4292,0.012876
games,6,star,team,14,paraphrase,0.4964,0.199,0.6838,5204,0.015612
games,6,full,team,14,paraphrase,0.4798,0.2971,0.7321,4834,0.014502
games,6,hierarchy,team,14,paraphrase,0.4921,0.283,0.7906,4942,0.014826
games,8,chain,team,14,paraphrase,0.442,0.2218,0.6689,7335,0.022005
games,8,star,team,14,paraphrase,0.6076,0.1872,0.6332,5770,0.01731
games,8,full,team,14,paraphrase,0.5654,0.2118,0.8205,5381,0.016143
games,8,hierarchy,team,14,paraphrase,0.5768,0.234,0.6621,6394,0.019182
games,1,none,single_llm,15,seed,1.2411,0.332,0.4203,773,0.002319
games,4,none,ensemble,15,seed,0.8607,0.2426,0.6162,3058,0.009174
games,6,none,ensemble,15,seed,0.8134,0.2494,0.6717,4603,0.013809
games,8,none,ensemble,15,seed,0.7611,0.1123,0.7586,6399,0.019197
games,4,chain,team,15,seed,0.734,0.2584,0.6424,2568,0.007704
games,4,star,team,15,seed,0.7074,0.1897,0.7785,3052,0.009156
games,4,full,team,15,seed,0.7164,0.2073,0.8042,3116,0.009348
games,4,hierarchy,team,15,seed,0.4892,0.2308,0.8211,3406,0.010218
games,6,chain,team,15,seed,0.4836,0.2017,0.7977,5548,0.016644
games,6,star,team,15,seed,0.434,0.1357,0.822,4827,0.014481
games,6,full,team,15,seed,0.3799,0.1413,0.8236,4842,0.014526
games,6,hierarchy,team,15,seed,0.5636,0.1444,0.8485,4367,0.013101
games,8,chain,team,15,seed,0.4379,0.1538,0.8089,5441,0.016323
games,8,star,team,15,seed,0.3156,0.0418,0.7966,5684,0.017052
games,8,full,team,15,seed,0.3782,0.1298,0.7729,6548,0.019644
games,8,hierarchy,team,15,seed,0.4367,0.1602,0.8088,5957,0.017871
games,1,none,single_llm,15,paraphrase,1.2547,0.4726,0.5375,688,0.002064
games,4,none,ensemble,15,paraphrase,1.0587,0.2558,0.6948,3527,0.010581
games,6,none,ensemble,15,paraphrase,0.933,0.2951,0.6375,5125,0.015375
games,8,none,ensemble,15,paraphrase,0.7855,0.2801,0.7423,6040,0.01812
games,4,chain,team,15,paraphrase,0.7484,0.2322,0.6468,2614,0.007842
games,4,star,team,15,paraphrase,0.833,0.3224,0.8013,2679,0.008037
games,4,full,team,15,paraphrase,0.8025,0.2869,0.7172,3232,0.009696
games,4,hierarchy,team,15,paraphrase,0.5792,0.2707,0.6668,3263,0.009789
games,6,chain,team,15,paraphrase,0.4955,0.2565,0.7658,4424,0.013272
games,6,star,team,15,paraphrase,0.4879,0.1185,0.7313,4520,0.01356
games,6,full,team,15,paraphrase,0.4165,0.2029,0.7321,4283,0.012849
games,6,hierarchy,team,15,paraphrase,0.5661,0.2576,0.7648,4737,0.014211
games,8,chain,team,15,paraphrase,0.6386,0.1669,0.7266,6494,0.019482
games,8,star,team,15,paraphrase,0.4797,0.2008,0.716,6726,0.020178
games,8,full,team,15,paraphrase,0.5519,0.0466,0.8245,4449,0.013347
games,8,hierarchy,team,15,paraphrase,0.4851,0.2343,0.7291,5461,0.016383
games,1,none,single_llm,16,seed,1.0359,0.4116,0.4155,890,0.00267
games,4,none,ensemble,16,seed,0.8934,0.1904,0.615,2874,0.008622
games,6,none,ensemble,16,seed,0.9221,0.2639,0.5869,4606,0.013818
games,8,none,ensemble,16,seed,0.6464,0.273,0.649,7426,0.022278
games,4,chain,team,16,seed,0.7267,0.1735,0.7061,2943,0.008829
games,4,star,team,16,seed,0.5525,0.1938,0.7086,2502,0.007506
games,4,full,team,16,seed,0.612,0.0979,0.7424,2909,0.008727
games,4,hierarchy,team,16,seed,0.6129,0.28,0.7628,3278,0.009834
games,6,chain,team,16,seed,0.394,0.1486,0.7654,4308,0.012924
games,6,star,team,16,seed,0.6124,0.0966,0.7703,4518,0.013554
games,6,full,team,16,seed,0.508,0.0991,0.7811,4686,0.014058
games,6,hierarchy,team,16,seed,0.4682,0.1741,0.7865,4757,0.014271
games,8,chain,team,16,seed,0.4536,0.1852,0.7532,6203,0.018609
games,8,star,team,16,seed,0.4571,0.1912,0.728,6892,0.020676
games,8,full,team,16,seed,0.2273,0.112,0.8838,6712,0.020136
games,8,hierarchy,team,16,seed,0.4837,0.1109,0.7866,6238,0.018714
games,1,none,single_llm,16,paraphrase,1.1621,0.3926,0.5239,738,0.002214
games,4,none,ensemble,16,paraphrase,0.8832,0.242,0.6334,3374,0.010122
games,6,none,ensemble,16,paraphrase,0.926,0.3355,0.6553,4988,0.014964
games,8,none,ensemble,16,paraphrase,0.8665,0.2638,0.6582,7817,0.023451
games,4,chain,team,16,paraphrase,0.7648,0.2534,0.7217,3280,0.00984
games,4,star,team,16,paraphrase,0.6195,0.2949,0.7253,2844,0.008532
games,4,full,team,16,paraphrase,0.8489,0.255,0.6768,3768,0.011304
games,4,hierarchy,team,16,paraphrase,0.8459,0.2596,0.7995,3250,0.00975
games,6,chain,team,16,paraphrase,0.6488,0.2083,0.7437,5028,0.015084
games,6,star,team,16,paraphrase,0.6031,0.1731,0.7511,4766,0.014298
games,6,full,team,16,paraphrase,0.4382,0.1259,0.7829,3551,0.010653
games,6,hierarchy,team,16,paraphrase,0.6421,0.1956,0.8,4563,0.013689
games,8,chain,team,16,paraphrase,0.6426,0.1975,0.7307,6871,0.020613
games,8,star,team,16,paraphrase,0.4804,0.2232,0.7053,6588,0.019764
games,8,full,team,16,paraphrase,0.5889,0.1897,0.8608,5911,0.017733
games,8,hierarchy,team,16,paraphrase,0.4088,0.1536,0.778,6718,0.020154
games,1,none,single_llm,17,seed,1.2153,0.2826,0.6037,702,0.002106
games,4,none,ensemble,17,seed,1.0391,0.3929,0.672,3386,0.010158
games,6,none,ensemble,17,seed,0.759,0.1368,0.6538,4275,0.012825
games,8,none,ensemble,17,seed,0.5764,0.2945,0.7464,6643,0.019929
games,4,chain,team,17,seed,0.6991,0.2131,0.7882,3189,0.009567
games,4,star,team,17,seed,0.7331,0.1822,0.7529,2749,0.008247
games,4,full,team,17,seed,0.4522,0.1595,0.7828,2788,0.008364
games,4,hierarchy,team,17,seed,0.6966,0.2022,0.6522,2907,0.008721
games,6,chain,team,17,seed,0.6123,0.1902,0.6969,4876,0.014628
games,6,star,team,17,seed,0.6238,0.1758,0.7799,4575,0.013725
games,6,full,team,17,seed,0.4287,0.1435,0.8044,5102,0.015306
games,6,hierarchy,team,17,seed,0.5548,0.1875,0.7794,5176,0.015528
games,8,chain,team,17,seed,0.5837,0.1212,0.6746,7387,0.022161
games,8,star,team,17,seed,0.4723,0.0548,0.7593,6893,0.020679
games,8,full,team,17,seed,0.3887,0.0829,0.875,5729,0.017187
games,8,hierarchy,team,17,seed,0.3869,0.1418,0.8045,6717,0.020151
games,1,none,single_llm,17,paraphrase,1.4167,0.4219,0.5443,779,0.002337
games,4,none,ensemble,17,paraphrase,0.9875,0.3154,0.6229,3447,0.010341
games,6,none,ensemble,17,paraphrase,0.9648,0.2895,0.6015,4832,0.014496
games,8,none,ensemble,17,paraphrase,0.8266,0.278,0.8224,6064,0.018192
games,4,chain,team,17,paraphrase,0.8522,0.3227,0.7049,3948,0.011844
games,4,star,team,17,paraphrase,0.7222,0.263,0.6901,3087,0.009261
games,4,full,team,17,paraphrase,0.7549,0.2639,0.756,3602,0.010806
games,4,hierarchy,team,17,paraphrase,0.7705,0.2467,0.8552,3326,0.009978
games,6,chain,team,17,paraphrase,0.5796,0.207,0.6675,5249,0.015747
games,6,star,team,17,paraphrase,0.5652,0.2098,0.7414,5151,0.015453
games,6,full,team,17,paraphrase,0.4869,0.1417,0.7658,5088,0.015264
games,6,hierarchy,team,17,paraphrase,0.6548,0.1824,0.7685,4442,0.013326
games,8,chain,team,17,paraphrase,0.5245,0.1756,0.7901,6805,0.020415
games,8,star,team,17,paraphrase,0.5872,0.2332,0.8956,5306,0.015918
games,8,full,team,17,paraphrase,0.4228,0.1387,0.7225,5710,0.01713
games,8,hierarchy,team,17,paraphrase,0.5167,0.1447,0.7618,6433,0.019299
games,1,none,single_llm,18,seed,1.2722,0.3805,0.5922,770,0.00231
games,4,none,ensemble,18,seed,1.1545,0.2617,0.5383,2879,0.008637
games,6,none,ensemble,18,seed,0.6093,0.2281,0.6827,4575,0.013725
games,8,none,ensemble,18,seed,0.9913,0.2358,0.7736,5804,0.017412
games,4,chain,team,18,seed,0.6301,0.2215,0.7487,2605,0.007815
games,4,star,team,18,seed,0.662,0.1906,0.7592,2939,0.008817
games,4,full,team,18,seed,0.596,0.1629,0.7845,3393,0.010179
games,4,hierarchy,team,18,seed,0.8081,0.1882,0.7372,3340,0.01002
games,6,chain,team,18,seed,0.6327,0.1574,0.7941,5270,0.01581
games,6,star,team,18,seed,0.6508,0.2159,0.7413,4806,0.014418
games,6,full,team,18,seed,0.4927,0.1208,0.7622,4086,0.012258
games,6,hierarchy,team,18,seed,0.5509,0.124,0.7789,4418,0.013254
games,8,chain,team,18,seed,0.3867,0.1627,0.7725,6770,0.02031
games,8,star,team,18,seed,0.6653,0.1344,0.8193,5710,0.01713
games,8,full,team,18,seed,0.288,0.1666,0.7588,5731,0.017193
games,8,hierarchy,team,18,seed,0.4628,0.1297,0.7399,6204,0.018612
games,1,none,single_llm,18,paraphrase,1.4644,0.3616,0.4124,875,0.002625
games,4,none,ensemble,18,paraphrase,1.0391,0.279,0.5151,2961,0.008883
games,6,none,ensemble,18,paraphrase,0.8916,0.3456,0.5878,4759,0.014277
games,8,none,ensemble,18,paraphrase,0.911,0.1493,0.752,5643,0.016929
games,4,chain,team,18,paraphrase,0.8432,0.2899,0.7542,3376,0.010128
games,4,star,team,18,paraphrase,0.5223,0.2186,0.7369,3137,0.009411
games,4,full,team,18,paraphrase,0.7778,0.2616,0.7704,3131,0.009393
games,4,hierarchy,team,18,paraphrase,0.5954,0.2418,0.7408,2851,0.008553
games,6,chain,team,18,paraphrase,0.7147,0.2711,0.721,3329,0.009987
games,6,star,team,18,paraphrase,0.4738,0.2802,0.7173,3847,0.011541
games,6,full,team,18,paraphrase,0.6951,0.1853,0.8099,4932,0.014796
games,6,hierarchy,team,18,paraphrase,0.6674,0.2293,0.7695,5893,0.017679
games,8,chain,team,18,paraphrase,0.6738,0.1501,0.7473,7130,0.02139
games,8,star,team,18,paraphrase,0.6469,0.1663,0.8132,6993,0.020979
games,8,full,team,18,paraphrase,0.7539,0.1333,0.7396,6204,0.018612
games,8,hierarchy,team,18,paraphrase,0.4976,0.1577,0.6069,6121,0.018363
games,1,none,single_llm,19,seed,1.2554,0.3204,0.6855,801,0.002403
games,4,none,ensemble,19,seed,1.0549,0.2631,0.6996,3289,0.009867
games,6,none,ensemble,19,seed,0.9824,0.2301,0.7198,4975,0.014925
games,8,none,ensemble,19,seed,0.7154,0.2286,0.8641,6226,0.018678
games,4,chain,team,19,seed,0.7719,0.2703,0.797,3203,0.009609
games,4,star,team,19,seed,0.4417,0.2107,0.659,3670,0.01101
games,4,full,team,19,seed,0.6669,0.21,0.7349,2703,0.008109
games,4,hierarchy,team,19,seed,0.7261,0.1987,0.7354,3227,0.009681
games,6,chain,team,19,seed,0.8483,0.2081,0.8071,5205,0.015615
games,6,star,team,19,seed,0.6695,0.1371,0.6819,4709,0.014127
games,6,full,team,19,seed,0.5728,0.0859,0.7858,4467,0.013401
games,6,hierarchy,team,19,seed,0.6918,0.1847,0.8072,5098,0.015294
games,8,chain,team,19,seed,0.4929,0.1612,0.7057,5000,0.015
games,8,star,team,19,seed,0.4617,0.1363,0.8555,7405,0.022215
games,8,full,team,19,seed,0.5737,0.0634,0.7874,6707,0.020121
games,8,hierarchy,team,19,seed,0.7199,0.1925,0.841,6151,0.018453
games,1,none,single_llm,19,paraphrase,1.1475,0.4573,0.433,780,0.00234
games,4,none,ensemble,19,paraphrase,0.9662,0.3896,0.5887,2419,0.007257
games,6,none,ensemble,19,paraphrase,0.9587,0.2523,0.6526,4758,0.014274
games,8,none,ensemble,19,paraphrase,0.7972,0.3079,0.598,6069,0.018207
games,4,chain,team,19,paraphrase,0.8784,0.2554,0.6196,3413,0.010239
games,4,star,team,19,paraphrase,0.8723,0.2482,0.632,3425,0.010275
games,4,full,team,19,paraphrase,0.564,0.2424,0.6956,2828,0.008484
games,4,hierarchy,team,19,paraphrase,0.7358,0.2527,0.6878,3388,0.010164
games,6,chain,team,19,paraphrase,0.607,0.2739,0.7287,4465,0.013395
games,6,star,team,19,paraphrase,0.515,0.1388,0.7592,4629,0.013887
games,6,full,team,19,paraphrase,0.3344,0.1633,0.7096,5556,0.016668
games,6,hierarchy,team,19,paraphrase,0.4513,0.1571,0.7901,5451,0.016353
games,8,chain,team,19,paraphrase,0.5022,0.188,0.7558,4910,0.01473
games,8,star,team,19,paraphrase,0.3405,0.1721,0.8325,6121,0.018363
games,8,full,team,19,paraphrase,0.5068,0.2087,0.8703,6030,0.01809
games,8,hierarchy,team,19,paraphrase,0.545,0.2662,0.6689,7057,0.021171
games,1,none,single_llm,20,seed,1.0473,0.3561,0.533,723,0.002169
games,4,none,ensemble,20,seed,0.782,0.2638,0.7097,3158,0.009474
games,6,none,ensemble,20,seed,0.8266,0.2558,0.6317,5155,0.015465
games,8,none,ensemble,20,seed,0.8483,0.3385,0.7074,6106,0.018318
games,4,chain,team,20,seed,0.8069,0.2528,0.7132,3070,0.00921
games,4,star,team,20,seed,0.7341,0.1569,0.7495,3228,0.009684
games,4,full,team,20,seed,0.7496,0.1458,0.6879,2586,0.007758
games,4,hierarchy,team,20,seed,0.5741,0.1475,0.7523,2819,0.008457
games,6,chain,team,20,seed,0.5013,0.1438,0.7326,5434,0.016302
games,6,star,team,20,seed,0.5878,0.1454,0.7616,4592,0.013776
games,6,full,team,20,seed,0.5244,0.1481,0.7492,4817,0.014451
games,6,hierarchy,team,20,seed,0.3384,0.1632,0.8127,4665,0.013995
games,8,chain,team,20,seed,0.6783,0.1181,0.7759,6377,0.019131
games,8,star,team,20,seed,0.4366,0.1188,0.8004,6942,0.020826
games,8,full,team,20,seed,0.5544,0.1032,0.8458,5950,0.01785
games,8,hierarchy,team,20,seed,0.5433,0.1029,0.8395,7814,0.023442
games,1,none,single_llm,20,paraphrase,1.2617,0.2784,0.4716,898,0.002694
games,4,none,ensemble,20,paraphrase,1.0464,0.3224,0.6705,3355,0.010065
games,6,none,ensemble,20,paraphrase,1.0443,0.3332,0.7413,4972,0.014916
games,8,none,ensemble,20,paraphrase,0.9386,0.253,0.6539,7492,0.022476
games,4,chain,team,20,paraphrase,0.8316,0.3122,0.7062,3012,0.009036
games,4,star,team,20,paraphrase,0.7611,0.3074,0.7578,2652,0.007956
games,4,full,team,20,paraphrase,0.7085,0.3013,0.7293,2623,0.007869
games,4,hierarchy,team,20,paraphrase,0.9693,0.2873,0.7165,3081,0.009243
games,6,chain,team,20,paraphrase,0.7598,0.2131,0.772,5060,0.01518
games,6,star,team,20,paraphrase,0.6261,0.2106,0.7359,5301,0.015903
games,6,full,team,20,paraphrase,0.4851,0.1199,0.7853,5102,0.015306
games,6,hierarchy,team,20,paraphrase,0.6696,0.2311,0.7186,5177,0.015531
games,8,chain,team,20,paraphrase,0.5721,0.1938,0.7094,7693,0.023079
games,8,star,team,20,paraphrase,0.3532,0.2033,0.671,6330,0.01899
games,8,full,team,20,paraphrase,0.4533,0.0799,0.7845,6156,0.018468
games,8,hierarchy,team,20,paraphrase,0.3367,0.2269,0.8168,7353,0.022059
games,1,none,single_llm,21,seed,1.2538,0.3528,0.643,934,0.002802
games,4,none,ensemble,21,seed,1.036,0.2029,0.6621,3340,0.01002
games,6,none,ensemble,21,seed,0.601,0.2507,0.8264,5107,0.015321
games,8,none,ensemble,21,seed,0.9268,0.2175,0.7256,6644,0.019932
games,4,chain,team,21,seed,0.6484,0.1814,0.8033,3639,0.010917
games,4,star,team,21,seed,0.5809,0.2287,0.7657,3308,0.009924
games,4,full,team,21,seed,0.696,0.2098,0.7841,3651,0.010953
games,4,hierarchy,team,21,seed,0.7309,0.225,0.7183,3890,0.01167
games,6,chain,team,21,seed,0.6186,0.2033,0.6742,4405,0.013215
games,6,star,team,21,seed,0.6454,0.1562,0.6889,5298,0.015894
games,6,full,team,21,seed,0.4372,0.1812,0.7902,4898,0.014694
games,6,hierarchy,team,21,seed,0.6595,0.1188,0.725,4705,0.014115
games,8,chain,team,21,seed,0.5794,0.1001,0.6816,6927,0.020781
games,8,star,team,21,seed,0.3864,0.1076,0.7022,5965,0.017895
games,8,full,team,21,seed,0.4159,0.1405,0.7664,7460,0.02238
games,8,hierarchy,team,21,seed,0.3982,0.106,0.8619,6535,0.019605
games,1,none,single_llm,21,paraphrase,1.1972,0.4007,0.6047,917,0.002751
games,4,none,ensemble,21,paraphrase,0.882,0.3079,0.6154,2884,0.008652
games,6,none,ensemble,21,paraphrase,0.8915,0.2875,0.7184,5379,0.016137
games,8,none,ensemble,21,paraphrase,0.7905,0.2576,0.7299,6025,0.018075
games,4,chain,team,21,paraphrase,0.8689,0.2765,0.6515,2893,0.008679
games,4,star,team,21,paraphrase,0.9047,0.2437,0.812,3035,0.009105
games,4,full,team,21,paraphrase,0.7591,0.3257,0.6871,2592,0.007776
games,4,hierarchy,team,21,paraphrase,0.9087,0.2269,0.719,3012,0.009036
games,6,chain,team,21,paraphrase,0.6784,0.1967,0.7056,5015,0.015045
games,6,star,team,21,paraphrase,0.5008,0.1767,0.7273,4114,0.012342
games,6,full,team,21,paraphrase,0.5293,0.1895,0.7346,4669,0.014007
games,6,hierarchy,team,21,paraphrase,0.6196,0.1885,0.7692,5489,0.016467
games,8,chain,team,21,paraphrase,0.5302,0.2327,0.713,6633,0.019899
games,8,star,team,21,paraphrase,0.6832,0.2037,0.6663,6690,0.02007
games,8,full,team,21,paraphrase,0.62,0.1545,0.8148,5958,0.017874
games,8,hierarchy,team,21,paraphrase,0.3981,0.199,0.6572,6246,0.018738
games,1,none,single_llm,22,seed,1.393,0.2354,0.4604,717,0.002151
games,4,none,ensemble,22,seed,0.8924,0.2317,0.7339,3505,0.010515
games,6,none,ensemble,22,seed,0.8776,0.2346,0.7136,4386,0.013158
games,8,none,ensemble,22,seed,0.8529,0.1527,0.7801,7159,0.021477
games,4,chain,team,22,seed,0.7511,0.213,0.76,2284,0.006852
games,4,star,team,22,seed,0.7102,0.1855,0.7675,3426,0.010278
games,4,full,team,22,seed,0.6425,0.1244,0.7729,3221,0.009663
games,4,hierarchy,team,22,seed,0.7115,0.2065,0.812,2852,0.008556
games,6,chain,team,22,seed,0.5892,0.2263,0.6679,4886,0.014658
games,6,star,team,22,seed,0.4631,0.1299,0.7394,4718,0.014154
games,6,full,team,22,seed,0.6757,0.0742,0.7361,4175,0.012525
games,6,hierarchy,team,22,seed,0.7143,0.1362,0.7733,4606,0.013818
games,8,chain,team,22,seed,0.4022,0.1439,0.8879,7290,0.02187
games,8,star,team,22,seed,0.3614,0.1492,0.7534,5263,0.015789
games,8,full,team,22,seed,0.5186,0.1497,0.8573,6099,0.018297
games,8,hierarchy,team,22,seed,0.45,0.1633,0.8046,6148,0.018444
games,1,none,single_llm,22,paraphrase,1.0371,0.4168,0.5855,704,0.002112
games,4,none,ensemble,22,paraphrase,1.0567,0.3266,0.655,3479,0.010437
games,6,none,ensemble,22,paraphrase,0.8148,0.2064,0.618,5226,0.015678
games,8,none,ensemble,22,paraphrase,0.765,0.2336,0.5807,7521,0.022563
games,4,chain,team,22,paraphrase,0.8926,0.3108,0.7484,3384,0.010152
games,4,star,team,22,paraphrase,0.7356,0.2434,0.7086,4043,0.012129
games,4,full,team,22,paraphrase,0.7856,0.2114,0.7633,2876,0.008628
games,4,hierarchy,team,22,paraphrase,0.9305,0.2336,0.7451,3541,0.010623
games,6,chain,team,22,paraphrase,0.6901,0.2385,0.7152,4772,0.014316
games,6,star,team,22,paraphrase,0.5439,0.1868,0.8186,4747,0.014241
games,6,full,team,22,paraphrase,0.493,0.1641,0.8096,5124,0.015372
games,6,hierarchy,team,22,paraphrase,0.6776,0.2044,0.7633,4491,0.013473
games,8,chain,team,22,paraphrase,0.5507,0.2521,0.7687,5771,0.017313
games,8,star,team,22,paraphrase,0.4411,0.1877,0.8413,5174,0.015522
games,8,full,team,22,paraphrase,0.5245,0.1083,0.7333,6166,0.018498
games,8,hierarchy,team,22,paraphrase,0.5046,0.172,0.7454,6057,0.018171
games,1,none,single_llm,23,seed,0.9806,0.3968,0.6027,867,0.002601
games,4,none,ensemble,23,seed,0.7151,0.2649,0.6906,2870,0.00861
games,6,none,ensemble,23,seed,0.8193,0.2215,0.8005,5723,0.017169
games,8,none,ensemble,23,seed,0.5503,0.333,0.6751,7027,0.021081
games,4,chain,team,23,seed,0.827,0.1802,0.7647,3165,0.009495
games,4,star,team,23,seed,0.7354,0.1992,0.8298,3224,0.009672
games,4,full,team,23,seed,0.6332,0.2138,0.809,3434,0.010302
games,4,hierarchy,team,23,seed,0.6335,0.1582,0.7316,3001,0.009003
games,6,chain,team,23,seed,0.6502,0.2138,0.7469,5486,0.016458
games,6,star,team,23,seed,0.6584,0.1545,0.7435,5556,0.016668
games,6,full,team,23,seed,0.4855,0.1298,0.7776,4372,0.013116
games,6,hierarchy,team,23,seed,0.3947,0.1801,0.7355,6268,0.018804
games,8,chain,team,23,seed,0.3881,0.103,0.7905,7378,0.022134
games,8,star,team,23,seed,0.4531,0.1462,0.7028,5966,0.017898
games,8,full,team,23,seed,0.3093,0.0275,0.8108,4964,0.014892
games,8,hierarchy,team,23,seed,0.3344,0.1118,0.7434,6653,0.019959
games,1,none,single_llm,23,paraphrase,1.3258,0.4636,0.5627,891,0.002673
games,4,none,ensemble,23,paraphrase,0.9798,0.3252,0.6407,3245,0.009735
games,6,none,ensemble,23,paraphrase,0.8505,0.2707,0.6009,5002,0.015006
games,8,none,ensemble,23,paraphrase,0.8187,0.2352,0.6503,5625,0.016875
games,4,chain,team,23,paraphrase,0.9079,0.2831,0.6569,3458,0.010374
games,4,star,team,23,paraphrase,0.704,0.1937,0.7811,3028,0.009084
games,4,full,team,23,paraphrase,0.6891,0.2316,0.7971,3206,0.009618
games,4,hierarchy,team,23,paraphrase,0.6601,0.2818,0.6958,3804,0.011412
games,6,chain,team,23,paraphrase,0.6515,0.1453,0.7325,5733,0.017199
games,6,star,team,23,paraphrase,0.7592,0.278,0.6936,5237,0.015711
games,6,full,team,23,paraphrase,0.4994,0.1937,0.691,4490,0.01347
games,6,hierarchy,team,23,paraphrase,0.554,0.2507,0.7747,4932,0.014796
games,8,chain,team,23,paraphrase,0.4416,0.2009,0.6877,6956,0.020868
games,8,star,team,23,paraphrase,0.6445,0.2256,0.7172,4646,0.013938
games,8,full,team,23,paraphrase,0.32,0.2202,0.7449,5919,0.017757
games,8,hierarchy,team,23,paraphrase,0.7109,0.2439,0.7462,6212,0.018636
games,1,none,single_llm,24,seed,1.1802,0.3636,0.662,833,0.002499
games,4,none,ensemble,24,seed,0.9871,0.3085,0.5798,3441,0.010323
games,6,none,ensemble,24,seed,0.7828,0.1015,0.5623,4311,0.012933
games,8,none,ensemble,24,seed,0.8137,0.214,0.7411,7648,0.022944
games,4,chain,team,24,seed,0.6031,0.2189,0.7552,2964,0.008892
games,4,star,team,24,seed,0.6828,0.126,0.8405,2981,0.008943
games,4,full,team,24,seed,0.8531,0.1687,0.8314,3182,0.009546
games,4,hierarchy,team,24,seed,0.6969,0.1766,0.766,3301,0.009903
games,6,chain,team,24,seed,0.4932,0.1697,0.7241,5903,0.017709
games,6,star,team,24,seed,0.5126,0.2066,0.7748,4924,0.014772
games,6,full,team,24,seed,0.3595,0.1069,0.8052,5561,0.016683
games,6,hierarchy,team,24,seed,0.5638,0.2101,0.8067,5581,0.016743
games,8,chain,team,24,seed,0.4908,0.2489,0.7407,5909,0.017727
games,8,star,team,24,seed,0.3257,0.2166,0.836,6186,0.018558
games,8,full,team,24,seed,0.5416,0.1308,0.9033,5409,0.016227
games,8,hierarchy,team,24,seed,0.4401,0.1148,0.6863,7078,0.021234
games,1,none,single_llm,24,paraphrase,1.2394,0.4544,0.6752,771,0.002313
games,4,none,ensemble,24,paraphrase,0.9295,0.3159,0.6692,3018,0.009054
games,6,none,ensemble,24,paraphrase,0.8225,0.3401,0.6727,3818,0.011454
games,8,none,ensemble,24,paraphrase,0.683,0.3434,0.7141,5912,0.017736
games,4,chain,team,24,paraphrase,0.793,0.2805,0.7368,2765,0.008295
games,4,star,team,24,paraphrase,0.6759,0.2609,0.725,3382,0.010146
games,4,full,team,24,paraphrase,0.607,0.2443,0.7946,3355,0.010065
games,4,hierarchy,team,24,paraphrase,0.7939,0.2562,0.6783,3176,0.009528
games,6,chain,team,24,paraphrase,0.7776,0.23,0.6701,4563,0.013689
games,6,star,team,24,paraphrase,0.6217,0.1898,0.7689,5050,0.01515
games,6,full,team,24,paraphrase,0.6605,0.2417,0.8044,4351,0.013053
games,6,hierarchy,team,24,paraphrase,0.5312,0.2117,0.7121,4253,0.012759
games,8,chain,team,24,paraphrase,0.5325,0.1944,0.6914,6197,0.018591
games,8,star,team,24,paraphrase,0.6445,0.1913,0.8786,6509,0.019527
games,8,full,team,24,paraphrase,0.4677,0.1635,0.7778,6678,0.020034
games,8,hierarchy,team,24,paraphrase,0.7543,0.1595,0.788,6532,0.019596
games,1,none,single_llm,25,seed,0.9643,0.3962,0.6387,731,0.002193
games,4,none,ensemble,25,seed,0.8989,0.1637,0.5745,3535,0.010605
games,6,none,ensemble,25,seed,0.7622,0.1718,0.7038,4549,0.013647
games,8,none,ensemble,25,seed,0.6935,0.2453,0.6603,5820,0.01746
games,4,chain,team,25,seed,0.7454,0.2588,0.8019,2987,0.008961
games,4,star,team,25,seed,0.7737,0.1586,0.8613,2837,0.008511
games,4,full,team,25,seed,0.7828,0.1437,0.8807,3389,0.010167
games,4,hierarchy,team,25,seed,0.5984,0.1791,0.7991,3536,0.010608
games,6,chain,team,25,seed,0.5645,0.1765,0.7925,4863,0.014589
games,6,star,team,25,seed,0.3922,0.1122,0.7964,5383,0.016149
games,6,full,team,25,seed,0.6532,0.1559,0.809,5159,0.015477
games,6,hierarchy,team,25,seed,0.4749,0.1486,0.7334,4200,0.0126
games,8,chain,team,25,seed,0.53,0.1608,0.7994,6749,0.020247
games,8,star,team,25,seed,0.4709,0.1456,0.7929,6664,0.019992
games,8,full,team,25,seed,0.3441,0.1181,0.8384,5971,0.017913
games,8,hierarchy,team,25,seed,0.4718,0.1084,0.7587,5680,0.01704
games,1,none,single_llm,25,paraphrase,1.4699,0.4739,0.5476,957,0.002871
games,4,none,ensemble,25,paraphrase,0.9573,0.4616,0.5963,3281,0.009843
games,6,none,ensemble,25,paraphrase,0.8504,0.3059,0.7001,4745,0.014235
games,8,none,ensemble,25,paraphrase,1.0432,0.2803,0.7062,5818,0.017454
games,4,chain,team,25,paraphrase,0.8518,0.2746,0.6696,2951,0.008853
games,4,star,team,25,paraphrase,1.0272,0.2395,0.6572,2976,0.008928
games,4,full,team,25,paraphrase,0.7248,0.2519,0.7677,3416,0.010248
games,4,hierarchy,team,25,paraphrase,0.7155,0.2736,0.6762,3001,0.009003
games,6,chain,team,25,paraphrase,0.5598,0.1872,0.7678,5130,0.01539
games,6,star,team,25,paraphrase,0.6993,0.2063,0.7835,3954,0.011862
games,6,full,team,25,paraphrase,0.6579,0.1918,0.786,4982,0.014946
games,6,hierarchy,team,25,paraphrase,0.5229,0.1548,0.699,5071,0.015213
games,8,chain,team,25,paraphrase,0.6457,0.1586,0.6759,5937,0.017811
games,8,star,team,25,paraphrase,0.4909,0.1289,0.6839,5874,0.017622
games,8,full,team,25,paraphrase,0.5053,0.1161,0.7592,7077,0.021231
games,8,hierarchy,team,25,paraphrase,0.4165,0.1851,0.7962,6132,0.018396
games,1,none,single_llm,26,seed,1.1139,0.4198,0.5286,888,0.002664
games,4,none,ensemble,26,seed,0.9515,0.2329,0.6788,3302,0.009906
games,6,none,ensemble,26,seed,0.9407,0.1999,0.6925,4770,0.01431
games,8,none,ensemble,26,seed,0.8345,0.1571,0.791,6698,0.020094
games,4,chain,team,26,seed,0.5983,0.2683,0.8517,3520,0.01056
games,4,star,team,26,seed,0.8227,0.1934,0.6869,2609,0.007827
games,4,full,team,26,seed,0.6755,0.1463,0.7343,3179,0.009537
games,4,hierarchy,team,26,seed,0.7616,0.1419,0.7376,3683,0.011049
games,6,chain,team,26,seed,0.4641,0.2095,0.7304,5061,0.015183
games,6,star,team,26,seed,0.6313,0.1744,0.8301,4247,0.012741
games,6,full,team,26,seed,0.603,0.0906,0.8076,4923,0.014769
games,6,hierarchy,team,26,seed,0.5901,0.1682,0.7324,4152,0.012456
games,8,chain,team,26,seed,0.5839,0.1608,0.8225,6371,0.019113
games,8,star,team,26,seed,0.3062,0.162,0.7765,6618,0.019854
games,8,full,team,26,seed,0.3519,0.1691,0.7612,6184,0.018552
games,8,hierarchy,team,26,seed,0.4774,0.0896,0.8015,7431,0.022293
games,1,none,single_llm,26,paraphrase,1.2064,0.4337,0.3175,796,0.002388
games,4,none,ensemble,26,paraphrase,0.9424,0.2691,0.6749,3095,0.009285
games,6,none,ensemble,26,paraphrase,0.8769,0.2684,0.535,4256,0.012768
games,8,none,ensemble,26,paraphrase,0.9453,0.1628,0.644,6144,0.018432
games,4,chain,team,26,paraphrase,0.9844,0.3107,0.6721,3617,0.010851
games,4,star,team,26,paraphrase,0.6859,0.2904,0.6621,3543,0.010629
games,4,full,team,26,paraphrase,0.6894,0.1889,0.7291,3288,0.009864
games,4,hierarchy,team,26,paraphrase,0.7305,0.2822,0.6909,3398,0.010194
games,6,chain,team,26,paraphrase,0.6958,0.2323,0.6926,4872,0.014616
games,6,star,team,26,paraphrase,0.6566,0.2872,0.7916,5268,0.015804
games,6,full,team,26,paraphrase,0.8804,0.2054,0.7789,5137,0.015411
games,6,hierarchy,team,26,paraphrase,0.5207,0.197,0.7093,5110,0.01533
games,8,chain,team,26,paraphrase,0.5592,0.2189,0.7794,6952,0.020856
games,8,star,team,26,paraphrase,0.5105,0.1565,0.8118,6895,0.020685
games,8,full,team,26,paraphrase,0.336,0.1508,0.7733,6898,0.020694
games,8,hierarchy,team,26,paraphrase,0.6377,0.2047,0.7743,6441,0.019323
games,1,none,single_llm,27,seed,1.0989,0.3343,0.5513,797,0.002391
games,4,none,ensemble,27,seed,0.6737,0.2301,0.6534,3109,0.009327
games,6,none,ensemble,27,seed,0.7886,0.2517,0.6253,4018,0.012054
games,8,none,ensemble,27,seed,0.7082,0.2465,0.8313,6900,0.0207
games,4,chain,team,27,seed,0.5832,0.2107,0.7528,3256,0.009768
games,4,star,team,27,seed,0.7339,0.1533,0.7732,3334,0.010002
games,4,full,team,27,seed,0.7326,0.1378,0.7627,2334,0.007002
games,4,hierarchy,team,27,seed,0.6379,0.179,0.709,3252,0.009756
games,6,chain,team,27,seed,0.566,0.0844,0.7654,4354,0.013062
games,6,star,team,27,seed,0.5702,0.0935,0.7861,4664,0.013992
games,6,full,team,27,seed,0.5219,0.1297,0.7819,4062,0.012186
games,6,hierarchy,team,27,seed,0.3939,0.1314,0.7742,4508,0.013524
games,8,chain,team,27,seed,0.5592,0.1422,0.7167,6222,0.018666
games,8,star,team,27,seed,0.4693,0.1363,0.8889,5971,0.017913
games,8,full,team,27,seed,0.4093,0.1204,0.8038,6079,0.018237
games,8,hierarchy,team,27,seed,0.3117,0.1129,0.7313,5294,0.015882
games,1,none,single_llm,27,paraphrase,1.1606,0.3472,0.5509,848,0.002544
games,4,none,ensemble,27,paraphrase,0.8715,0.297,0.4985,3041,0.009123
games,6,none,ensemble,27,paraphrase,0.9461,0.3285,0.6072,5304,0.015912
games,8,none,ensemble,27,paraphrase,0.6481,0.206,0.7326,7469,0.022407
games,4,chain,team,27,paraphrase,0.8593,0.2784,0.5902,2552,0.007656
games,4,star,team,27,paraphrase,0.7729,0.2357,0.6747,3220,0.00966
games,4,full,team,27,paraphrase,0.7415,0.2678,0.7468,3593,0.010779
games,4,hierarchy,team,27,paraphrase,0.7808,0.2554,0.7732,2886,0.008658
games,6,chain,team,27,paraphrase,0.933,0.2498,0.7337,5052,0.015156
games,6,star,team,27,paraphrase,0.7893,0.2364,0.6644,5473,0.016419
games,6,full,team,27,paraphrase,0.5375,0.189,0.6907,5052,0.015156
games,6,hierarchy,team,27,paraphrase,0.5565,0.2187,0.7204,5724,0.017172
games,8,chain,team,27,paraphrase,0.7749,0.2152,0.7282,6160,0.01848
games,8,star,team,27,paraphrase,0.6373,0.1702,0.7339,7026,0.021078
games,8,full,team,27,paraphrase,0.4428,0.1618,0.6859,6850,0.02055
games,8,hierarchy,team,27,paraphrase,0.7408,0.2222,0.8181,5858,0.017574
games,1,none,single_llm,28,seed,1.2354,0.2934,0.5341,861,0.002583
games,4,none,ensemble,28,seed,0.9122,0.1794,0.5711,2758,0.008274
games,6,none,ensemble,28,seed,0.8772,0.3305,0.7717,3889,0.011667
games,8,none,ensemble,28,seed,0.9205,0.2552,0.6373,6205,0.018615
games,4,chain,team,28,seed,0.8396,0.242,0.6745,3395,0.010185
games,4,star,team,28,seed,0.4662,0.1811,0.8269,3205,0.009615
games,4,full,team,28,seed,0.6001,0.2056,0.8287,3619,0.010857
games,4,hierarchy,team,28,seed,0.7874,0.2433,0.7966,3284,0.009852
games,6,chain,team,28,seed,0.5805,0.1653,0.694,4341,0.013023
games,6,star,team,28,seed,0.4934,0.1544,0.8567,4779,0.014337
games,6,full,team,28,seed,0.5919,0.1679,0.7831,5085,0.015255
games,6,hierarchy,team,28,seed,0.5172,0.2076,0.8064,4228,0.012684
games,8,chain,team,28,seed,0.5128,0.2193,0.7559,6686,0.020058
games,8,star,team,28,seed,0.5013,0.0819,0.8205,5507,0.016521
games,8,full,team,28,seed,0.3541,0.1464,0.8228,6205,0.018615
games,8,hierarchy,team,28,seed,0.5113,0.1309,0.7856,6820,0.02046
games,1,none,single_llm,28,paraphrase,1.1709,0.4124,0.4881,673,0.002019
games,4,none,ensemble,28,paraphrase,0.8695,0.3884,0.6331,2776,0.008328
games,6,none,ensemble,28,paraphrase,0.7133,0.2817,0.7437,4710,0.01413
games,8,none,ensemble,28,paraphrase,0.9868,0.2859,0.7183,5545,0.016635
games,4,chain,team,28,paraphrase,0.9038,0.2666,0.7432,2939,0.008817
games,4,star,team,28,paraphrase,0.7777,0.2641,0.7223,3329,0.009987
games,4,full,team,28,paraphrase,0.7034,0.204,0.8203,3535,0.010605
games,4,hierarchy,team,28,paraphrase,0.7039,0.2827,0.6829,2820,0.00846
games,6,chain,team,28,paraphrase,0.755,0.1666,0.761,4678,0.014034
games,6,star,team,28,paraphrase,0.5804,0.2211,0.7737,4403,0.013209
games,6,full,team,28,paraphrase,0.6434,0.1893,0.6918,4718,0.014154
games,6,hierarchy,team,28,paraphrase,0.7597,0.2818,0.7705,4228,0.012684
games,8,chain,team,28,paraphrase,0.6257,0.2474,0.7613,6902,0.020706
games,8,star,team,28,paraphrase,0.563,0.1804,0.7246,5185,0.015555
games,8,full,team,28,paraphrase,0.5306,0.1708,0.7929,5543,0.016629
games,8,hierarchy,team,28,paraphrase,0.6112,0.2755,0.7489,6360,0.01908
games,1,none,single_llm,29,seed,1.2464,0.4719,0.4783,816,0.002448
games,4,none,ensemble,29,seed,0.804,0.2226,0.647,3631,0.010893
games,6,none,ensemble,29,seed,1.0343,0.2497,0.6674,5996,0.017988
games,8,none,ensemble,29,seed,0.6987,0.1798,0.6235,7293,0.021879
games,4,chain,team,29,seed,0.8268,0.3167,0.6705,3666,0.010998
games,4,star,team,29,seed,0.687,0.2222,0.6876,3669,0.011007
games,4,full,team,29,seed,0.7287,0.1684,0.8123,2955,0.008865
games,4,hierarchy,team,29,seed,0.6421,0.1815,0.6674,3475,0.010425
games,6,chain,team,29,seed,0.6908,0.1467,0.772,4672,0.014016
games,6,star,team,29,seed,0.5544,0.1196,0.7405,5304,0.015912
games,6,full,team,29,seed,0.4852,0.2056,0.7969,4355,0.013065
games,6,hierarchy,team,29,seed,0.6643,0.18,0.811,5371,0.016113
games,8,chain,team,29,seed,0.4314,0.1482,0.7564,5573,0.016719
games,8,star,team,29,seed,0.4203,0.1768,0.8069,5538,0.016614
games,8,full,team,29,seed,0.2611,0.1699,0.8005,5985,0.017955
games,8,hierarchy,team,29,seed,0.4393,0.0742,0.8562,6148,0.018444
games,1,none,single_llm,29,paraphrase,1.4851,0.4131,0.6101,820,0.00246
games,4,none,ensemble,29,paraphrase,1.0824,0.346,0.6474,3311,0.009933
games,6,none,ensemble,29,paraphrase,0.8702,0.383,0.5956,4802,0.014406
games,8,none,ensemble,29,paraphrase,0.8318,0.2885,0.6642,6601,0.019803
games,4,chain,team,29,paraphrase,0.7931,0.2167,0.7005,2847,0.008541
games,4,star,team,29,paraphrase,0.5866,0.2555,0.7544,3368,0.010104
games,4,full,team,29,paraphrase,0.7867,0.1527,0.6719,3831,0.011493
games,4,hierarchy,team,29,paraphrase,0.6753,0.2844,0.6857,3225,0.009675
games,6,chain,team,29,paraphrase,0.5883,0.2572,0.7215,4584,0.013752
games,6,star,team,29,paraphrase,0.4966,0.2155,0.684,5005,0.015015
games,6,full,team,29,paraphrase,0.8342,0.2387,0.7905,4758,0.014274
games,6,hierarchy,team,29,paraphrase,0.4277,0.1618,0.7988,4420,0.01326
games,8,chain,team,29,paraphrase,0.5067,0.2067,0.6719,5614,0.016842
games,8,star,team,29,paraphrase,0.5216,0.1477,0.7179,5900,0.0177
games,8,full,team,29,paraphrase,0.5489,0.154,0.7561,6782,0.020346
games,8,hierarchy,team,29,paraphrase,0.5325,0.1822,0.7685,6827,0.020481
games,1,none,single_llm,30,seed,1.1779,0.3548,0.4953,731,0.002193
games,4,none,ensemble,30,seed,0.9923,0.2722,0.6773,3289,0.009867
games,6,none,ensemble,30,seed,0.8237,0.2621,0.7461,5237,0.015711
games,8,none,ensemble,30,seed,0.7379,0.2777,0.7437,6804,0.020412
games,4,chain,team,30,seed,0.7582,0.2299,0.7032,3424,0.010272
games,4,star,team,30,seed,0.9645,0.175,0.7735,3057,0.009171
games,4,full,team,30,seed,0.6012,0.2318,0.7464,3048,0.009144
games,4,hierarchy,team,30,seed,0.5413,0.1697,0.6746,3402,0.010206
games,6,chain,team,30,seed,0.8516,0.1601,0.6713,5231,0.015693
games,6,star,team,30,seed,0.4489,0.1967,0.7705,4496,0.013488
games,6,full,team,30,seed,0.4738,0.1551,0.7833,4561,0.013683
games,6,hierarchy,team,30,seed,0.5217,0.1039,0.7945,3942,0.011826
games,8,chain,team,30,seed,0.4523,0.1837,0.7802,6777,0.020331
games,8,star,team,30,seed,0.4402,0.1701,0.8412,6685,0.020055
games,8,full,team,30,seed,0.5094,0.1334,0.783,5539,0.016617
games,8,hierarchy,team,30,seed,0.5087,0.1552,0.8395,5800,0.0174
games,1,none,single_llm,30,paraphrase,1.144,0.4376,0.505,649,0.001947
games,4,none,ensemble,30,paraphrase,1.025,0.2174,0.5533,3632,0.010896
games,6,none,ensemble,30,paraphrase,1.1172,0.2265,0.6302,4820,0.01446
games,8,none,ensemble,30,paraphrase,1.0437,0.2437,0.6614,7391,0.022173
games,4,chain,team,30,paraphrase,0.7725,0.3089,0.6261,3145,0.009435
games,4,star,team,30,paraphrase,0.594,0.2078,0.772,3184,0.009552
games,4,full,team,30,paraphrase,0.6981,0.2001,0.729,3296,0.009888
games,4,hierarchy,team,30,paraphrase,0.8783,0.155,0.6784,3250,0.00975
games,6,chain,team,30,paraphrase,0.6417,0.2509,0.728,4653,0.013959
games,6,star,team,30,paraphrase,0.5489,0.1949,0.8021,4448,0.013344
games,6,full,team,30,paraphrase,0.5653,0.1921,0.8326,4655,0.013965
games,6,hierarchy,team,30,paraphrase,0.7175,0.264,0.7314,4698,0.014094
games,8,chain,team,30,paraphrase,0.5438,0.2031,0.7677,6547,0.019641
games,8,star,team,30,paraphrase,0.5502,0.1383,0.7066,7771,0.023313
games,8,full,team,30,paraphrase,0.4789,0.1323,0.8366,6580,0.01974
games,8,hierarchy,team,30,paraphrase,0.6045,0.1878,0.7291,6291,0.018873
games,1,none,single_llm,31,seed,0.9926,0.3447,0.5707,948,0.002844
games,4,none,ensemble,31,seed,0.9103,0.1333,0.6444,4076,0.012228
games,6,none,ensemble,31,seed,0.9221,0.1867,0.7255,4443,0.013329
games,8,none,ensemble,31,seed,0.5875,0.1909,0.7355,5201,0.015603
games,4,chain,team,31,seed,0.6151,0.2204,0.7196,3326,0.009978
games,4,star,team,31,seed,0.5585,0.2186,0.7108,3725,0.011175
games,4,full,team,31,seed,0.4784,0.1263,0.8009,3732,0.011196
games,4,hierarchy,team,31,seed,0.7315,0.2225,0.7609,2871,0.008613
games,6,chain,team,31,seed,0.5226,0.1263,0.6907,4992,0.014976
games,6,star,team,31,seed,0.4093,0.1575,0.7195,4942,0.014826
games,6,full,team,31,seed,0.4427,0.181,0.8108,5393,0.016179
games,6,hierarchy,team,31,seed,0.466,0.157,0.7256,4601,0.013803
games,8,chain,team,31,seed,0.4705,0.1243,0.7042,5495,0.016485
games,8,star,team,31,seed,0.2127,0.0811,0.8264,5376,0.016128
games,8,full,team,31,seed,0.2799,0.175,0.7732,6605,0.019815
games,8,hierarchy,team,31,seed,0.5309,0.1598,0.7089,6252,0.018756
games,1,none,single_llm,31,paraphrase,1.0373,0.5568,0.3984,716,0.002148
games,4,none,ensemble,31,paraphrase,0.8551,0.2352,0.6912,3975,0.011925
games,6,none,ensemble,31,paraphrase,0.8411,0.2213,0.5158,4682,0.014046
games,8,none,ensemble,31,paraphrase,0.792,0.2358,0.7033,6652,0.019956
games,4,chain,team,31,paraphrase,0.8423,0.2674,0.6449,3413,0.010239
games,4,star,team,31,paraphrase,0.7613,0.2855,0.7695,2745,0.008235
games,4,full,team,31,paraphrase,0.5866,0.1998,0.6872,3441,0.010323
games,4,hierarchy,team,31,paraphrase,0.8151,0.304,0.7398,3266,0.009798
games,6,chain,team,31,paraphrase,0.7716,0.2535,0.718,5510,0.01653
games,6,star,team,31,paraphrase,0.6131,0.1926,0.7027,5137,0.015411
games,6,full,team,31,paraphrase,0.6953,0.1827,0.82,3854,0.011562
games,6,hierarchy,team,31,paraphrase,0.616,0.2131,0.6983,5944,0.017832
games,8,chain,team,31,paraphrase,0.57,0.197,0.7263,5118,0.015354
games,8,star,team,31,paraphrase,0.4507,0.2227,0.7236,5869,0.017607
games,8,full,team,31,paraphrase,0.6276,0.2169,0.7908,6108,0.018324
games,8,hierarchy,team,31,paraphrase,0.5227,0.1612,0.6953,5731,0.017193
games,1,none,single_llm,32,seed,1.1073,0.2879,0.4405,817,0.002451
games,4,none,ensemble,32,seed,0.9282,0.335,0.6099,3294,0.009882
games,6,none,ensemble,32,seed,0.8557,0.2146,0.7347,5172,0.015516
games,8,none,ensemble,32,seed,0.7893,0.1956,0.7085,5524,0.016572
games,4,chain,team,32,seed,0.6494,0.1951,0.6838,3340,0.01002
games,4,star,team,32,seed,0.7997,0.1537,0.7842,2869,0.008607
games,4,full,team,32,seed,0.6195,0.1424,0.8101,2982,0.008946
games,4,hierarchy,team,32,seed,0.8012,0.1902,0.7275,2798,0.008394
games,6,chain,team,32,seed,0.5969,0.2105,0.7683,5874,0.017622
games,6,star,team,32,seed,0.6646,0.1324,0.7687,5025,0.015075
games,6,full,team,32,seed,0.4078,0.1714,0.8127,4923,0.014769
games,6,hierarchy,team,32,seed,0.6103,0.2237,0.7832,4745,0.014235
games,8,chain,team,32,seed,0.6475,0.192,0.749,6403,0.019209
games,8,star,team,32,seed,0.4662,0.1378,0.7272,5412,0.016236
games,8,full,team,32,seed,0.3279,0.0647,0.7728,6806,0.020418
games,8,hierarchy,team,32,seed,0.4498,0.1412,0.7238,6104,0.018312
games,1,none,single_llm,32,paraphrase,1.3681,0.4457,0.4593,812,0.002436
games,4,none,ensemble,32,paraphrase,1.2439,0.3091,0.5684,3144,0.009432
games,6,none,ensemble,32,paraphrase,0.9092,0.2797,0.6481,4107,0.012321
games,8,none,ensemble,32,paraphrase,0.7145,0.2609,0.6801,6037,0.018111
games,4,chain,team,32,paraphrase,0.7923,0.2824,0.7445,3168,0.009504
games,4,star,team,32,paraphrase,0.7999,0.2283,0.7586,3320,0.00996
games,4,full,team,32,paraphrase,0.8166,0.2585,0.7694,3168,0.009504
games,4,hierarchy,team,32,paraphrase,0.8045,0.3025,0.6874,2998,0.008994
games,6,chain,team,32,paraphrase,0.6697,0.2514,0.6734,4764,0.014292
games,6,star,team,32,paraphrase,0.5922,0.1161,0.7336,4724,0.014172
games,6,full,team,32,paraphrase,0.5556,0.2414,0.6938,4404,0.013212
games,6,hierarchy,team,32,paraphrase,0.3604,0.1955,0.7148,4555,0.013665
games,8,chain,team,32,paraphrase,0.6874,0.2478,0.7289,6162,0.018486
games,8,star,team,32,paraphrase,0.6293,0.1825,0.7141,5301,0.015903
games,8,full,team,32,paraphrase,0.4525,0.1935,0.8788,6439,0.019317
games,8,hierarchy,team,32,paraphrase,0.4701,0.1459,0.7726,5270,0.01581
games,1,none,single_llm,33,seed,1.2826,0.3991,0.5805,782,0.002346
games,4,none,ensemble,33,seed,0.9678,0.2585,0.6033,3792,0.011376
games,6,none,ensemble,33,seed,0.776,0.2661,0.5449,5412,0.016236
games,8,none,ensemble,33,seed,0.9263,0.2098,0.7635,6757,0.020271
games,4,chain,team,33,seed,0.6657,0.2419,0.6996,3005,0.009015
games,4,star,team,33,seed,0.7927,0.229,0.7347,2965,0.008895
games,4,full,team,33,seed,0.5854,0.1993,0.73,3314,0.009942
games,4,hierarchy,team,33,seed,0.7747,0.1965,0.8105,3102,0.009306
games,6,chain,team,33,seed,0.5502,0.1357,0.8055,4432,0.013296
games,6,star,team,33,seed,0.5566,0.1419,0.732,4507,0.013521
games,6,full,team,33,seed,0.6299,0.1328,0.7442,4946,0.014838
games,6,hierarchy,team,33,seed,0.527,0.2929,0.7889,4617,0.013851
games,8,chain,team,33,seed,0.6387,0.0797,0.7697,7676,0.023028
games,8,star,team,33,seed,0.435,0.054,0.7752,7330,0.02199
games,8,full,team,33,seed,0.4543,0.0698,0.7707,6041,0.018123
games,8,hierarchy,team,33,seed,0.5028,0.1869,0.8376,6691,0.020073
games,1,none,single_llm,33,paraphrase,1.0803,0.3303,0.5473,692,0.002076
games,4,none,ensemble,33,paraphrase,0.9529,0.3252,0.5417,2872,0.008616
games,6,none,ensemble,33,paraphrase,0.8869,0.3125,0.7137,5091,0.015273
games,8,none,ensemble,33,paraphrase,0.8388,0.231,0.6257,6073,0.018219
games,4,chain,team,33,paraphrase,0.851,0.2935,0.595,2948,0.008844
games,4,star,team,33,paraphrase,0.8805,0.2532,0.6591,3953,0.011859
games,4,full,team,33,paraphrase,0.7271,0.2454,0.76,3082,0.009246
games,4,hierarchy,team,33,paraphrase,0.7072,0.3449,0.7702,3463,0.010389
games,6,chain,team,33,paraphrase,0.7092,0.1946,0.7785,4395,0.013185
games,6,star,team,33,paraphrase,0.6299,0.1392,0.6426,4952,0.014856
games,6,full,team,33,paraphrase,0.4907,0.1052,0.7817,5817,0.017451
games,6,hierarchy,team,33,paraphrase,0.7605,0.2044,0.7351,5226,0.015678
games,8,chain,team,33,paraphrase,0.6889,0.1996,0.7267,6592,0.019776
games,8,star,team,33,paraphrase,0.5821,0.178,0.749,7283,0.021849
games,8,full,team,33,paraphrase,0.6176,0.1824,0.851,6152,0.018456
games,8,hierarchy,team,33,paraphrase,0.709,0.215,0.9086,5636,0.016908
games,1,none,single_llm,34,seed,1.0966,0.3751,0.5778,956,0.002868
games,4,none,ensemble,34,seed,0.8198,0.2952,0.7197,3425,0.010275
games,6,none,ensemble,34,seed,0.7029,0.2977,0.7638,5087,0.015261
games,8,none,ensemble,34,seed,0.7745,0.2196,0.7253,6810,0.02043
games,4,chain,team,34,seed,0.7331,0.1861,0.6876,2959,0.008877
games,4,star,team,34,seed,0.7022,0.1889,0.7808,3360,0.01008
games,4,full,team,34,seed,0.5873,0.2286,0.7666,3061,0.009183
games,4,hierarchy,team,34,seed,0.7482,0.1265,0.7205,3513,0.010539
games,6,chain,team,34,seed,0.3979,0.2194,0.8302,4622,0.013866
games,6,star,team,34,seed,0.5508,0.1895,0.7613,5216,0.015648
games,6,full,team,34,seed,0.4245,0.1056,0.7547,4964,0.014892
games,6,hierarchy,team,34,seed,0.6574,0.1474,0.7111,4280,0.01284
games,8,chain,team,34,seed,0.5361,0.2271,0.7847,6152,0.018456
games,8,star,team,34,seed,0.5233,0.1138,0.7761,5786,0.017358
games,8,full,team,34,seed,0.5575,0.0018,0.8449,6103,0.018309
games,8,hierarchy,team,34,seed,0.4256,0.201,0.7493,5964,0.017892
games,1,none,single_llm,34,paraphrase,1.2604,0.4348,0.4791,674,0.002022
games,4,none,ensemble,34,paraphrase,0.8761,0.3741,0.6145,3344,0.010032
games,6,none,ensemble,34,paraphrase,0.8668,0.2543,0.7507,4709,0.014127
games,8,none,ensemble,34,paraphrase,0.7768,0.3231,0.6467,6019,0.018057
games,4,chain,team,34,paraphrase,0.811,0.28,0.713,3869,0.011607
games,4,star,team,34,paraphrase,0.7936,0.1549,0.7463,3212,0.009636
games,4,full,team,34,paraphrase,0.7343,0.2398,0.7386,3183,0.009549
games,4,hierarchy,team,34,paraphrase,0.8413,0.2383,0.6726,4167,0.012501
games,6,chain,team,34,paraphrase,0.58,0.2387,0.6398,4855,0.014565
games,6,star,team,34,paraphrase,0.5083,0.187,0.7969,5026,0.015078
games,6,full,team,34,paraphrase,0.6284,0.1139,0.8465,4227,0.012681
games,6,hierarchy,team,34,paraphrase,0.7745,0.2556,0.7635,4389,0.013167
games,8,chain,team,34,paraphrase,0.5918,0.1945,0.7265,6240,0.01872
games,8,star,team,34,paraphrase,0.3228,0.2282,0.7509,6089,0.018267
games,8,full,team,34,paraphrase,0.4406,0.1777,0.7203,4956,0.014868
games,8,hierarchy,team,34,paraphrase,0.5874,0.2141,0.735,5665,0.016995
games,1,none,single_llm,35,seed,1.2133,0.2621,0.4781,739,0.002217
games,4,none,ensemble,35,seed,1.0013,0.2319,0.6231,3825,0.011475
games,6,none,ensemble,35,seed,0.8605,0.2442,0.6678,4513,0.013539
games,8,none,ensemble,35,seed,0.4876,0.2568,0.7569,6285,0.018855
games,4,chain,team,35,seed,0.7163,0.2494,0.6623,3011,0.009033
games,4,star,team,35,seed,0.5664,0.2609,0.8138,2495,0.007485
games,4,full,team,35,seed,0.4986,0.1647,0.7564,2776,0.008328
games,4,hierarchy,team,35,seed,0.8945,0.2125,0.7837,2978,0.008934
games,6,chain,team,35,seed,0.6438,0.1595,0.7405,5093,0.015279
games,6,star,team,35,seed,0.3587,0.2086,0.7937,5414,0.016242
games,6,full,team,35,seed,0.3841,0.0878,0.7365,4920,0.01476
games,6,hierarchy,team,35,seed,0.5482,0.1362,0.7239,4192,0.012576
games,8,chain,team,35,seed,0.4918,0.1347,0.7307,7390,0.02217
games,8,star,team,35,seed,0.4384,0.1741,0.7683,6556,0.019668
games,8,full,team,35,seed,0.4111,0.0354,0.8764,6313,0.018939
games,8,hierarchy,team,35,seed,0.5413,0.1033,0.7768,5845,0.017535
games,1,none,single_llm,35,paraphrase,1.4654,0.4287,0.5357,908,0.002724
games,4,none,ensemble,35,paraphrase,1.1188,0.3483,0.5247,2977,0.008931
games,6,none,ensemble,35,paraphrase,0.7777,0.3236,0.6602,4132,0.012396
games,8,none,ensemble,35,paraphrase,0.8074,0.1936,0.6868,5340,0.01602
games,4,chain,team,35,paraphrase,0.8629,0.2951,0.7954,3471,0.010413
games,4,star,team,35,paraphrase,0.7177,0.2827,0.6601,2892,0.008676
games,4,full,team,35,paraphrase,0.7633,0.1437,0.7381,2873,0.008619
games,4,hierarchy,team,35,paraphrase,0.7901,0.2169,0.7412,3206,0.009618
games,6,chain,team,35,paraphrase,0.7916,0.235,0.6762,4681,0.014043
games,6,star,team,35,paraphrase,0.4672,0.221,0.7741,5985,0.017955
games,6,full,team,35,paraphrase,0.5094,0.174,0.7258,4901,0.014703
games,6,hierarchy,team,35,paraphrase,0.6598,0.2126,0.7889,4503,0.013509
games,8,chain,team,35,paraphrase,0.6753,0.2349,0.7244,6198,0.018594
games,8,star,team,35,paraphrase,0.7693,0.1507,0.7699,5919,0.017757
games,8,full,team,35,paraphrase,0.6752,0.1988,0.7311,6728,0.020184
games,8,hierarchy,team,35,paraphrase,0.5724,0.1727,0.7829,6649,0.019947
games,1,none,single_llm,36,seed,1.2324,0.3475,0.5802,818,0.002454
games,4,none,ensemble,36,seed,0.9071,0.2179,0.7516,2863,0.008589
games,6,none,ensemble,36,seed,0.8695,0.2113,0.7956,4366,0.013098
games,8,none,ensemble,36,seed,0.6618,0.1598,0.7494,5521,0.016563
games,4,chain,team,36,seed,0.6821,0.1339,0.752,3039,0.009117
games,4,star,team,36,seed,0.5312,0.2334,0.7046,3455,0.010365
games,4,full,team,36,seed,0.5799,0.2341,0.8175,2877,0.008631
games,4,hierarchy,team,36,seed,0.6083,0.2242,0.7469,3145,0.009435
games,6,chain,team,36,seed,0.6988,0.1448,0.7592,5258,0.015774
games,6,star,team,36,seed,0.6025,0.1384,0.7702,3965,0.011895
games,6,full,team,36,seed,0.386,0.1375,0.7877,4835,0.014505
games,6,hierarchy,team,36,seed,0.6455,0.1072,0.7628,4890,0.01467
games,8,chain,team,36,seed,0.4263,0.2106,0.8104,6585,0.019755
games,8,star,team,36,seed,0.6261,0.0634,0.7946,6634,0.019902
games,8,full,team,36,seed,0.3252,0.1154,0.7497,6841,0.020523
games,8,hierarchy,team,36,seed,0.5725,0.1442,0.6924,5781,0.017343
games,1,none,single_llm,36,paraphrase,1.3647,0.4113,0.3214,899,0.002697
games,4,none,ensemble,36,paraphrase,0.9964,0.269,0.6697,2983,0.008949
games,6,none,ensemble,36,paraphrase,0.8156,0.3052,0.7569,5579,0.016737
games,8,none,ensemble,36,paraphrase,0.8732,0.2915,0.7375,5595,0.016785
games,4,chain,team,36,paraphrase,0.8744,0.2506,0.7159,3127,0.009381
games,4,star,team,36,paraphrase,0.8101,0.2547,0.5763,3257,0.009771
games,4,full,team,36,paraphrase,0.7942,0.2478,0.7349,3725,0.011175
games,4,hierarchy,team,36,paraphrase,0.8111,0.2775,0.7722,3316,0.009948
games,6,chain,team,36,paraphrase,0.5618,0.1372,0.6908,5165,0.015495
games,6,star,team,36,paraphrase,0.5663,0.2368,0.7521,5418,0.016254
games,6,full,team,36,paraphrase,0.5421,0.2034,0.7799,5520,0.01656
games,6,hierarchy,team,36,paraphrase,0.4509,0.1964,0.777,5542,0.016626
games,8,chain,team,36,paraphrase,0.6007,0.2016,0.7629,6955,0.020865
games,8,star,team,36,paraphrase,0.4907,0.1965,0.814,7609,0.022827
games,8,full,team,36,paraphrase,0.5709,0.1651,0.7623,6756,0.020268
games,8,hierarchy,team,36,paraphrase,0.5351,0.2009,0.6921,7230,0.02169
games,1,none,single_llm,37,seed,1.029,0.3241,0.5568,959,0.002877
games,4,none,ensemble,37,seed,0.8493,0.2167,0.617,3730,0.01119
games,6,none,ensemble,37,seed,0.4807,0.1771,0.8539,5083,0.015249
games,8,none,ensemble,37,seed,0.6173,0.2062,0.734,6941,0.020823
games,4,chain,team,37,seed,0.914,0.2355,0.713,3451,0.010353
games,4,star,team,37,seed,0.6102,0.1487,0.682,2699,0.008097
games,4,full,team,37,seed,0.5604,0.1229,0.7957,2816,0.008448
games,4,hierarchy,team,37,seed,0.3856,0.1582,0.7364,3006,0.009018
games,6,chain,team,37,seed,0.7235,0.1502,0.7987,4790,0.01437
games,6,star,team,37,seed,0.5174,0.1113,0.7817,4432,0.013296
games,6,full,team,37,seed,0.5086,0.1153,0.7474,5276,0.015828
games,6,hierarchy,team,37,seed,0.5843,0.1368,0.7819,4759,0.014277
games,8,chain,team,37,seed,0.4099,0.1562,0.7339,5795,0.017385
games,8,star,team,37,seed,0.2844,0.109,0.8233,5955,0.017865
games,8,full,team,37,seed,0.6687,0.1388,0.8702,6908,0.020724
games,8,hierarchy,team,37,seed,0.652,0.1019,0.657,6114,0.018342
games,1,none,single_llm,37,paraphrase,1.3637,0.4191,0.5293,905,0.002715
games,4,none,ensemble,37,paraphrase,1.0258,0.3499,0.5536,2849,0.008547
games,6,none,ensemble,37,paraphrase,1.0919,0.2923,0.6126,4501,0.013503
games,8,none,ensemble,37,paraphrase,0.7521,0.2329,0.613,5439,0.016317
games,4,chain,team,37,paraphrase,0.7905,0.2563,0.7554,3293,0.009879
games,4,star,team,37,paraphrase,0.7865,0.2203,0.7239,3315,0.009945
games,4,full,team,37,paraphrase,0.8016,0.2262,0.794,3202,0.009606
games,4,hierarchy,team,37,paraphrase,0.8593,0.2404,0.6294,3285,0.009855
games,6,chain,team,37,paraphrase,0.7241,0.2578,0.7357,4632,0.013896
games,6,star,team,37,paraphrase,0.5209,0.2268,0.7659,4530,0.01359
games,6,full,team,37,paraphrase,0.6825,0.1494,0.7254,5585,0.016755
games,6,hierarchy,team,37,paraphrase,0.7085,0.2004,0.749,4874,0.014622
games,8,chain,team,37,paraphrase,0.3021,0.1771,0.7225,6171,0.018513
games,8,star,team,37,paraphrase,0.5514,0.2285,0.7389,5723,0.017169
games,8,full,team,37,paraphrase,0.5292,0.1503,0.7572,6213,0.018639
games,8,hierarchy,team,37,paraphrase,0.7709,0.1037,0.7256,6397,0.019191
games,1,none,single_llm,38,seed,1.0828,0.404,0.6069,796,0.002388
games,4,none,ensemble,38,seed,0.8675,0.2444,0.6437,3174,0.009522
games,6,none,ensemble,38,seed,0.7956,0.2399,0.7352,4209,0.012627
games,8,none,ensemble,38,seed,0.6239,0.1209,0.782,6560,0.01968
games,4,chain,team,38,seed,0.7805,0.1628,0.8292,3005,0.009015
games,4,star,team,38,seed,0.6968,0.2242,0.7207,3025,0.009075
games,4,full,team,38,seed,0.6679,0.2843,0.7951,3714,0.011142
games,4,hierarchy,team,38,seed,0.8206,0.2147,0.7105,3539,0.010617
games,6,chain,team,38,seed,0.4218,0.2388,0.7646,3527,0.010581
games,6,star,team,38,seed,0.4875,0.1709,0.7728,5143,0.015429
games,6,full,team,38,seed,0.4066,0.0725,0.7911,4815,0.014445
games,6,hierarchy,team,38,seed,0.5068,0.2038,0.7321,4950,0.01485
games,8,chain,team,38,seed,0.5035,0.0911,0.699,6407,0.019221
games,8,star,team,38,seed,0.6448,0.1465,0.7087,4409,0.013227
games,8,full,team,38,seed,0.49,0.0995,0.8621,5836,0.017508
games,8,hierarchy,team,38,seed,0.5017,0.1672,0.7626,6127,0.018381
games,1,none,single_llm,38,paraphrase,1.2838,0.4426,0.509,877,0.002631
games,4,none,ensemble,38,paraphrase,0.9246,0.2436,0.7286,3006,0.009018
games,6,none,ensemble,38,paraphrase,0.83,0.284,0.654,4614,0.013842
games,8,none,ensemble,38,paraphrase,0.8279,0.2663,0.7005,4891,0.014673
games,4,chain,team,38,paraphrase,0.9981,0.2741,0.729,2759,0.008277
games,4,star,team,38,paraphrase,0.7129,0.2231,0.8035,3012,0.009036
games,4,full,team,38,paraphrase,0.8058,0.204,0.7174,3121,0.009363
games,4,hierarchy,team,38,paraphrase,0.9084,0.1844,0.6542,2576,0.007728
games,6,chain,team,38,paraphrase,0.5428,0.2023,0.6339,4447,0.013341
games,6,star,team,38,paraphrase,0.4001,0.164,0.8046,4993,0.014979
games,6,full,team,38,paraphrase,0.5903,0.1446,0.6778,4253,0.012759
games,6,hierarchy,team,38,paraphrase,0.6173,0.2495,0.7797,5102,0.015306
games,8,chain,team,38,paraphrase,0.5029,0.2143,0.7089,6271,0.018813
games,8,star,team,38,paraphrase,0.7304,0.1129,0.7433,7175,0.021525
games,8,full,team,38,paraphrase,0.3501,0.1376,0.7385,6257,0.018771
games,8,hierarchy,team,38,paraphrase,0.3871,0.2171,0.7783,6725,0.020175
games,1,none,single_llm,39,seed,1.0694,0.3552,0.487,773,0.002319
games,4,none,ensemble,39,seed,1.1584,0.2548,0.5787,3257,0.009771
games,6,none,ensemble,39,seed,0.656,0.1673,0.6275,4586,0.013758
games,8,none,ensemble,39,seed,0.8624,0.2373,0.7614,5696,0.017088
games,4,chain,team,39,seed,0.6759,0.2309,0.7086,3110,0.00933
games,4,star,team,39,seed,0.7241,0.176,0.7813,3709,0.011127
games,4,full,team,39,seed,0.6328,0.2172,0.808,2730,0.00819
games,4,hierarchy,team,39,seed,0.5898,0.1667,0.7173,3171,0.009513
games,6,chain,team,39,seed,0.6331,0.2249,0.77,4586,0.013758
games,6,star,team,39,seed,0.3134,0.1476,0.7859,4887,0.014661
games,6,full,team,39,seed,0.7022,0.1744,0.8339,4338,0.013014
games,6,hierarchy,team,39,seed,0.4903,0.1509,0.7359,5040,0.01512
games,8,chain,team,39,seed,0.5324,0.1098,0.8248,6465,0.019395
games,8,star,team,39,seed,0.2738,0.1213,0.8091,7022,0.021066
games,8,full,team,39,seed,0.3829,0.1365,0.8144,5558,0.016674
games,8,hierarchy,team,39,seed,0.3251,0.1782,0.8448,6606,0.019818
games,1,none,single_llm,39,paraphrase,1.5044,0.4734,0.5579,727,0.002181
games,4,none,ensemble,39,paraphrase,1.1878,0.3368,0.5868,2986,0.008958
games,6,none,ensemble,39,paraphrase,0.929,0.2037,0.692,4342,0.013026
games,8,none,ensemble,39,paraphrase,0.8745,0.2423,0.6741,5915,0.017745
games,4,chain,team,39,paraphrase,0.7939,0.3556,0.7693,3313,0.009939
games,4,star,team,39,paraphrase,0.7575,0.2838,0.7865,2934,0.008802
games,4,full,team,39,paraphrase,0.7223,0.1571,0.7962,3860,0.01158
games,4,hierarchy,team,39,paraphrase,0.788,0.175,0.7504,2910,0.00873
games,6,chain,team,39,paraphrase,0.5853,0.2598,0.7274,4565,0.013695
games,6,star,team,39,paraphrase,0.5366,0.2098,0.7242,4267,0.012801
games,6,full,team,39,paraphrase,0.5383,0.1983,0.7457,4121,0.012363
games,6,hierarchy,team,39,paraphrase,0.7205,0.1052,0.7123,4502,0.013506
games,8,chain,team,39,paraphrase,0.5915,0.2358,0.7813,5944,0.017832
games,8,star,team,39,paraphrase,0.5853,0.1912,0.6694,7616,0.022848
games,8,full,team,39,paraphrase,0.3528,0.1801,0.7845,6576,0.019728
games,8,hierarchy,team,39,paraphrase,0.4972,0.2264,0.667,6357,0.019071
games,1,none,single_llm,40,seed,1.1154,0.3094,0.58,886,0.002658
games,4,none,ensemble,40,seed,0.8588,0.289,0.653,2914,0.008742
games,6,none,ensemble,40,seed,0.7872,0.2123,0.6482,5005,0.015015
games,8,none,ensemble,40,seed,0.7782,0.1288,0.6309,6671,0.020013
games,4,chain,team,40,seed,0.6485,0.2321,0.779,2793,0.008379
games,4,star,team,40,seed,0.5388,0.257,0.7876,3065,0.009195
games,4,full,team,40,seed,0.5566,0.1496,0.7205,3482,0.010446
games,4,hierarchy,team,40,seed,0.6223,0.2437,0.74,2866,0.008598
games,6,chain,team,40,seed,0.529,0.0698,0.7486,4718,0.014154
games,6,star,team,40,seed,0.6041,0.0693,0.8427,5193,0.015579
games,6,full,team,40,seed,0.6168,0.1226,0.8453,4093,0.012279
games,6,hierarchy,team,40,seed,0.6129,0.1239,0.6921,4260,0.01278
games,8,chain,team,40,seed,0.4972,0.1204,0.7838,5242,0.015726
games,8,star,team,40,seed,0.234,0.1782,0.8402,5728,0.017184
games,8,full,team,40,seed,0.4164,0.1441,0.826,6494,0.019482
games,8,hierarchy,team,40,seed,0.5762,0.1041,0.7866,6388,0.019164
games,1,none,single_llm,40,paraphrase,1.2391,0.3866,0.5151,802,0.002406
games,4,none,ensemble,40,paraphrase,0.8542,0.3501,0.5514,3130,0.00939
games,6,none,ensemble,40,paraphrase,0.8627,0.3052,0.5229,5227,0.015681
games,8,none,ensemble,40,paraphrase,0.7488,0.3293,0.6613,6368,0.019104
games,4,chain,team,40,paraphrase,1.0014,0.2689,0.7619,3212,0.009636
games,4,star,team,40,paraphrase,0.8015,0.2528,0.7724,2980,0.00894
games,4,full,team,40,paraphrase,0.6316,0.2045,0.745,3129,0.009387
games,4,hierarchy,team,40,paraphrase,0.851,0.3122,0.6712,2965,0.008895
games,6,chain,team,40,paraphrase,0.508,0.316,0.7299,5030,0.01509
games,6,star,team,40,paraphrase,0.4676,0.2047,0.7701,4678,0.014034
games,6,full,team,40,paraphrase,0.6792,0.2772,0.7073,4309,0.012927
games,6,hierarchy,team,40,paraphrase,0.5338,0.279,0.7867,4734,0.014202
games,8,chain,team,40,paraphrase,0.5803,0.1807,0.7695,6156,0.018468
games,8,star,team,40,paraphrase,0.5007,0.2077,0.7456,6249,0.018747
games,8,full,team,40,paraphrase,0.4977,0.1951,0.8473,6774,0.020322
games,8,hierarchy,team,40,paraphrase,0.627,0.1853,0.7096,6818,0.020454
games,1,none,single_llm,41,seed,1.2257,0.2646,0.527,793,0.002379
games,4,none,ensemble,41,seed,0.8387,0.3241,0.6788,3639,0.010917
games,6,none,ensemble,41,seed,0.8498,0.2313,0.6338,4805,0.014415
games,8,none,ensemble,41,seed,0.7516,0.14,0.6976,6193,0.018579
games,4,chain,team,41,seed,0.7713,0.2385,0.7109,3350,0.01005
games,4,star,team,41,seed,0.6618,0.0752,0.7458,3545,0.010635
games,4,full,team,41,seed,0.4818,0.1745,0.8593,2956,0.008868
games,4,hierarchy,team,41,seed,0.7002,0.1478,0.8414,3173,0.009519
games,6,chain,team,41,seed,0.5763,0.2289,0.7877,4379,0.013137
games,6,star,team,41,seed,0.4569,0.1645,0.7534,3783,0.011349
games,6,full,team,41,seed,0.4863,0.0655,0.8754,4884,0.014652
games,6,hierarchy,team,41,seed,0.4511,0.1268,0.6802,4272,0.012816
games,8,chain,team,41,seed,0.5983,0.2426,0.8013,6341,0.019023
games,8,star,team,41,seed,0.4035,0.0851,0.898,6279,0.018837
games,8,full,team,41,seed,0.6282,0.1591,0.718,5973,0.017919
games,8,hierarchy,team,41,seed,0.3998,0.1301,0.782,8317,0.024951
games,1,none,single_llm,41,paraphrase,1.1184,0.4237,0.5532,799,0.002397
games,4,none,ensemble,41,paraphrase,0.9932,0.2578,0.6164,3363,0.010089
games,6,none,ensemble,41,paraphrase,0.9375,0.3158,0.7348,5249,0.015747
games,8,none,ensemble,41,paraphrase,0.8386,0.2097,0.654,6259,0.018777
games,4,chain,team,41,paraphrase,0.8352,0.2609,0.6532,2819,0.008457
games,4,star,team,41,paraphrase,0.5949,0.2406,0.6565,2879,0.008637
games,4,full,team,41,paraphrase,0.6906,0.1766,0.759,3436,0.010308
games,4,hierarchy,team,41,paraphrase,0.7251,0.2425,0.7469,2971,0.008913
games,6,chain,team,41,paraphrase,0.5733,0.2826,0.7588,5088,0.015264
games,6,star,team,41,paraphrase,0.6942,0.1256,0.8123,4988,0.014964
games,6,full,team,41,paraphrase,0.6727,0.2002,0.7571,4667,0.014001
games,6,hierarchy,team,41,paraphrase,0.6583,0.2023,0.778,4038,0.012114
games,8,chain,team,41,paraphrase,0.5225,0.2951,0.6937,6247,0.018741
games,8,star,team,41,paraphrase,0.4384,0.1968,0.7182,6281,0.018843
games,8,full,team,41,paraphrase,0.5816,0.1354,0.8044,6926,0.020778
games,8,hierarchy,team,41,paraphrase,0.6522,0.199,0.9071,7074,0.021222
games,1,none,single_llm,42,seed,1.2487,0.2974,0.5432,914,0.002742
games,4,none,ensemble,42,seed,1.1051,0.3239,0.6971,2798,0.008394
games,6,none,ensemble,42,seed,0.8766,0.1652,0.6008,4914,0.014742
games,8,none,ensemble,42,seed,0.8128,0.2535,0.7598,6740,0.02022
games,4,chain,team,42,seed,0.6315,0.2158,0.6646,2558,0.007674
games,4,star,team,42,seed,0.7541,0.1599,0.8136,3554,0.010662
games,4,full,team,42,seed,0.5881,0.1936,0.7469,2609,0.007827
games,4,hierarchy,team,42,seed,0.7123,0.1812,0.738,3832,0.011496
games,6,chain,team,42,seed,0.419,0.1901,0.7049,5235,0.015705
games,6,star,team,42,seed,0.5514,0.1599,0.7374,4432,0.013296
games,6,full,team,42,seed,0.5843,0.1956,0.8186,4369,0.013107
games,6,hierarchy,team,42,seed,0.5755,0.2518,0.7797,5501,0.016503
games,8,chain,team,42,seed,0.4226,0.1516,0.796,6654,0.019962
games,8,star,team,42,seed,0.37,0.091,0.8444,7162,0.021486
games,8,full,team,42,seed,0.5679,0.1755,0.8117,6200,0.0186
games,8,hierarchy,team,42,seed,0.6018,0.1619,0.7359,5738,0.017214
games,1,none,single_llm,42,paraphrase,1.3538,0.3994,0.5081,885,0.002655
games,4,none,ensemble,42,paraphrase,1.0711,0.3765,0.4941,3281,0.009843
games,6,none,ensemble,42,paraphrase,0.9815,0.2109,0.6107,4396,0.013188
games,8,none,ensemble,42,paraphrase,0.8326,0.3497,0.8114,5878,0.017634
games,4,chain,team,42,paraphrase,0.8627,0.3024,0.7194,3327,0.009981
games,4,star,team,42,paraphrase,0.7904,0.3175,0.7851,2860,0.00858
games,4,full,team,42,paraphrase,0.8096,0.2657,0.7557,3562,0.010686
games,4,hierarchy,team,42,paraphrase,0.7988,0.268,0.7261,2554,0.007662
games,6,chain,team,42,paraphrase,0.6436,0.208,0.6553,5488,0.016464
games,6,star,team,42,paraphrase,0.652,0.2035,0.7164,4942,0.014826
games,6,full,team,42,paraphrase,0.6707,0.1517,0.7544,5216,0.015648
games,6,hierarchy,team,42,paraphrase,0.428,0.2124,0.7132,4735,0.014205
games,8,chain,team,42,paraphrase,0.5265,0.2188,0.8212,6192,0.018576
games,8,star,team,42,paraphrase,0.5558,0.2631,0.7275,7561,0.022683
games,8,full,team,42,paraphrase,0.4972,0.2346,0.8025,6596,0.019788
games,8,hierarchy,team,42,paraphrase,0.5401,0.1684,0.7488,6974,0.020922
games,1,none,single_llm,43,seed,1.198,0.331,0.5324,879,0.002637
games,4,none,ensemble,43,seed,1.047,0.2166,0.6099,3321,0.009963
games,6,none,ensemble,43,seed,1.0015,0.2846,0.6149,4673,0.014019
games,8,none,ensemble,43,seed,0.6383,0.195,0.8263,5489,0.016467
games,4,chain,team,43,seed,0.5681,0.1869,0.7544,3398,0.010194
games,4,star,team,43,seed,0.7237,0.237,0.6818,3580,0.01074
games,4,full,team,43,seed,0.6188,0.1993,0.7138,3201,0.009603
games,4,hierarchy,team,43,seed,0.7236,0.2462,0.6807,3209,0.009627
games,6,chain,team,43,seed,0.4631,0.195,0.7935,5417,0.016251
games,6,star,team,43,seed,0.4681,0.1818,0.8527,4011,0.012033
games,6,full,team,43,seed,0.5528,0.1631,0.7817,4218,0.012654
games,6,hierarchy,team,43,seed,0.6359,0.1068,0.7657,4780,0.01434
games,8,chain,team,43,seed,0.5682,0.1283,0.7308,6463,0.019389
games,8,star,team,43,seed,0.5473,0.2148,0.7196,6601,0.019803
games,8,full,team,43,seed,0.308,0.1441,0.7581,5968,0.017904
games,8,hierarchy,team,43,seed,0.4077,0.1303,0.8012,6709,0.020127
games,1,none,single_llm,43,paraphrase,1.2791,0.3302,0.5609,795,0.002385
games,4,none,ensemble,43,paraphrase,1.1194,0.2746,0.5139,3189,0.009567
games,6,none,ensemble,43,paraphrase,1.0537,0.2953,0.638,4382,0.013146
games,8,none,ensemble,43,paraphrase,1.0409,0.2169,0.6465,6764,0.020292
games,4,chain,team,43,paraphrase,0.6244,0.331,0.7312,3487,0.010461
games,4,star,team,43,paraphrase,0.8158,0.2436,0.6768,3155,0.009465
games,4,full,team,43,paraphrase,0.6325,0.2494,0.7803,3672,0.011016
games,4,hierarchy,team,43,paraphrase,0.8172,0.297,0.7051,3046,0.009138
games,6,chain,team,43,paraphrase,0.699,0.2193,0.7281,4290,0.01287
games,6,star,team,43,paraphrase,0.5134,0.2302,0.789,4326,0.012978
games,6,full,team,43,paraphrase,0.6387,0.1634,0.7554,5480,0.01644
games,6,hierarchy,team,43,paraphrase,0.7023,0.2466,0.8301,4462,0.013386
games,8,chain,team,43,paraphrase,0.4781,0.1844,0.7123,4893,0.014679
games,8,star,team,43,paraphrase,0.5059,0.1616,0.7942,6625,0.019875
games,8,full,team,43,paraphrase,0.4366,0.1869,0.8012,5908,0.017724
games,8,hierarchy,team,43,paraphrase,0.4974,0.1043,0.6905,5924,0.017772
games,1,none,single_llm,44,seed,1.2111,0.2933,0.5141,701,0.002103
games,4,none,ensemble,44,seed,0.9205,0.2713,0.6741,3203,0.009609
games,6,none,ensemble,44,seed,0.6333,0.1963,0.6656,4606,0.013818
games,8,none,ensemble,44,seed,0.759,0.2796,0.7787,5767,0.017301
games,4,chain,team,44,seed,0.7978,0.2456,0.6997,3471,0.010413
games,4,star,team,44,seed,0.664,0.1336,0.7928,3269,0.009807
games,4,full,team,44,seed,0.6272,0.1685,0.744,3395,0.010185
games,4,hierarchy,team,44,seed,0.6957,0.2067,0.7779,2830,0.00849
games,6,chain,team,44,seed,0.4822,0.0863,0.7829,4218,0.012654
games,6,star,team,44,seed,0.5349,0.1596,0.8147,4222,0.012666
games,6,full,team,44,seed,0.4851,0.1916,0.8803,5273,0.015819
games,6,hierarchy,team,44,seed,0.5753,0.1145,0.8106,4724,0.014172
games,8,chain,team,44,seed,0.5527,0.128,0.7564,6505,0.019515
games,8,star,team,44,seed,0.4713,0.1431,0.766,5540,0.01662
games,8,full,team,44,seed,0.5791,0.2029,0.8274,5552,0.016656
games,8,hierarchy,team,44,seed,0.3893,0.1537,0.8521,5623,0.016869
games,1,none,single_llm,44,paraphrase,1.2614,0.4218,0.5705,772,0.002316
games,4,none,ensemble,44,paraphrase,0.7923,0.3411,0.6775,3173,0.009519
games,6,none,ensemble,44,paraphrase,0.9468,0.2635,0.5993,5292,0.015876
games,8,none,ensemble,44,paraphrase,0.8765,0.2929,0.7801,5724,0.017172
games,4,chain,team,44,paraphrase,0.7548,0.2863,0.6718,3450,0.01035
games,4,star,team,44,paraphrase,0.7413,0.2103,0.7333,3254,0.009762
games,4,full,team,44,paraphrase,0.8235,0.2457,0.7631,3302,0.009906
games,4,hierarchy,team,44,paraphrase,0.7612,0.2314,0.7344,3093,0.009279
games,6,chain,team,44,paraphrase,0.8206,0.2884,0.7463,4981,0.014943
games,6,star,team,44,paraphrase,0.5928,0.1543,0.7338,4848,0.014544
games,6,full,team,44,paraphrase,0.5945,0.2035,0.8007,4467,0.013401
games,6,hierarchy,team,44,paraphrase,0.5533,0.2728,0.7732,4612,0.013836
games,8,chain,team,44,paraphrase,0.5659,0.2092,0.7266,6702,0.020106
games,8,star,team,44,paraphrase,0.7802,0.1909,0.7881,5320,0.01596
games,8,full,team,44,paraphrase,0.4482,0.2125,0.7851,3590,0.01077
games,8,hierarchy,team,44,paraphrase,0.6141,0.2701,0.6452,7372,0.022116
games,1,none,single_llm,45,seed,0.7842,0.4063,0.5494,612,0.001836
games,4,none,ensemble,45,seed,0.9535,0.3075,0.6718,3387,0.010161
games,6,none,ensemble,45,seed,0.7688,0.1342,0.7315,5639,0.016917
games,8,none,ensemble,45,seed,0.8855,0.1089,0.6391,5858,0.017574
games,4,chain,team,45,seed,0.5707,0.2218,0.7597,2742,0.008226
games,4,star,team,45,seed,0.7577,0.214,0.7426,3144,0.009432
games,4,full,team,45,seed,0.455,0.1567,0.7804,3253,0.009759
games,4,hierarchy,team,45,seed,0.7379,0.2098,0.7468,3291,0.009873
games,6,chain,team,45,seed,0.6718,0.1709,0.7705,4710,0.01413
games,6,star,team,45,seed,0.4569,0.1657,0.7569,4985,0.014955
games,6,full,team,45,seed,0.4944,0.1126,0.7782,4556,0.013668
games,6,hierarchy,team,45,seed,0.377,0.1701,0.7862,5207,0.015621
games,8,chain,team,45,seed,0.4435,0.2291,0.746,5839,0.017517
games,8,star,team,45,seed,0.3473,0.054,0.8716,7277,0.021831
games,8,full,team,45,seed,0.4767,0.0675,0.8956,6174,0.018522
games,8,hierarchy,team,45,seed,0.4398,0.1908,0.8179,7808,0.023424
games,1,none,single_llm,45,paraphrase,1.3173,0.3862,0.4672,652,0.001956
games,4,none,ensemble,45,paraphrase,0.9466,0.3672,0.6459,3206,0.009618
games,6,none,ensemble,45,paraphrase,0.7788,0.2986,0.7108,5006,0.015018
games,8,none,ensemble,45,paraphrase,0.85,0.2285,0.742,4395,0.013185
games,4,chain,team,45,paraphrase,0.8483,0.3828,0.6246,3122,0.009366
games,4,star,team,45,paraphrase,0.7592,0.2315,0.7818,3351,0.010053
games,4,full,team,45,paraphrase,0.7452,0.2619,0.7408,4217,0.012651
games,4,hierarchy,team,45,paraphrase,0.7951,0.2678,0.6345,3026,0.009078
games,6,chain,team,45,paraphrase,0.7663,0.1813,0.6067,4815,0.014445
games,6,star,team,45,paraphrase,0.7387,0.2064,0.7278,3907,0.011721
games,6,full,team,45,paraphrase,0.6168,0.2112,0.6655,5344,0.016032
games,6,hierarchy,team,45,paraphrase,0.6982,0.26,0.7638,5113,0.015339
games,8,chain,team,45,paraphrase,0.6287,0.2481,0.6341,5439,0.016317
games,8,star,team,45,paraphrase,0.4531,0.1781,0.7744,6607,0.019821
games,8,full,team,45,paraphrase,0.6084,0.2093,0.7214,6552,0.019656
games,8,hierarchy,team,45,paraphrase,0.4619,0.1858,0.7611,4218,0.012654
games,1,none,single_llm,46,seed,1.5617,0.384,0.5083,954,0.002862
games,4,none,ensemble,46,seed,0.8583,0.2566,0.6208,3728,0.011184
games,6,none,ensemble,46,seed,0.8056,0.2347,0.7622,5080,0.01524
games,8,none,ensemble,46,seed,0.7435,0.2639,0.8823,6603,0.019809
games,4,chain,team,46,seed,0.7417,0.2268,0.8055,3008,0.009024
games,4,star,team,46,seed,0.6522,0.1285,0.7108,3034,0.009102
games,4,full,team,46,seed,0.6444,0.2408,0.8068,2908,0.008724
games,4,hierarchy,team,46,seed,0.6272,0.255,0.8163,3209,0.009627
games,6,chain,team,46,seed,0.5273,0.2197,0.705,4988,0.014964
games,6,star,team,46,seed,0.7489,0.153,0.7458,4996,0.014988
games,6,full,team,46,seed,0.4446,0.069,0.8297,5336,0.016008
games,6,hierarchy,team,46,seed,0.5105,0.1397,0.7265,4728,0.014184
games,8,chain,team,46,seed,0.4404,0.1129,0.8596,6698,0.020094
games,8,star,team,46,seed,0.5039,0.1587,0.8336,6135,0.018405
games,8,full,team,46,seed,0.4439,0.0926,0.8269,6618,0.019854
games,8,hierarchy,team,46,seed,0.4284,0.0802,0.7923,6269,0.018807
games,1,none,single_llm,46,paraphrase,0.9964,0.4405,0.5776,1002,0.003006
games,4,none,ensemble,46,paraphrase,0.9331,0.2831,0.5434,3266,0.009798
games,6,none,ensemble,46,paraphrase,0.9225,0.2467,0.6395,3850,0.01155
games,8,none,ensemble,46,paraphrase,0.9412,0.2298,0.6879,5486,0.016458
games,4,chain,team,46,paraphrase,0.7518,0.2688,0.6994,3353,0.010059
games,4,star,team,46,paraphrase,0.9039,0.2793,0.7781,3662,0.010986
games,4,full,team,46,paraphrase,0.787,0.2285,0.7905,3543,0.010629
games,4,hierarchy,team,46,paraphrase,0.8449,0.2018,0.6779,3112,0.009336
games,6,chain,team,46,paraphrase,0.7296,0.2339,0.7715,5431,0.016293
games,6,star,team,46,paraphrase,0.7215,0.253,0.6928,5031,0.015093
games,6,full,team,46,paraphrase,0.5108,0.1188,0.7403,5435,0.016305
games,6,hierarchy,team,46,paraphrase,0.6677,0.2955,0.7435,5974,0.017922
games,8,chain,team,46,paraphrase,0.5944,0.2142,0.661,7110,0.02133
games,8,star,team,46,paraphrase,0.4765,0.1575,0.8191,7141,0.021423
games,8,full,team,46,paraphrase,0.6099,0.1488,0.7625,6361,0.019083
games,8,hierarchy,team,46,paraphrase,0.6249,0.2555,0.7634,7663,0.022989
games,1,none,single_llm,47,seed,1.3346,0.3359,0.608,936,0.002808
games,4,none,ensemble,47,seed,1.1398,0.3093,0.6515,3130,0.00939
games,6,none,ensemble,47,seed,0.8873,0.311,0.716,5018,0.015054
games,8,none,ensemble,47,seed,0.7562,0.1919,0.7203,6486,0.019458
games,4,chain,team,47,seed,0.9018,0.2104,0.7426,2923,0.008769
games,4,star,team,47,seed,0.7517,0.2447,0.8512,3265,0.009795
games,4,full,team,47,seed,0.7074,0.1639,0.8064,3300,0.0099
games,4,hierarchy,team,47,seed,0.7058,0.2055,0.7826,3105,0.009315
games,6,chain,team,47,seed,0.5473,0.243,0.8902,4221,0.012663
games,6,star,team,47,seed,0.3956,0.1065,0.7795,5229,0.015687
games,6,full,team,47,seed,0.5507,0.1316,0.8211,4467,0.013401
games,6,hierarchy,team,47,seed,0.5172,0.1539,0.6954,4242,0.012726
games,8,chain,team,47,seed,0.3845,0.1839,0.7773,6791,0.020373
games,8,star,team,47,seed,0.2627,0.064,0.8282,4621,0.013863
games,8,full,team,47,seed,0.5391,0.0304,0.8472,5831,0.017493
games,8,hierarchy,team,47,seed,0.5716,0.2617,0.6713,6845,0.020535
games,1,none,single_llm,47,paraphrase,1.0088,0.4356,0.4955,810,0.00243
games,4,none,ensemble,47,paraphrase,0.8706,0.349,0.5231,3597,0.010791
games,6,none,ensemble,47,paraphrase,0.8491,0.2171,0.7457,4767,0.014301
games,8,none,ensemble,47,paraphrase,1.0589,0.3294,0.6421,6345,0.019035
games,4,chain,team,47,paraphrase,0.8221,0.3411,0.7219,3256,0.009768
games,4,star,team,47,paraphrase,0.74,0.248,0.7952,3201,0.009603
games,4,full,team,47,paraphrase,0.6905,0.2074,0.7123,2751,0.008253
games,4,hierarchy,team,47,paraphrase,0.705,0.3199,0.7097,3425,0.010275
games,6,chain,team,47,paraphrase,0.4037,0.2575,0.7066,4568,0.013704
games,6,star,team,47,paraphrase,0.6197,0.1849,0.6384,5242,0.015726
games,6,full,team,47,paraphrase,0.5959,0.1722,0.7063,4094,0.012282
games,6,hierarchy,team,47,paraphrase,0.644,0.2793,0.7448,4136,0.012408
games,8,chain,team,47,paraphrase,0.5992,0.2112,0.7682,6788,0.020364
games,8,star,team,47,paraphrase,0.2281,0.2051,0.7048,5490,0.01647
games,8,full,team,47,paraphrase,0.4778,0.1798,0.683,6850,0.02055
games,8,hierarchy,team,47,paraphrase,0.623,0.1952,0.7016,5773,0.017319
games,1,none,single_llm,48,seed,1.3539,0.2593,0.6245,786,0.002358
games,4,none,ensemble,48,seed,0.8885,0.1646,0.6412,3396,0.010188
games,6,none,ensemble,48,seed,0.6578,0.2522,0.6953,4490,0.01347
games,8,none,ensemble,48,seed,0.8526,0.0982,0.7508,7436,0.022308
games,4,chain,team,48,seed,0.874,0.2356,0.7249,2996,0.008988
games,4,star,team,48,seed,0.6497,0.2118,0.7296,3442,0.010326
games,4,full,team,48,seed,0.8633,0.1675,0.7128,2769,0.008307
games,4,hierarchy,team,48,seed,0.7777,0.1976,0.8038,3029,0.009087
games,6,chain,team,48,seed,0.6547,0.1684,0.718,4607,0.013821
games,6,star,team,48,seed,0.4019,0.2243,0.7798,5109,0.015327
games,6,full,team,48,seed,0.4379,0.0827,0.7829,5328,0.015984
games,6,hierarchy,team,48,seed,0.4895,0.1199,0.7824,5039,0.015117
games,8,chain,team,48,seed,0.661,0.1675,0.7972,6860,0.02058
games,8,star,team,48,seed,0.3314,0.0848,0.7408,5547,0.016641
games,8,full,team,48,seed,0.4962,0.1149,0.809,4740,0.01422
games,8,hierarchy,team,48,seed,0.6722,0.0976,0.8876,5472,0.016416
games,1,none,single_llm,48,paraphrase,1.1581,0.2778,0.5353,711,0.002133
games,4,none,ensemble,48,paraphrase,0.8512,0.2414,0.6566,3427,0.010281
games,6,none,ensemble,48,paraphrase,1.1156,0.253,0.6631,4181,0.012543
games,8,none,ensemble,48,paraphrase,0.7898,0.2424,0.7179,7050,0.02115
games,4,chain,team,48,paraphrase,0.9091,0.2463,0.7499,3185,0.009555
games,4,star,team,48,paraphrase,0.7275,0.2217,0.702,3757,0.011271
games,4,full,team,48,paraphrase,0.7607,0.237,0.7269,3982,0.011946
games,4,hierarchy,team,48,paraphrase,0.9105,0.2312,0.7063,3131,0.009393
games,6,chain,team,48,paraphrase,0.6662,0.2067,0.7366,5497,0.016491
games,6,star,team,48,paraphrase,0.4702,0.1596,0.7205,4590,0.01377
games,6,full,team,48,paraphrase,0.7714,0.2248,0.8018,4673,0.014019
games,6,hierarchy,team,48,paraphrase,0.593,0.1567,0.7737,5035,0.015105
games,8,chain,team,48,paraphrase,0.7053,0.2049,0.7179,6508,0.019524
games,8,star,team,48,paraphrase,0.6159,0.1245,0.7918,6386,0.019158
games,8,full,team,48,paraphrase,0.3908,0.0799,0.7582,7326,0.021978
games,8,hierarchy,team,48,paraphrase,0.7141,0.2075,0.8431,6372,0.019116
games,1,none,single_llm,49,seed,1.343,0.3229,0.514,745,0.002235
games,4,none,ensemble,49,seed,0.6527,0.3144,0.6115,2943,0.008829
games,6,none,ensemble,49,seed,0.6766,0.2171,0.7958,5805,0.017415
games,8,none,ensemble,49,seed,0.5507,0.1906,0.6679,7032,0.021096
games,4,chain,team,49,seed,0.7587,0.1945,0.7436,3047,0.009141
games,4,star,team,49,seed,0.8414,0.2119,0.8035,2346,0.007038
games,4,full,team,49,seed,0.6433,0.2533,0.8463,2608,0.007824
games,4,hierarchy,team,49,seed,0.6687,0.1519,0.8456,3278,0.009834
games,6,chain,team,49,seed,0.4948,0.1761,0.6243,4279,0.012837
games,6,star,team,49,seed,0.5252,0.1786,0.6876,4617,0.013851
games,6,full,team,49,seed,0.5926,0.0667,0.8061,4831,0.014493
games,6,hierarchy,team,49,seed,0.713,0.1455,0.766,5210,0.01563
games,8,chain,team,49,seed,0.364,0.1445,0.7422,6311,0.018933
games,8,star,team,49,seed,0.5315,0.1455,0.7576,6487,0.019461
games,8,full,team,49,seed,0.5657,0.0701,0.8123,6276,0.018828
games,8,hierarchy,team,49,seed,0.4604,0.0681,0.8555,5904,0.017712
games,1,none,single_llm,49,paraphrase,1.4339,0.3727,0.4662,897,0.002691
games,4,none,ensemble,49,paraphrase,1.0993,0.3204,0.6557,3107,0.009321
games,6,none,ensemble,49,paraphrase,0.8972,0.2542,0.7042,4467,0.013401
games,8,none,ensemble,49,paraphrase,1.0082,0.2525,0.6912,6885,0.020655
games,4,chain,team,49,paraphrase,0.8124,0.2681,0.6985,3486,0.010458
games,4,star,team,49,paraphrase,0.6937,0.245,0.7305,3476,0.010428
games,4,full,team,49,paraphrase,0.72,0.3023,0.7322,3123,0.009369
games,4,hierarchy,team,49,paraphrase,0.7629,0.2073,0.6682,3030,0.00909
games,6,chain,team,49,paraphrase,0.7652,0.2334,0.6904,5388,0.016164
games,6,star,team,49,paraphrase,0.7567,0.255,0.702,4562,0.013686
games,6,full,team,49,paraphrase,0.753,0.1944,0.7412,5144,0.015432
games,6,hierarchy,team,49,paraphrase,0.7223,0.1919,0.7456,5244,0.015732
games,8,chain,team,49,paraphrase,0.4606,0.2138,0.6693,5770,0.01731
games,8,star,team,49,paraphrase,0.4704,0.2024,0.7389,5985,0.017955
games,8,full,team,49,paraphrase,0.5018,0.1175,0.7864,7124,0.021372
games,8,hierarchy,team,49,paraphrase,0.5387,0.1852,0.7637,5101,0.015303
games,1,none,single_llm,50,seed,1.2805,0.5361,0.5414,790,0.00237
games,4,none,ensemble,50,seed,0.9892,0.3323,0.7085,2510,0.00753
games,6,none,ensemble,50,seed,0.8858,0.3559,0.7273,4245,0.012735
games,8,none,ensemble,50,seed,0.7838,0.1443,0.804,5788,0.017364
games,4,chain,team,50,seed,0.7374,0.1857,0.7127,3675,0.011025
games,4,star,team,50,seed,0.6903,0.1676,0.7127,2601,0.007803
games,4,full,team,50,seed,0.5249,0.1745,0.829,3020,0.00906
games,4,hierarchy,team,50,seed,0.8571,0.1713,0.7481,2854,0.008562
games,6,chain,team,50,seed,0.6707,0.2586,0.6665,4633,0.013899
games,6,star,team,50,seed,0.6481,0.0869,0.813,5386,0.016158
games,6,full,team,50,seed,0.4994,0.1468,0.8827,5735,0.017205
games,6,hierarchy,team,50,seed,0.5354,0.1334,0.7286,5268,0.015804
games,8,chain,team,50,seed,0.3595,0.1432,0.7701,6078,0.018234
games,8,star,team,50,seed,0.4746,0.2259,0.7889,6121,0.018363
games,8,full,team,50,seed,0.5182,0.1129,0.877,6505,0.019515
games,8,hierarchy,team,50,seed,0.4418,0.062,0.704,5225,0.015675
games,1,none,single_llm,50,paraphrase,1.3369,0.3283,0.5979,802,0.002406
games,4,none,ensemble,50,paraphrase,0.9507,0.2678,0.6473,2942,0.008826
games,6,none,ensemble,50,paraphrase,0.7799,0.3467,0.6713,4687,0.014061
games,8,none,ensemble,50,paraphrase,0.907,0.2688,0.713,5877,0.017631
games,4,chain,team,50,paraphrase,1.017,0.2568,0.7778,3139,0.009417
games,4,star,team,50,paraphrase,0.8407,0.2794,0.7873,2931,0.008793
games,4,full,team,50,paraphrase,0.8376,0.3039,0.7271,3211,0.009633
games,4,hierarchy,team,50,paraphrase,0.7277,0.2461,0.8056,2878,0.008634
games,6,chain,team,50,paraphrase,0.5574,0.2992,0.7459,5817,0.017451
games,6,star,team,50,paraphrase,0.5566,0.2098,0.7116,4868,0.014604
games,6,full,team,50,paraphrase,0.3942,0.2121,0.7708,4772,0.014316
games,6,hierarchy,team,50,paraphrase,0.5826,0.179,0.771,4237,0.012711
games,8,chain,team,50,paraphrase,0.6279,0.2963,0.7993,5436,0.016308
games,8,star,team,50,paraphrase,0.473,0.2002,0.7515,5504,0.016512
games,8,full,team,50,paraphrase,0.5352,0.1629,0.8607,6237,0.018711
games,8,hierarchy,team,50,paraphrase,0.6635,0.1426,0.6936,6861,0.020583
games,1,none,single_llm,51,seed,1.3626,0.2926,0.5517,689,0.002067
games,4,none,ensemble,51,seed,0.8783,0.2918,0.6239,3120,0.00936
games,6,none,ensemble,51,seed,0.6826,0.1949,0.7955,4835,0.014505
games,8,none,ensemble,51,seed,0.6297,0.1926,0.6342,5750,0.01725
games,4,chain,team,51,seed,0.866,0.2143,0.8345,3169,0.009507
games,4,star,team,51,seed,0.6764,0.2156,0.6364,3265,0.009795
games,4,full,team,51,seed,0.6451,0.2294,0.8282,2837,0.008511
games,4,hierarchy,team,51,seed,0.8242,0.1895,0.7148,3263,0.009789
games,6,chain,team,51,seed,0.5513,0.2363,0.7717,4898,0.014694
games,6,star,team,51,seed,0.6117,0.1885,0.8238,5481,0.016443
games,6,full,team,51,seed,0.5525,0.1314,0.8566,4756,0.014268
games,6,hierarchy,team,51,seed,0.5449,0.2236,0.8557,4796,0.014388
games,8,chain,team,51,seed,0.4513,0.2119,0.805,6601,0.019803
games,8,star,team,51,seed,0.4145,0.1366,0.7939,5974,0.017922
games,8,full,team,51,seed,0.4296,0.114,0.7862,6978,0.020934
games,8,hierarchy,team,51,seed,0.5955,0.1721,0.7712,6883,0.020649
games,1,none,single_llm,51,paraphrase,1.2917,0.3359,0.5571,811,0.002433
games,4,none,ensemble,51,paraphrase,1.2912,0.3829,0.6527,3279,0.009837
games,6,none,ensemble,51,paraphrase,0.9178,0.2371,0.5457,4381,0.013143
games,8,none,ensemble,51,paraphrase,0.8243,0.1631,0.6573,6241,0.018723
games,4,chain,team,51,paraphrase,0.7885,0.2535,0.6829,3751,0.011253
games,4,star,team,51,paraphrase,0.8262,0.2276,0.7266,3190,0.00957
games,4,full,team,51,paraphrase,0.6532,0.1992,0.7905,3065,0.009195
games,4,hierarchy,team,51,paraphrase,0.6705,0.2583,0.7259,2568,0.007704
games,6,chain,team,51,paraphrase,0.6475,0.2695,0.7372,5870,0.01761
games,6,star,team,51,paraphrase,0.7267,0.2627,0.8846,5163,0.015489
games,6,full,team,51,paraphrase,0.5879,0.2237,0.7267,4851,0.014553
games,6,hierarchy,team,51,paraphrase,0.5568,0.2307,0.702,4470,0.01341
games,8,chain,team,51,paraphrase,0.618,0.2078,0.6286,5468,0.016404
games,8,star,team,51,paraphrase,0.4119,0.148,0.7757,6540,0.01962
games,8,full,team,51,paraphrase,0.6032,0.1934,0.8186,6789,0.020367
games,8,hierarchy,team,51,paraphrase,0.5676,0.2373,0.791,6640,0.01992
games,1,none,single_llm,52,seed,1.3907,0.2093,0.5297,775,0.002325
games,4,none,ensemble,52,seed,1.0383,0.3286,0.563,3651,0.010953
games,6,none,ensemble,52,seed,0.6776,0.1702,0.6759,4647,0.013941
games,8,none,ensemble,52,seed,0.563,0.2408,0.7708,7074,0.021222
games,4,chain,team,52,seed,0.6867,0.2184,0.7385,3740,0.01122
games,4,star,team,52,seed,0.3966,0.1517,0.7703,2852,0.008556
games,4,full,team,52,seed,0.6242,0.165,0.7471,3220,0.00966
games,4,hierarchy,team,52,seed,0.7628,0.1905,0.7373,3146,0.009438
games,6,chain,team,52,seed,0.5709,0.1051,0.7777,4583,0.013749
games,6,star,team,52,seed,0.6477,0.1684,0.8431,4314,0.012942
games,6,full,team,52,seed,0.4545,0.075,0.7594,5401,0.016203
games,6,hierarchy,team,52,seed,0.6903,0.1088,0.7517,4763,0.014289
games,8,chain,team,52,seed,0.5552,0.0829,0.6848,6713,0.020139
games,8,star,team,52,seed,0.2518,0.1055,0.8031,6666,0.019998
games,8,full,team,52,seed,0.4025,0.0887,0.8472,6582,0.019746
games,8,hierarchy,team,52,seed,0.402,0.1348,0.8042,7499,0.022497
games,1,none,single_llm,52,paraphrase,1.3979,0.4829,0.4673,758,0.002274
games,4,none,ensemble,52,paraphrase,0.9518,0.3028,0.5495,3605,0.010815
games,6,none,ensemble,52,paraphrase,1.0042,0.272,0.6885,4906,0.014718
games,8,none,ensemble,52,paraphrase,0.9164,0.2011,0.6813,6362,0.019086
games,4,chain,team,52,paraphrase,0.8724,0.2549,0.575,2853,0.008559
games,4,star,team,52,paraphrase,0.7539,0.2526,0.8142,3386,0.010158
games,4,full,team,52,paraphrase,0.7382,0.2287,0.7952,3011,0.009033
games,4,hierarchy,team,52,paraphrase,0.766,0.2164,0.7909,3325,0.009975
games,6,chain,team,52,paraphrase,0.5808,0.2302,0.7401,4679,0.014037
games,6,star,team,52,paraphrase,0.5481,0.1786,0.7616,4628,0.013884
games,6,full,team,52,paraphrase,0.5262,0.1313,0.7585,4713,0.014139
games,6,hierarchy,team,52,paraphrase,0.5894,0.2227,0.772,5136,0.015408
games,8,chain,team,52,paraphrase,0.6319,0.2037,0.6967,5731,0.017193
games,8,star,team,52,paraphrase,0.4674,0.1841,0.7157,6461,0.019383
games,8,full,team,52,paraphrase,0.4001,0.0969,0.806,6096,0.018288
games,8,hierarchy,team,52,paraphrase,0.463,0.1496,0.7662,7279,0.021837
games,1,none,single_llm,53,seed,1.1395,0.3371,0.625,655,0.001965
games,4,none,ensemble,53,seed,1.136,0.3722,0.4876,3168,0.009504
games,6,none,ensemble,53,seed,0.7319,0.214,0.6649,5189,0.015567
games,8,none,ensemble,53,seed,0.7365,0.1628,0.7197,6729,0.020187
games,4,chain,team,53,seed,0.6116,0.1542,0.8396,2994,0.008982
games,4,star,team,53,seed,0.6663,0.1741,0.7974,3767,0.011301
games,4,full,team,53,seed,0.708,0.1093,0.7108,3072,0.009216
games,4,hierarchy,team,53,seed,0.6732,0.1311,0.801,2852,0.008556
games,6,chain,team,53,seed,0.7209,0.2476,0.7422,5010,0.01503
games,6,star,team,53,seed,0.3984,0.1697,0.7597,4278,0.012834
games,6,full,team,53,seed,0.4627,0.1061,0.7784,5255,0.015765
games,6,hierarchy,team,53,seed,0.4631,0.2241,0.7084,5575,0.016725
games,8,chain,team,53,seed,0.395,0.1533,0.7405,6180,0.01854
games,8,star,team,53,seed,0.5268,0.1833,0.8545,6140,0.01842
games,8,full,team,53,seed,0.4351,0.0721,0.7554,5666,0.016998
games,8,hierarchy,team,53,seed,0.4229,0.1433,0.6894,6370,0.01911
games,1,none,single_llm,53,paraphrase,1.5074,0.4773,0.469,688,0.002064
games,4,none,ensemble,53,paraphrase,1.0352,0.1941,0.6766,3131,0.009393
games,6,none,ensemble,53,paraphrase,1.1179,0.2009,0.7051,4751,0.014253
games,8,none,ensemble,53,paraphrase,0.7903,0.1998,0.7257,6832,0.020496
games,4,chain,team,53,paraphrase,0.9885,0.3203,0.6703,2878,0.008634
games,4,star,team,53,paraphrase,0.6232,0.3089,0.6911,3673,0.011019
games,4,full,team,53,paraphrase,0.7825,0.2432,0.7247,3411,0.010233
games,4,hierarchy,team,53,paraphrase,0.7785,0.2452,0.7548,3153,0.009459
games,6,chain,team,53,paraphrase,0.5718,0.2587,0.7114,5034,0.015102
games,6,star,team,53,paraphrase,0.5562,0.1564,0.8314,5542,0.016626
games,6,full,team,53,paraphrase,0.66,0.1692,0.7396,5463,0.016389
games,6,hierarchy,team,53,paraphrase,0.5862,0.1894,0.8282,4777,0.014331
games,8,chain,team,53,paraphrase,0.7535,0.1574,0.7509,7725,0.023175
games,8,star,team,53,paraphrase,0.5296,0.1728,0.6966,7092,0.021276
games,8,full,team,53,paraphrase,0.4197,0.1595,0.7033,7396,0.022188
games,8,hierarchy,team,53,paraphrase,0.6622,0.1921,0.6873,7382,0.022146
games,1,none,single_llm,54,seed,1.1451,0.2837,0.4267,748,0.002244
games,4,none,ensemble,54,seed,0.7254,0.2189,0.6947,3079,0.009237
games,6,none,ensemble,54,seed,0.8609,0.1911,0.6939,5722,0.017166
games,8,none,ensemble,54,seed,0.7082,0.2276,0.6361,7372,0.022116
games,4,chain,team,54,seed,0.6823,0.262,0.7338,3395,0.010185
games,4,star,team,54,seed,0.7471,0.1719,0.8246,2957,0.008871
games,4,full,team,54,seed,0.7278,0.1544,0.7975,3052,0.009156
games,4,hierarchy,team,54,seed,0.705,0.157,0.7724,3214,0.009642
games,6,chain,team,54,seed,0.5176,0.1725,0.7613,4504,0.013512
games,6,star,team,54,seed,0.5087,0.1045,0.9019,5308,0.015924
games,6,full,team,54,seed,0.5189,0.1716,0.6957,3572,0.010716
games,6,hierarchy,team,54,seed,0.5017,0.0996,0.7628,4898,0.014694
games,8,chain,team,54,seed,0.5887,0.1078,0.785,6409,0.019227
games,8,star,team,54,seed,0.4814,0.1025,0.8642,6333,0.018999
games,8,full,team,54,seed,0.5941,0.0717,0.8421,6361,0.019083
games,8,hierarchy,team,54,seed,0.4339,0.1586,0.77,4696,0.014088
games,1,none,single_llm,54,paraphrase,0.8206,0.4863,0.5961,950,0.00285
games,4,none,ensemble,54,paraphrase,0.9779,0.2454,0.5848,3203,0.009609
games,6,none,ensemble,54,paraphrase,0.7773,0.3697,0.7844,5029,0.015087
games,8,none,ensemble,54,paraphrase,0.8287,0.2036,0.7828,6448,0.019344
games,4,chain,team,54,paraphrase,0.7811,0.2992,0.6707,3247,0.009741
games,4,star,team,54,paraphrase,0.6158,0.2935,0.7248,3570,0.01071
games,4,full,team,54,paraphrase,0.7099,0.2246,0.6794,3443,0.010329
games,4,hierarchy,team,54,paraphrase,0.6924,0.2405,0.7201,3238,0.009714
games,6,chain,team,54,paraphrase,0.481,0.2255,0.7544,4618,0.013854
games,6,star,team,54,paraphrase,0.5791,0.2112,0.7383,4305,0.012915
games,6,full,team,54,paraphrase,0.568,0.2245,0.7021,4620,0.01386
games,6,hierarchy,team,54,paraphrase,0.4834,0.2524,0.73,4391,0.013173
games,8,chain,team,54,paraphrase,0.5859,0.1652,0.6733,5465,0.016395
games,8,star,team,54,paraphrase,0.42,0.2376,0.7183,6698,0.020094
games,8,full,team,54,paraphrase,0.413,0.1937,0.7137,6425,0.019275
games,8,hierarchy,team,54,paraphrase,0.552,0.2864,0.7765,6020,0.01806
games,1,none,single_llm,55,seed,1.3028,0.4783,0.4359,732,0.002196
games,4,none,ensemble,55,seed,0.8716,0.2291,0.63,2782,0.008346
games,6,none,ensemble,55,seed,0.9867,0.1561,0.678,5301,0.015903
games,8,none,ensemble,55,seed,0.7464,0.1594,0.6491,6252,0.018756
games,4,chain,team,55,seed,0.6543,0.2282,0.6699,3460,0.01038
games,4,star,team,55,seed,0.6916,0.1976,0.8421,3059,0.009177
games,4,full,team,55,seed,0.5774,0.1481,0.7704,3170,0.00951
games,4,hierarchy,team,55,seed,0.6169,0.1191,0.732,3315,0.009945
games,6,chain,team,55,seed,0.5852,0.2227,0.8524,5164,0.015492
games,6,star,team,55,seed,0.6598,0.1754,0.8701,5688,0.017064
games,6,full,team,55,seed,0.5867,0.153,0.7844,4780,0.01434
games,6,hierarchy,team,55,seed,0.5078,0.1796,0.7386,4708,0.014124
games,8,chain,team,55,seed,0.2611,0.2223,0.754,6691,0.020073
games,8,star,team,55,seed,0.5924,0.1353,0.8672,5605,0.016815
games,8,full,team,55,seed,0.6564,0.1468,0.8155,7312,0.021936
games,8,hierarchy,team,55,seed,0.3498,0.1218,0.8572,5205,0.015615
games,1,none,single_llm,55,paraphrase,1.3641,0.4419,0.6478,673,0.002019
games,4,none,ensemble,55,paraphrase,1.1732,0.282,0.5832,2808,0.008424
games,6,none,ensemble,55,paraphrase,0.7676,0.3074,0.5833,5155,0.015465
games,8,none,ensemble,55,paraphrase,0.7504,0.2077,0.6583,6615,0.019845
games,4,chain,team,55,paraphrase,0.7823,0.2814,0.7348,3546,0.010638
games,4,star,team,55,paraphrase,0.729,0.2082,0.7338,3350,0.01005
games,4,full,team,55,paraphrase,0.5839,0.1944,0.704,3133,0.009399
games,4,hierarchy,team,55,paraphrase,0.7039,0.2883,0.6397,2694,0.008082
games,6,chain,team,55,paraphrase,0.6182,0.2277,0.6419,4508,0.013524
games,6,star,team,55,paraphrase,0.5615,0.189,0.7522,4482,0.013446
games,6,full,team,55,paraphrase,0.7194,0.2043,0.7143,4845,0.014535
games,6,hierarchy,team,55,paraphrase,0.634,0.2633,0.7046,5168,0.015504
games,8,chain,team,55,paraphrase,0.5809,0.273,0.7895,6526,0.019578
games,8,star,team,55,paraphrase,0.5004,0.2036,0.746,7475,0.022425
games,8,full,team,55,paraphrase,0.5045,0.1471,0.742,5623,0.016869
games,8,hierarchy,team,55,paraphrase,0.6023,0.1605,0.7999,5572,0.016716
games,1,none,single_llm,56,seed,1.2191,0.419,0.3993,961,0.002883
games,4,none,ensemble,56,seed,0.849,0.2571,0.6843,3432,0.010296
games,6,none,ensemble,56,seed,0.851,0.2771,0.7211,5645,0.016935
games,8,none,ensemble,56,seed,0.8127,0.3066,0.7841,5244,0.015732
games,4,chain,team,56,seed,0.9911,0.197,0.8148,3208,0.009624
games,4,star,team,56,seed,0.7861,0.1625,0.8013,3118,0.009354
games,4,full,team,56,seed,0.8079,0.1875,0.8268,2507,0.007521
games,4,hierarchy,team,56,seed,0.6914,0.2164,0.7712,3507,0.010521
games,6,chain,team,56,seed,0.535,0.1767,0.8137,3706,0.011118
games,6,star,team,56,seed,0.5805,0.1314,0.739,4961,0.014883
games,6,full,team,56,seed,0.6143,0.1663,0.7879,5220,0.01566
games,6,hierarchy,team,56,seed,0.6284,0.1512,0.74,4495,0.013485
games,8,chain,team,56,seed,0.5805,0.1516,0.7127,5321,0.015963
games,8,star,team,56,seed,0.5298,0.1015,0.8115,7193,0.021579
games,8,full,team,56,seed,0.2858,0.1015,0.7965,6643,0.019929
games,8,hierarchy,team,56,seed,0.5906,0.0802,0.8135,7060,0.02118
games,1,none,single_llm,56,paraphrase,1.252,0.4018,0.5393,827,0.002481
games,4,none,ensemble,56,paraphrase,1.0499,0.3381,0.5511,3516,0.010548
games,6,none,ensemble,56,paraphrase,1.0382,0.2966,0.5604,4744,0.014232
games,8,none,ensemble,56,paraphrase,0.8533,0.2111,0.6684,5498,0.016494
games,4,chain,team,56,paraphrase,0.8707,0.2866,0.6177,3312,0.009936
games,4,star,team,56,paraphrase,0.7543,0.2707,0.7104,2943,0.008829
games,4,full,team,56,paraphrase,0.6529,0.2085,0.7409,3247,0.009741
games,4,hierarchy,team,56,paraphrase,0.7609,0.2431,0.7024,4002,0.012006
games,6,chain,team,56,paraphrase,0.5745,0.2124,0.8793,5002,0.015006
games,6,star,team,56,paraphrase,0.4636,0.2384,0.6991,5236,0.015708
games,6,full,team,56,paraphrase,0.5505,0.1671,0.8351,5071,0.015213
games,6,hierarchy,team,56,paraphrase,0.7189,0.2321,0.7124,5093,0.015279
games,8,chain,team,56,paraphrase,0.6976,0.2187,0.8151,6944,0.020832
games,8,star,team,56,paraphrase,0.5479,0.1934,0.7619,5599,0.016797
games,8,full,team,56,paraphrase,0.4877,0.1722,0.7442,6616,0.019848
games,8,hierarchy,team,56,paraphrase,0.5488,0.2243,0.7782,6506,0.019518
games,1,none,single_llm,57,seed,0.9949,0.4574,0.5401,793,0.002379
games,4,none,ensemble,57,seed,0.8589,0.2256,0.7426,3643,0.010929
games,6,none,ensemble,57,seed,0.8715,0.2219,0.7271,4835,0.014505
games,8,none,ensemble,57,seed,0.7272,0.2252,0.7035,6561,0.019683
games,4,chain,team,57,seed,0.7504,0.2441,0.709,3427,0.010281
games,4,star,team,57,seed,0.5894,0.1671,0.7436,2856,0.008568
games,4,full,team,57,seed,0.7516,0.1312,0.7451,3601,0.010803
games,4,hierarchy,team,57,seed,0.6429,0.1925,0.7094,3466,0.010398
games,6,chain,team,57,seed,0.6563,0.2043,0.7815,4835,0.014505
games,6,star,team,57,seed,0.4692,0.1121,0.8491,5167,0.015501
games,6,full,team,57,seed,0.4223,0.1263,0.7796,4258,0.012774
games,6,hierarchy,team,57,seed,0.5594,0.1381,0.727,4090,0.01227
games,8,chain,team,57,seed,0.3403,0.1385,0.7607,5839,0.017517
games,8,star,team,57,seed,0.5117,0.1207,0.8238,6282,0.018846
games,8,full,team,57,seed,0.338,0.1079,0.7419,6745,0.020235
games,8,hierarchy,team,57,seed,0.373,0.1701,0.7681,7080,0.02124
games,1,none,single_llm,57,paraphrase,1.1116,0.3693,0.5367,893,0.002679
games,4,none,ensemble,57,paraphrase,1.18,0.3121,0.7203,3107,0.009321
games,6,none,ensemble,57,paraphrase,1.03,0.2402,0.6752,3675,0.011025
games,8,none,ensemble,57,paraphrase,0.6954,0.2917,0.6113,6673,0.020019
games,4,chain,team,57,paraphrase,0.9006,0.2599,0.6516,3048,0.009144
games,4,star,team,57,paraphrase,0.6634,0.246,0.7351,3102,0.009306
games,4,full,team,57,paraphrase,0.8974,0.2012,0.8096,2866,0.008598
games,4,hierarchy,team,57,paraphrase,0.7873,0.3073,0.7766,3065,0.009195
games,6,chain,team,57,paraphrase,0.7071,0.2516,0.6876,5095,0.015285
games,6,star,team,57,paraphrase,0.7878,0.2236,0.7729,5122,0.015366
games,6,full,team,57,paraphrase,0.4255,0.2032,0.7038,4516,0.013548
games,6,hierarchy,team,57,paraphrase,0.8378,0.2046,0.6976,5353,0.016059
games,8,chain,team,57,paraphrase,0.4819,0.1954,0.7875,6427,0.019281
games,8,star,team,57,paraphrase,0.3705,0.2051,0.7352,7385,0.022155
games,8,full,team,57,paraphrase,0.436,0.2054,0.8538,5855,0.017565
games,8,hierarchy,team,57,paraphrase,0.5273,0.2089,0.7021,6572,0.019716
games,1,none,single_llm,58,seed,1.1663,0.3353,0.5534,805,0.002415
games,4,none,ensemble,58,seed,0.9197,0.2201,0.6167,3162,0.009486
games,6,none,ensemble,58,seed,0.8128,0.2053,0.7094,3928,0.011784
games,8,none,ensemble,58,seed,0.6623,0.1943,0.6786,7442,0.022326
games,4,chain,team,58,seed,0.7319,0.2271,0.7158,3194,0.009582
games,4,star,team,58,seed,0.5585,0.1832,0.7231,3111,0.009333
games,4,full,team,58,seed,0.394,0.1249,0.8532,3465,0.010395
games,4,hierarchy,team,58,seed,0.8319,0.2555,0.7936,3055,0.009165
games,6,chain,team,58,seed,0.4679,0.2206,0.7579,5997,0.017991
games,6,star,team,58,seed,0.4851,0.2237,0.7768,5441,0.016323
games,6,full,team,58,seed,0.6613,0.0838,0.7704,4304,0.012912
games,6,hierarchy,team,58,seed,0.4186,0.1814,0.7648,4825,0.014475
games,8,chain,team,58,seed,0.5523,0.079,0.8293,6176,0.018528
games,8,star,team,58,seed,0.4999,0.1482,0.8635,6332,0.018996
games,8,full,team,58,seed,0.2043,0.1056,0.815,5738,0.017214
games,8,hierarchy,team,58,seed,0.4814,0.1189,0.7179,6829,0.020487
games,1,none,single_llm,58,paraphrase,1.1954,0.3856,0.4776,898,0.002694
games,4,none,ensemble,58,paraphrase,0.9751,0.314,0.5836,3348,0.010044
games,6,none,ensemble,58,paraphrase,1.0601,0.3197,0.6912,5090,0.01527
games,8,none,ensemble,58,paraphrase,0.6644,0.2245,0.6777,5935,0.017805
games,4,chain,team,58,paraphrase,0.7035,0.2051,0.6327,3117,0.009351
games,4,star,team,58,paraphrase,0.7531,0.2183,0.7339,3061,0.009183
games,4,full,team,58,paraphrase,0.8391,0.2235,0.7748,3265,0.009795
games,4,hierarchy,team,58,paraphrase,0.6398,0.2564,0.6582,3165,0.009495
games,6,chain,team,58,paraphrase,0.5771,0.25,0.6475,4807,0.014421
games,6,star,team,58,paraphrase,0.6588,0.241,0.7064,4808,0.014424
games,6,full,team,58,paraphrase,0.59,0.2466,0.6806,4362,0.013086
games,6,hierarchy,team,58,paraphrase,0.902,0.2038,0.6401,4520,0.01356
games,8,chain,team,58,paraphrase,0.2998,0.223,0.7655,5816,0.017448
games,8,star,team,58,paraphrase,0.4796,0.2203,0.6675,5554,0.016662
games,8,full,team,58,paraphrase,0.4739,0.1332,0.7503,5591,0.016773
games,8,hierarchy,team,58,paraphrase,0.5681,0.1874,0.7725,6528,0.019584
games,1,none,single_llm,59,seed,1.231,0.2632,0.5845,773,0.002319
games,4,none,ensemble,59,seed,0.88,0.3024,0.6068,3632,0.010896
games,6,none,ensemble,59,seed,0.9915,0.2649,0.6312,3750,0.01125
games,8,none,ensemble,59,seed,0.8795,0.2139,0.6853,7151,0.021453
games,4,chain,team,59,seed,0.6438,0.203,0.7662,2843,0.008529
games,4,star,team,59,seed,0.6691,0.2336,0.7806,3599,0.010797
games,4,full,team,59,seed,0.7634,0.1703,0.6632,2846,0.008538
games,4,hierarchy,team,59,seed,0.7763,0.138,0.7437,3308,0.009924
games,6,chain,team,59,seed,0.7186,0.1517,0.7224,4774,0.014322
games,6,star,team,59,seed,0.5567,0.1386,0.8371,4416,0.013248
games,6,full,team,59,seed,0.5036,0.1425,0.7746,5203,0.015609
games,6,hierarchy,team,59,seed,0.5565,0.1863,0.7843,4980,0.01494
games,8,chain,team,59,seed,0.4334,0.1281,0.8262,6806,0.020418
games,8,star,team,59,seed,0.3444,0.1306,0.6763,6032,0.018096
games,8,full,team,59,seed,0.5128,0.0983,0.8109,4469,0.013407
games,8,hierarchy,team,59,seed,0.4274,0.1469,0.8083,7015,0.021045
games,1,none,single_llm,59,paraphrase,1.2485,0.4001,0.4168,783,0.002349
games,4,none,ensemble,59,paraphrase,0.8286,0.2176,0.5449,3682,0.011046
games,6,none,ensemble,59,paraphrase,0.8657,0.2983,0.6192,3940,0.01182
games,8,none,ensemble,59,paraphrase,0.9423,0.1597,0.6567,6365,0.019095
games,4,chain,team,59,paraphrase,0.833,0.2509,0.6081,2943,0.008829
games,4,star,team,59,paraphrase,0.6851,0.2191,0.7785,2811,0.008433
games,4,full,team,59,paraphrase,0.7601,0.2363,0.788,3157,0.009471
games,4,hierarchy,team,59,paraphrase,0.8591,0.2531,0.7417,2719,0.008157
games,6,chain,team,59,paraphrase,0.3878,0.2498,0.7362,5028,0.015084
games,6,star,team,59,paraphrase,0.5491,0.2643,0.7216,5002,0.015006
games,6,full,team,59,paraphrase,0.6311,0.2535,0.7388,4486,0.013458
games,6,hierarchy,team,59,paraphrase,0.4718,0.2768,0.7557,5017,0.015051
games,8,chain,team,59,paraphrase,0.8883,0.2263,0.6599,6274,0.018822
games,8,star,team,59,paraphrase,0.4292,0.1675,0.7349,6024,0.018072
games,8,full,team,59,paraphrase,0.3573,0.227,0.7799,6255,0.018765
games,8,hierarchy,team,59,paraphrase,0.6224,0.2122,0.7588,6838,0.020514
games,1,none,single_llm,60,seed,1.2201,0.3902,0.6027,813,0.002439
games,4,none,ensemble,60,seed,0.8736,0.3265,0.6213,3325,0.009975
games,6,none,ensemble,60,seed,0.8679,0.1968,0.6415,4630,0.01389
games,8,none,ensemble,60,seed,0.6909,0.1354,0.6909,6570,0.01971
games,4,chain,team,60,seed,0.8566,0.2422,0.61,3405,0.010215
games,4,star,team,60,seed,0.6242,0.2081,0.7693,3138,0.009414
games,4,full,team,60,seed,0.6398,0.1691,0.8472,3193,0.009579
games,4,hierarchy,team,60,seed,0.8086,0.2376,0.7934,2628,0.007884
games,6,chain,team,60,seed,0.6833,0.1564,0.7904,4333,0.012999
games,6,star,team,60,seed,0.4031,0.2238,0.7368,5350,0.01605
games,6,full,team,60,seed,0.5034,0.1079,0.7924,4175,0.012525
games,6,hierarchy,team,60,seed,0.5402,0.1114,0.7549,5244,0.015732
games,8,chain,team,60,seed,0.5221,0.094,0.8076,6395,0.019185
games,8,star,team,60,seed,0.3924,0.1532,0.7866,5653,0.016959
games,8,full,team,60,seed,0.6014,0.1026,0.8009,6140,0.01842
games,8,hierarchy,team,60,seed,0.5847,0.1123,0.7078,5965,0.017895
games,1,none,single_llm,60,paraphrase,1.479,0.4599,0.4921,909,0.002727
games,4,none,ensemble,60,paraphrase,1.0698,0.2967,0.6,3305,0.009915
games,6,none,ensemble,60,paraphrase,0.7984,0.2875,0.6685,3990,0.01197
games,8,none,ensemble,60,paraphrase,0.8073,0.2532,0.7517,5219,0.015657
games,4,chain,team,60,paraphrase,0.7718,0.2607,0.748,3186,0.009558
games,4,star,team,60,paraphrase,0.9396,0.2765,0.7095,3276,0.009828
games,4,full,team,60,paraphrase,0.6946,0.2644,0.6734,2936,0.008808
games,4,hierarchy,team,60,paraphrase,0.8256,0.309,0.6099,3639,0.010917
games,6,chain,team,60,paraphrase,0.6376,0.1594,0.5645,4065,0.012195
games,6,star,team,60,paraphrase,0.5996,0.2021,0.7763,4536,0.013608
games,6,full,team,60,paraphrase,0.4608,0.1682,0.7563,4910,0.01473
games,6,hierarchy,team,60,paraphrase,0.5427,0.2508,0.7036,4382,0.013146
games,8,chain,team,60,paraphrase,0.5224,0.2563,0.7184,5955,0.017865
games,8,star,team,60,paraphrase,0.6193,0.269,0.7655,7189,0.021567
games,8,full,team,60,paraphrase,0.6003,0.1391,0.7663,5579,0.016737
games,8,hierarchy,team,60,paraphrase,0.5262,0.1683,0.7249,5920,0.01776
games,1,none,single_llm,61,seed,1.1569,0.3819,0.5416,650,0.00195
games,4,none,ensemble,61,seed,0.8105,0.174,0.6646,3361,0.010083
games,6,none,ensemble,61,seed,0.849,0.1879,0.7048,4574,0.013722
games,8,none,ensemble,61,seed,0.6134,0.2454,0.7791,7007,0.021021
games,4,chain,team,61,seed,0.6692,0.2672,0.7153,3409,0.010227
games,4,star,team,61,seed,0.6289,0.181,0.6489,3103,0.009309
games,4,full,team,61,seed,0.6591,0.1536,0.8678,2828,0.008484
games,4,hierarchy,team,61,seed,0.6436,0.1638,0.7318,3530,0.01059
games,6,chain,team,61,seed,0.7194,0.1467,0.7185,4244,0.012732
games,6,star,team,61,seed,0.6522,0.1896,0.7793,4129,0.012387
games,6,full,team,61,seed,0.3609,0.1316,0.8221,3808,0.011424
games,6,hierarchy,team,61,seed,0.5095,0.2195,0.7637,5515,0.016545
games,8,chain,team,61,seed,0.5616,0.11,0.7504,6317,0.018951
games,8,star,team,61,seed,0.3514,0.0845,0.8703,5774,0.017322
games,8,full,team,61,seed,0.5245,0.0859,0.8037,6759,0.020277
games,8,hierarchy,team,61,seed,0.4068,0.156,0.6827,6681,0.020043
games,1,none,single_llm,61,paraphrase,0.9097,0.3964,0.5698,849,0.002547
games,4,none,ensemble,61,paraphrase,0.8242,0.2515,0.5687,3259,0.009777
games,6,none,ensemble,61,paraphrase,0.6543,0.2866,0.6687,4664,0.013992
games,8,none,ensemble,61,paraphrase,0.893,0.2795,0.6575,5160,0.01548
games,4,chain,team,61,paraphrase,0.8233,0.2419,0.6711,3353,0.010059
games,4,star,team,61,paraphrase,0.9017,0.2485,0.7577,2737,0.008211
games,4,full,team,61,paraphrase,0.7546,0.2276,0.8015,3027,0.009081
games,4,hierarchy,team,61,paraphrase,0.7558,0.3024,0.7154,2845,0.008535
games,6,chain,team,61,paraphrase,0.9068,0.1916,0.7114,4966,0.014898
games,6,star,team,61,paraphrase,0.6284,0.1972,0.7354,4687,0.014061
games,6,full,team,61,paraphrase,0.46,0.2707,0.7436,5086,0.015258
games,6,hierarchy,team,61,paraphrase,0.5881,0.2006,0.7119,4056,0.012168
games,8,chain,team,61,paraphrase,0.5606,0.1971,0.7836,5634,0.016902
games,8,star,team,61,paraphrase,0.469,0.1474,0.8271,5843,0.017529
games,8,full,team,61,paraphrase,0.5529,0.2021,0.7577,5518,0.016554
games,8,hierarchy,team,61,paraphrase,0.4103,0.2277,0.682,6650,0.01995
games,1,none,single_llm,62,seed,1.2172,0.3726,0.583,725,0.002175
games,4,none,ensemble,62,seed,0.7829,0.2857,0.6122,2319,0.006957
games,6,none,ensemble,62,seed,0.896,0.1755,0.718,5468,0.016404
games,8,none,ensemble,62,seed,0.752,0.2581,0.7392,7415,0.022245
games,4,chain,team,62,seed,0.6238,0.2197,0.7737,3139,0.009417
games,4,star,team,62,seed,0.7952,0.1727,0.8735,3879,0.011637
games,4,full,team,62,seed,0.6782,0.1921,0.8396,2820,0.00846
games,4,hierarchy,team,62,seed,0.5688,0.2503,0.7737,3127,0.009381
games,6,chain,team,62,seed,0.5727,0.0793,0.7451,4438,0.013314
games,6,star,team,62,seed,0.6134,0.1845,0.8135,4989,0.014967
games,6,full,team,62,seed,0.3419,0.1484,0.8261,5397,0.016191
games,6,hierarchy,team,62,seed,0.7534,0.087,0.7552,4443,0.013329
games,8,chain,team,62,seed,0.5139,0.1539,0.7533,7057,0.021171
games,8,star,team,62,seed,0.3365,0.0817,0.7438,6169,0.018507
games,8,full,team,62,seed,0.2938,0.1014,0.7967,5896,0.017688
games,8,hierarchy,team,62,seed,0.554,0.131,0.8381,6275,0.018825
games,1,none,single_llm,62,paraphrase,1.2764,0.3762,0.5095,856,0.002568
games,4,none,ensemble,62,paraphrase,0.9306,0.3359,0.5612,3442,0.010326
games,6,none,ensemble,62,paraphrase,0.8286,0.3299,0.6537,5530,0.01659
games,8,none,ensemble,62,paraphrase,0.6915,0.1945,0.653,5513,0.016539
games,4,chain,team,62,paraphrase,0.6717,0.3049,0.6998,3046,0.009138
games,4,star,team,62,paraphrase,0.7213,0.2261,0.8125,2964,0.008892
games,4,full,team,62,paraphrase,0.5978,0.2618,0.7292,3852,0.011556
games,4,hierarchy,team,62,paraphrase,0.7274,0.2938,0.7741,3033,0.009099
games,6,chain,team,62,paraphrase,0.5773,0.2644,0.7434,4122,0.012366
games,6,star,team,62,paraphrase,0.4888,0.1033,0.7744,4674,0.014022
games,6,full,team,62,paraphrase,0.5554,0.1171,0.6997,4570,0.01371
games,6,hierarchy,team,62,paraphrase,0.5544,0.2195,0.7638,5889,0.017667
games,8,chain,team,62,paraphrase,0.5747,0.2579,0.6835,5328,0.015984
games,8,star,team,62,paraphrase,0.4914,0.1194,0.7557,5900,0.0177
games,8,full,team,62,paraphrase,0.3012,0.2328,0.7381,5351,0.016053
games,8,hierarchy,team,62,paraphrase,0.6365,0.1642,0.7995,5930,0.01779
games,1,none,single_llm,63,seed,1.1189,0.3707,0.5915,861,0.002583
games,4,none,ensemble,63,seed,0.8892,0.2764,0.6947,3264,0.009792
games,6,none,ensemble,63,seed,0.8011,0.155,0.726,4820,0.01446
games,8,none,ensemble,63,seed,0.7004,0.2722,0.6443,7452,0.022356
games,4,chain,team,63,seed,0.7278,0.2327,0.7202,2666,0.007998
games,4,star,team,63,seed,0.666,0.2034,0.8038,3136,0.009408
games,4,full,team,63,seed,0.4307,0.1083,0.8826,2850,0.00855
games,4,hierarchy,team,63,seed,0.8427,0.1626,0.7509,3400,0.0102
games,6,chain,team,63,seed,0.4896,0.2384,0.7584,5021,0.015063
games,6,star,team,63,seed,0.4948,0.1711,0.8636,4736,0.014208
games,6,full,team,63,seed,0.6646,0.1003,0.8328,5034,0.015102
games,6,hierarchy,team,63,seed,0.4347,0.1633,0.775,4390,0.01317
games,8,chain,team,63,seed,0.5325,0.1592,0.7614,6356,0.019068
games,8,star,team,63,seed,0.4377,0.1086,0.802,5987,0.017961
games,8,full,team,63,seed,0.6823,0.047,0.7758,6076,0.018228
games,8,hierarchy,team,63,seed,0.6707,0.0805,0.8063,6558,0.019674
games,1,none,single_llm,63,paraphrase,1.33,0.4842,0.5951,763,0.002289
games,4,none,ensemble,63,paraphrase,1.0033,0.2168,0.6159,2945,0.008835
games,6,none,ensemble,63,paraphrase,0.8758,0.203,0.6743,3985,0.011955
games,8,none,ensemble,63,paraphrase,0.8478,0.207,0.639,7139,0.021417
games,4,chain,team,63,paraphrase,0.8688,0.326,0.778,2952,0.008856
games,4,star,team,63,paraphrase,0.9099,0.1914,0.7673,3042,0.009126
games,4,full,team,63,paraphrase,0.637,0.2546,0.7872,3492,0.010476
games,4,hierarchy,team,63,paraphrase,0.8015,0.2653,0.7463,3297,0.009891
games,6,chain,team,63,paraphrase,0.7057,0.2429,0.7568,4018,0.012054
games,6,star,team,63,paraphrase,0.5885,0.1494,0.7585,5588,0.016764
games,6,full,team,63,paraphrase,0.5242,0.1898,0.7924,3807,0.011421
games,6,hierarchy,team,63,paraphrase,0.5694,0.2293,0.5898,4331,0.012993
games,8,chain,team,63,paraphrase,0.6868,0.2535,0.7437,6964,0.020892
games,8,star,team,63,paraphrase,0.5482,0.2055,0.7392,6474,0.019422
games,8,full,team,63,paraphrase,0.4334,0.2139,0.8411,7283,0.021849
games,8,hierarchy,team,63,paraphrase,0.5059,0.1552,0.8088,6748,0.020244
games,1,none,single_llm,64,seed,1.2493,0.312,0.5798,713,0.002139
games,4,none,ensemble,64,seed,0.9761,0.3189,0.7479,3426,0.010278
games,6,none,ensemble,64,seed,0.6523,0.2371,0.8184,4383,0.013149
games,8,none,ensemble,64,seed,0.7429,0.279,0.767,7987,0.023961
games,4,chain,team,64,seed,0.6567,0.1804,0.8012,2817,0.008451
games,4,star,team,64,seed,0.6603,0.1874,0.8218,3396,0.010188
games,4,full,team,64,seed,0.6957,0.1539,0.8408,4488,0.013464
games,4,hierarchy,team,64,seed,0.7691,0.204,0.6951,2996,0.008988
games,6,chain,team,64,seed,0.5502,0.1534,0.7538,5653,0.016959
games,6,star,team,64,seed,0.6463,0.1384,0.7242,5441,0.016323
games,6,full,team,64,seed,0.4867,0.0557,0.8302,5292,0.015876
games,6,hierarchy,team,64,seed,0.299,0.1218,0.7691,5152,0.015456
games,8,chain,team,64,seed,0.4451,0.12,0.8014,6100,0.0183
games,8,star,team,64,seed,0.5009,0.0789,0.7274,6883,0.020649
games,8,full,team,64,seed,0.4419,0.1402,0.7784,5891,0.017673
games,8,hierarchy,team,64,seed,0.6027,0.0724,0.8476,7245,0.021735
games,1,none,single_llm,64,paraphrase,1.409,0.3687,0.4528,783,0.002349
games,4,none,ensemble,64,paraphrase,0.8246,0.2619,0.6487,3407,0.010221
games,6,none,ensemble,64,paraphrase,0.7722,0.3211,0.6773,5524,0.016572
games,8,none,ensemble,64,paraphrase,0.8983,0.3213,0.7186,7027,0.021081
games,4,chain,team,64,paraphrase,0.6813,0.2751,0.6981,3122,0.009366
games,4,star,team,64,paraphrase,0.8044,0.2754,0.7496,3143,0.009429
games,4,full,team,64,paraphrase,0.6564,0.2739,0.7575,2874,0.008622
games,4,hierarchy,team,64,paraphrase,0.7606,0.1903,0.7218,3136,0.009408
games,6,chain,team,64,paraphrase,0.5941,0.2981,0.6568,5139,0.015417
games,6,star,team,64,paraphrase,0.8203,0.2478,0.743,4255,0.012765
games,6,full,team,64,paraphrase,0.4354,0.1683,0.7203,4454,0.013362
games,6,hierarchy,team,64,paraphrase,0.589,0.2107,0.7589,4205,0.012615
games,8,chain,team,64,paraphrase,0.5084,0.2069,0.7152,7575,0.022725
games,8,star,team,64,paraphrase,0.5499,0.1188,0.7759,6749,0.020247
games,8,full,team,64,paraphrase,0.4842,0.1148,0.8529,5715,0.017145
games,8,hierarchy,team,64,paraphrase,0.6127,0.2013,0.775,7492,0.022476
games,1,none,single_llm,65,seed,1.2842,0.3165,0.6274,749,0.002247
games,4,none,ensemble,65,seed,0.9196,0.1853,0.588,3216,0.009648
games,6,none,ensemble,65,seed,0.8624,0.1422,0.7198,4406,0.013218
games,8,none,ensemble,65,seed,0.9036,0.1907,0.6626,6448,0.019344
games,4,chain,team,65,seed,0.6384,0.2708,0.74,3151,0.009453
games,4,star,team,65,seed,0.7392,0.1498,0.7055,3330,0.00999
games,4,full,team,65,seed,0.54,0.126,0.8218,3368,0.010104
games,4,hierarchy,team,65,seed,0.5746,0.1752,0.7148,3768,0.011304
games,6,chain,team,65,seed,0.6622,0.1579,0.7834,4149,0.012447
games,6,star,team,65,seed,0.4543,0.1489,0.8072,4753,0.014259
games,6,full,team,65,seed,0.5164,0.1279,0.7864,4657,0.013971
games,6,hierarchy,team,65,seed,0.499,0.164,0.7952,4895,0.014685
games,8,chain,team,65,seed,0.3788,0.1134,0.7849,7341,0.022023
games,8,star,team,65,seed,0.4619,0.1069,0.8062,5672,0.017016
games,8,full,team,65,seed,0.5476,0.1108,0.7715,6293,0.018879
games,8,hierarchy,team,65,seed,0.414,0.1858,0.7749,6499,0.019497
games,1,none,single_llm,65,paraphrase,1.3661,0.3656,0.5236,821,0.002463
games,4,none,ensemble,65,paraphrase,0.7935,0.3226,0.6073,3241,0.009723
games,6,none,ensemble,65,paraphrase,0.9025,0.3002,0.7302,4233,0.012699
games,8,none,ensemble,65,paraphrase,0.7889,0.3017,0.7189,6694,0.020082
games,4,chain,team,65,paraphrase,1.0854,0.3046,0.7565,3101,0.009303
games,4,star,team,65,paraphrase,0.6607,0.2374,0.7656,3330,0.00999
games,4,full,team,65,paraphrase,0.7703,0.2214,0.7213,3142,0.009426
games,4,hierarchy,team,65,paraphrase,0.8524,0.2936,0.6697,3443,0.010329
games,6,chain,team,65,paraphrase,0.5865,0.2535,0.705,5551,0.016653
games,6,star,team,65,paraphrase,0.5598,0.2119,0.775,4380,0.01314
games,6,full,team,65,paraphrase,0.5643,0.1741,0.7289,4588,0.013764
games,6,hierarchy,team,65,paraphrase,0.7328,0.1908,0.7629,4951,0.014853
games,8,chain,team,65,paraphrase,0.437,0.2341,0.6543,6801,0.020403
games,8,star,team,65,paraphrase,0.4759,0.1837,0.6903,6478,0.019434
games,8,full,team,65,paraphrase,0.5894,0.1311,0.7346,6690,0.02007
games,8,hierarchy,team,65,paraphrase,0.5946,0.096,0.8458,6738,0.020214
games,1,none,single_llm,66,seed,1.3045,0.3414,0.4201,853,0.002559
games,4,none,ensemble,66,seed,0.8322,0.2772,0.6369,3276,0.009828
games,6,none,ensemble,66,seed,0.7252,0.2705,0.6187,5877,0.017631
games,8,none,ensemble,66,seed,1.0186,0.29,0.8065,6345,0.019035
games,4,chain,team,66,seed,0.8467,0.2162,0.6623,3681,0.011043
games,4,star,team,66,seed,0.7929,0.1887,0.7087,3012,0.009036
games,4,full,team,66,seed,0.4679,0.2078,0.6998,3291,0.009873
games,4,hierarchy,team,66,seed,0.6156,0.1429,0.7719,3093,0.009279
games,6,chain,team,66,seed,0.6554,0.124,0.7168,3653,0.010959
games,6,star,team,66,seed,0.3032,0.2167,0.8888,4844,0.014532
games,6,full,team,66,seed,0.4092,0.1128,0.8383,4553,0.013659
games,6,hierarchy,team,66,seed,0.5654,0.1542,0.7462,4547,0.013641
games,8,chain,team,66,seed,0.526,0.1143,0.7876,6098,0.018294
games,8,star,team,66,seed,0.4594,0.1787,0.7866,6988,0.020964
games,8,full,team,66,seed,0.2375,0.0845,0.8064,7630,0.02289
games,8,hierarchy,team,66,seed,0.2707,0.1295,0.8578,5897,0.017691
games,1,none,single_llm,66,paraphrase,1.2481,0.4299,0.5229,925,0.002775
games,4,none,ensemble,66,paraphrase,1.0338,0.3764,0.5884,2963,0.008889
games,6,none,ensemble,66,paraphrase,0.8711,0.2293,0.679,4614,0.013842
games,8,none,ensemble,66,paraphrase,0.7494,0.2933,0.6214,6893,0.020679
games,4,chain,team,66,paraphrase,0.7622,0.3264,0.6804,3402,0.010206
games,4,star,team,66,paraphrase,0.778,0.2798,0.7355,2667,0.008001
games,4,full,team,66,paraphrase,0.8309,0.2265,0.7795,3420,0.01026
games,4,hierarchy,team,66,paraphrase,0.7027,0.2234,0.7528,3102,0.009306
games,6,chain,team,66,paraphrase,0.7452,0.2276,0.7658,5003,0.015009
games,6,star,team,66,paraphrase,0.6304,0.1898,0.7562,5372,0.016116
games,6,full,team,66,paraphrase,0.5662,0.206,0.7569,4859,0.014577
games,6,hierarchy,team,66,paraphrase,0.7939,0.2628,0.7386,4902,0.014706
games,8,chain,team,66,paraphrase,0.5065,0.2064,0.7405,6944,0.020832
games,8,star,team,66,paraphrase,0.6016,0.139,0.8038,6343,0.019029
games,8,full,team,66,paraphrase,0.398,0.2168,0.8382,6568,0.019704
games,8,hierarchy,team,66,paraphrase,0.6175,0.224,0.8148,6865,0.020595
games,1,none,single_llm,67,seed,1.0008,0.4706,0.6246,759,0.002277
games,4,none,ensemble,67,seed,0.7764,0.2752,0.6333,3305,0.009915
games,6,none,ensemble,67,seed,0.9074,0.199,0.623,4985,0.014955
games,8,none,ensemble,67,seed,0.686,0.2156,0.6494,6238,0.018714
games,4,chain,team,67,seed,0.8015,0.2442,0.7006,2826,0.008478
games,4,star,team,67,seed,0.6816,0.2124,0.7903,3036,0.009108
games,4,full,team,67,seed,0.6798,0.2301,0.7903,2677,0.008031
games,4,hierarchy,team,67,seed,0.7203,0.2818,0.6956,3209,0.009627
games,6,chain,team,67,seed,0.549,0.1786,0.7643,5347,0.016041
games,6,star,team,67,seed,0.5301,0.1958,0.7787,4631,0.013893
games,6,full,team,67,seed,0.4247,0.0521,0.8084,5785,0.017355
games,6,hierarchy,team,67,seed,0.5874,0.1822,0.754,4682,0.014046
games,8,chain,team,67,seed,0.5951,0.2337,0.8394,6915,0.020745
games,8,star,team,67,seed,0.4502,0.1317,0.7573,5473,0.016419
games,8,full,team,67,seed,0.304,0.1053,0.7904,5459,0.016377
games,8,hierarchy,team,67,seed,0.4629,0.1206,0.7264,6163,0.018489
games,1,none,single_llm,67,paraphrase,1.2319,0.373,0.5749,647,0.001941
games,4,none,ensemble,67,paraphrase,0.7417,0.3102,0.6158,3329,0.009987
games,6,none,ensemble,67,paraphrase,0.8335,0.2414,0.6496,4588,0.013764
games,8,none,ensemble,67,paraphrase,1.0161,0.2521,0.6868,7984,0.023952
games,4,chain,team,67,paraphrase,0.7905,0.3022,0.7323,3434,0.010302
games,4,star,team,67,paraphrase,0.7889,0.2578,0.735,3015,0.009045
games,4,full,team,67,paraphrase,0.7626,0.3111,0.8005,3297,0.009891
games,4,hierarchy,team,67,paraphrase,0.8656,0.2252,0.707,3503,0.010509
games,6,chain,team,67,paraphrase,0.8003,0.2039,0.6904,5847,0.017541
games,6,star,team,67,paraphrase,0.6112,0.2777,0.755,4918,0.014754
games,6,full,team,67,paraphrase,0.541,0.2224,0.8225,4303,0.012909
games,6,hierarchy,team,67,paraphrase,0.5863,0.2513,0.7281,4563,0.013689
games,8,chain,team,67,paraphrase,0.6776,0.2575,0.7025,6535,0.019605
games,8,star,team,67,paraphrase,0.4058,0.1475,0.7612,6420,0.01926
games,8,full,team,67,paraphrase,0.4,0.1347,0.7117,6691,0.020073
games,8,hierarchy,team,67,paraphrase,0.3499,0.1529,0.6519,6668,0.020004
games,1,none,single_llm,68,seed,0.9296,0.3519,0.6648,933,0.002799
games,4,none,ensemble,68,seed,0.6833,0.2649,0.5907,2818,0.008454
games,6,none,ensemble,68,seed,0.8046,0.2887,0.726,4456,0.013368
games,8,none,ensemble,68,seed,0.8346,0.0961,0.6848,5872,0.017616
games,4,chain,team,68,seed,0.7378,0.2119,0.7329,3144,0.009432
games,4,star,team,68,seed,0.6822,0.2116,0.7775,3109,0.009327
games,4,full,team,68,seed,0.6902,0.203,0.7522,3180,0.00954
games,4,hierarchy,team,68,seed,0.8162,0.1559,0.8502,2771,0.008313
games,6,chain,team,68,seed,0.5371,0.1367,0.864,4558,0.013674
games,6,star,team,68,seed,0.4715,0.1299,0.7894,4642,0.013926
games,6,full,team,68,seed,0.4783,0.0,0.7975,4808,0.014424
games,6,hierarchy,team,68,seed,0.6455,0.2071,0.7652,5191,0.015573
games,8,chain,team,68,seed,0.3865,0.184,0.7364,5641,0.016923
games,8,star,team,68,seed,0.4281,0.1794,0.8041,7357,0.022071
games,8,full,team,68,seed,0.3418,0.1452,0.7724,6544,0.019632
games,8,hierarchy,team,68,seed,0.4883,0.1598,0.7975,5926,0.017778
games,1,none,single_llm,68,paraphrase,1.412,0.5139,0.4691,653,0.001959
games,4,none,ensemble,68,paraphrase,1.0399,0.2934,0.6021,3377,0.010131
games,6,none,ensemble,68,paraphrase,0.8434,0.2738,0.644,5505,0.016515
games,8,none,ensemble,68,paraphrase,0.8336,0.2065,0.6182,6489,0.019467
games,4,chain,team,68,paraphrase,0.6971,0.2175,0.7318,3419,0.010257
games,4,star,team,68,paraphrase,0.7232,0.2617,0.7394,3392,0.010176
games,4,full,team,68,paraphrase,0.7905,0.1258,0.728,3365,0.010095
games,4,hierarchy,team,68,paraphrase,0.739,0.2614,0.7575,3225,0.009675
games,6,chain,team,68,paraphrase,0.8024,0.2798,0.7087,4704,0.014112
games,6,star,team,68,paraphrase,0.3166,0.1917,0.677,4906,0.014718
games,6,full,team,68,paraphrase,0.5869,0.2126,0.8245,4787,0.014361
games,6,hierarchy,team,68,paraphrase,0.8496,0.224,0.6691,4530,0.01359
games,8,chain,team,68,paraphrase,0.5394,0.237,0.6776,6209,0.018627
games,8,star,team,68,paraphrase,0.5106,0.1654,0.7956,6810,0.02043
games,8,full,team,68,paraphrase,0.6133,0.1501,0.8251,5527,0.016581
games,8,hierarchy,team,68,paraphrase,0.4078,0.1448,0.7455,7169,0.021507
games,1,none,single_llm,69,seed,1.1097,0.3214,0.5349,845,0.002535
games,4,none,ensemble,69,seed,0.8427,0.2233,0.5693,3017,0.009051
games,6,none,ensemble,69,seed,0.9595,0.2318,0.6456,5393,0.016179
games,8,none,ensemble,69,seed,0.6798,0.2793,0.8142,6435,0.019305
games,4,chain,team,69,seed,0.5801,0.3116,0.7594,3096,0.009288
games,4,star,team,69,seed,0.7756,0.2181,0.8355,2988,0.008964
games,4,full,team,69,seed,0.6818,0.1226,0.8133,3192,0.009576
games,4,hierarchy,team,69,seed,0.7281,0.1941,0.7475,2922,0.008766
games,6,chain,team,69,seed,0.6506,0.2343,0.7268,5065,0.015195
games,6,star,team,69,seed,0.5648,0.1451,0.7083,4175,0.012525
games,6,full,team,69,seed,0.4135,0.0392,0.865,4976,0.014928
games,6,hierarchy,team,69,seed,0.5386,0.0671,0.6834,4798,0.014394
games,8,chain,team,69,seed,0.6937,0.1254,0.8082,6092,0.018276
games,8,star,team,69,seed,0.4522,0.1719,0.7777,5958,0.017874
games,8,full,team,69,seed,0.5585,0.1052,0.8596,5961,0.017883
games,8,hierarchy,team,69,seed,0.6073,0.1443,0.8067,6484,0.019452
games,1,none,single_llm,69,paraphrase,1.2042,0.4099,0.479,876,0.002628
games,4,none,ensemble,69,paraphrase,0.9556,0.2352,0.5092,2647,0.007941
games,6,none,ensemble,69,paraphrase,0.9723,0.2297,0.668,4865,0.014595
games,8,none,ensemble,69,paraphrase,0.8222,0.2903,0.6995,4665,0.013995
games,4,chain,team,69,paraphrase,0.7776,0.297,0.782,3739,0.011217
games,4,star,team,69,paraphrase,0.6237,0.236,0.6517,3686,0.011058
games,4,full,team,69,paraphrase,0.8313,0.244,0.7483,3641,0.010923
games,4,hierarchy,team,69,paraphrase,0.9011,0.3063,0.7428,3088,0.009264
games,6,chain,team,69,paraphrase,0.7283,0.2674,0.7051,4631,0.013893
games,6,star,team,69,paraphrase,0.7149,0.2713,0.7072,4673,0.014019
games,6,full,team,69,paraphrase,0.6067,0.2042,0.7285,5704,0.017112
games,6,hierarchy,team,69,paraphrase,0.6638,0.236,0.8226,4584,0.013752
games,8,chain,team,69,paraphrase,0.5678,0.1632,0.7164,5447,0.016341
games,8,star,team,69,paraphrase,0.6015,0.2001,0.7411,6335,0.019005
games,8,full,team,69,paraphrase,0.5728,0.1179,0.7752,6847,0.020541
games,8,hierarchy,team,69,paraphrase,0.3684,0.2207,0.6613,6324,0.018972
games,1,none,single_llm,70,seed,1.0255,0.4359,0.469,667,0.002001
games,4,none,ensemble,70,seed,0.916,0.2293,0.5597,3368,0.010104
games,6,none,ensemble,70,seed,0.5792,0.1755,0.6555,5185,0.015555
games,8,none,ensemble,70,seed,0.9055,0.2635,0.7208,4846,0.014538
games,4,chain,team,70,seed,0.7691,0.2788,0.8017,3348,0.010044
games,4,star,team,70,seed,0.561,0.169,0.8667,2746,0.008238
games,4,full,team,70,seed,0.5352,0.2077,0.7584,2821,0.008463
games,4,hierarchy,team,70,seed,0.8528,0.2184,0.7409,2833,0.008499
games,6,chain,team,70,seed,0.7763,0.1738,0.8245,5228,0.015684
games,6,star,team,70,seed,0.4695,0.1242,0.8569,5502,0.016506
games,6,full,team,70,seed,0.3039,0.1467,0.7886,4304,0.012912
games,6,hierarchy,team,70,seed,0.5678,0.1008,0.7513,4416,0.013248
games,8,chain,team,70,seed,0.4467,0.1505,0.7142,7406,0.022218
games,8,star,team,70,seed,0.496,0.1951,0.787,6048,0.018144
games,8,full,team,70,seed,0.5925,0.0802,0.7961,6860,0.02058
games,8,hierarchy,team,70,seed,0.3429,0.1618,0.8142,7212,0.021636
games,1,none,single_llm,70,paraphrase,1.4135,0.488,0.5023,730,0.00219
games,4,none,ensemble,70,paraphrase,1.2332,0.2337,0.5244,3380,0.01014
games,6,none,ensemble,70,paraphrase,1.0932,0.2968,0.71,3842,0.011526
games,8,none,ensemble,70,paraphrase,0.7701,0.1746,0.7368,5409,0.016227
games,4,chain,team,70,paraphrase,0.6822,0.3006,0.7531,3149,0.009447
games,4,star,team,70,paraphrase,0.817,0.2715,0.7192,2849,0.008547
games,4,full,team,70,paraphrase,0.7865,0.2545,0.7847,3299,0.009897
games,4,hierarchy,team,70,paraphrase,0.6632,0.2876,0.7199,3045,0.009135
games,6,chain,team,70,paraphrase,0.6221,0.2071,0.7591,4119,0.012357
games,6,star,team,70,paraphrase,0.5022,0.1916,0.8253,5306,0.015918
games,6,full,team,70,paraphrase,0.4075,0.2388,0.8221,4236,0.012708
games,6,hierarchy,team,70,paraphrase,0.3694,0.2119,0.7907,5563,0.016689
games,8,chain,team,70,paraphrase,0.4896,0.2834,0.6136,6164,0.018492
games,8,star,team,70,paraphrase,0.4849,0.2294,0.8199,7010,0.02103
games,8,full,team,70,paraphrase,0.3616,0.1978,0.7905,5330,0.01599
games,8,hierarchy,team,70,paraphrase,0.34,0.2349,0.736,5577,0.016731
games,1,none,single_llm,71,seed,1.1688,0.3718,0.5442,675,0.002025
games,4,none,ensemble,71,seed,1.1263,0.3002,0.6299,3105,0.009315
games,6,none,ensemble,71,seed,0.8613,0.1708,0.7094,4161,0.012483
games,8,none,ensemble,71,seed,0.7415,0.1499,0.6629,7453,0.022359
games,4,chain,team,71,seed,0.7359,0.2283,0.6394,3008,0.009024
games,4,star,team,71,seed,0.7261,0.1978,0.6623,3266,0.009798
games,4,full,team,71,seed,0.6867,0.2214,0.7472,2482,0.007446
games,4,hierarchy,team,71,seed,0.6003,0.1561,0.7968,2330,0.00699
games,6,chain,team,71,seed,0.5268,0.2318,0.755,5230,0.01569
games,6,star,team,71,seed,0.3574,0.0807,0.8565,4848,0.014544
games,6,full,team,71,seed,0.5019,0.08,0.7997,4249,0.012747
games,6,hierarchy,team,71,seed,0.6603,0.2639,0.7988,4495,0.013485
games,8,chain,team,71,seed,0.2433,0.086,0.8427,5741,0.017223
games,8,star,team,71,seed,0.4096,0.1495,0.8691,6272,0.018816
games,8,full,team,71,seed,0.3762,0.1062,0.7736,6032,0.018096
games,8,hierarchy,team,71,seed,0.5079,0.1407,0.8916,6680,0.02004
games,1,none,single_llm,71,paraphrase,1.4527,0.3457,0.5468,742,0.002226
games,4,none,ensemble,71,paraphrase,1.0275,0.3444,0.613,3970,0.01191
games,6,none,ensemble,71,paraphrase,1.0695,0.3461,0.6959,5646,0.016938
games,8,none,ensemble,71,paraphrase,0.6576,0.3368,0.6305,6038,0.018114
games,4,chain,team,71,paraphrase,0.8661,0.3293,0.6423,3035,0.009105
games,4,star,team,71,paraphrase,0.7698,0.2425,0.7727,4299,0.012897
games,4,full,team,71,paraphrase,0.7719,0.2006,0.6752,3095,0.009285
games,4,hierarchy,team,71,paraphrase,0.686,0.2787,0.7426,3051,0.009153
games,6,chain,team,71,paraphrase,0.8501,0.2053,0.7087,5106,0.015318
games,6,star,team,71,paraphrase,0.6908,0.2558,0.766,5304,0.015912
games,6,full,team,71,paraphrase,0.5051,0.2215,0.7999,5526,0.016578
games,6,hierarchy,team,71,paraphrase,0.4548,0.1785,0.7758,3527,0.010581
games,8,chain,team,71,paraphrase,0.6259,0.2557,0.6962,6124,0.018372
games,8,star,team,71,paraphrase,0.4193,0.1625,0.7304,5962,0.017886
games,8,full,team,71,paraphrase,0.4229,0.1525,0.7508,7599,0.022797
games,8,hierarchy,team,71,paraphrase,0.5072,0.2071,0.7162,6022,0.018066
games,1,none,single_llm,72,seed,0.9443,0.2557,0.4655,814,0.002442
games,4,none,ensemble,72,seed,1.0291,0.1607,0.6171,2762,0.008286
games,6,none,ensemble,72,seed,0.7865,0.2811,0.6632,4777,0.014331
games,8,none,ensemble,72,seed,0.9246,0.2312,0.6844,6501,0.019503
games,4,chain,team,72,seed,0.6472,0.2368,0.7658,2762,0.008286
games,4,star,team,72,seed,0.6975,0.1853,0.7972,3466,0.010398
games,4,full,team,72,seed,0.6977,0.1579,0.8267,2920,0.00876
games,4,hierarchy,team,72,seed,0.5679,0.0722,0.7565,2937,0.008811
games,6,chain,team,72,seed,0.6114,0.0959,0.7223,5025,0.015075
games,6,star,team,72,seed,0.4186,0.1611,0.7568,4784,0.014352
games,6,full,team,72,seed,0.5511,0.1629,0.7992,4409,0.013227
games,6,hierarchy,team,72,seed,0.4958,0.1802,0.7236,4714,0.014142
games,8,chain,team,72,seed,0.4581,0.1492,0.7145,5214,0.015642
games,8,star,team,72,seed,0.4987,0.1619,0.7054,6636,0.019908
games,8,full,team,72,seed,0.525,0.1272,0.7842,5796,0.017388
games,8,hierarchy,team,72,seed,0.4748,0.1432,0.7898,6284,0.018852
games,1,none,single_llm,72,paraphrase,1.1176,0.4354,0.543,816,0.002448
games,4,none,ensemble,72,paraphrase,0.9933,0.394,0.5725,3610,0.01083
games,6,none,ensemble,72,paraphrase,0.8101,0.3427,0.724,4659,0.013977
games,8,none,ensemble,72,paraphrase,1.0293,0.2918,0.6374,6160,0.01848
games,4,chain,team,72,paraphrase,0.9233,0.3169,0.6471,3155,0.009465
games,4,star,team,72,paraphrase,0.7804,0.2297,0.8479,3274,0.009822
games,4,full,team,72,paraphrase,0.7238,0.2776,0.7217,3522,0.010566
games,4,hierarchy,team,72,paraphrase,0.6132,0.2419,0.7725,3702,0.011106
games,6,chain,team,72,paraphrase,0.5743,0.1991,0.743,4500,0.0135
games,6,star,team,72,paraphrase,0.5747,0.2398,0.7174,3856,0.011568
games,6,full,team,72,paraphrase,0.4415,0.1851,0.6615,4657,0.013971
games,6,hierarchy,team,72,paraphrase,0.4824,0.2803,0.8429,4292,0.012876
games,8,chain,team,72,paraphrase,0.6023,0.1749,0.7095,7554,0.022662
games,8,star,team,72,paraphrase,0.48,0.1719,0.7079,7133,0.021399
games,8,full,team,72,paraphrase,0.1703,0.1456,0.7627,5976,0.017928
games,8,hierarchy,team,72,paraphrase,0.633,0.2414,0.6744,7739,0.023217
games,1,none,single_llm,73,seed,0.9865,0.4273,0.5605,759,0.002277
games,4,none,ensemble,73,seed,0.8509,0.2483,0.6625,2905,0.008715
games,6,none,ensemble,73,seed,0.7901,0.1887,0.6171,4407,0.013221
games,8,none,ensemble,73,seed,0.612,0.1873,0.7559,6477,0.019431
games,4,chain,team,73,seed,0.9274,0.1316,0.7635,3202,0.009606
games,4,star,team,73,seed,0.7616,0.2187,0.7618,3255,0.009765
games,4,full,team,73,seed,0.5756,0.1945,0.6861,3448,0.010344
games,4,hierarchy,team,73,seed,0.6977,0.1805,0.7484,3149,0.009447
games,6,chain,team,73,seed,0.7013,0.3041,0.8156,4528,0.013584
games,6,star,team,73,seed,0.5846,0.1717,0.7384,4194,0.012582
games,6,full,team,73,seed,0.4853,0.157,0.714,4453,0.013359
games,6,hierarchy,team,73,seed,0.5989,0.1564,0.8454,4122,0.012366
games,8,chain,team,73,seed,0.7319,0.0918,0.6635,6362,0.019086
games,8,star,team,73,seed,0.3332,0.1218,0.7913,6274,0.018822
games,8,full,team,73,seed,0.3324,0.1206,0.7891,7106,0.021318
games,8,hierarchy,team,73,seed,0.4486,0.0947,0.7006,6289,0.018867
games,1,none,single_llm,73,paraphrase,1.0896,0.329,0.5469,657,0.001971
games,4,none,ensemble,73,paraphrase,1.1495,0.318,0.6074,2868,0.008604
games,6,none,ensemble,73,paraphrase,0.9899,0.2871,0.6088,4895,0.014685
games,8,none,ensemble,73,paraphrase,0.6281,0.1866,0.6228,6623,0.019869
games,4,chain,team,73,paraphrase,0.8097,0.322,0.654,3383,0.010149
games,4,star,team,73,paraphrase,0.7486,0.2123,0.7493,3178,0.009534
games,4,full,team,73,paraphrase,0.6671,0.2317,0.7335,3150,0.00945
games,4,hierarchy,team,73,paraphrase,0.7387,0.2078,0.7237,2943,0.008829
games,6,chain,team,73,paraphrase,0.5496,0.2251,0.7513,4889,0.014667
games,6,star,team,73,paraphrase,0.5485,0.1819,0.7764,3649,0.010947
games,6,full,team,73,paraphrase,0.6513,0.1098,0.6839,4553,0.013659
games,6,hierarchy,team,73,paraphrase,0.8386,0.2818,0.7699,4971,0.014913
games,8,chain,team,73,paraphrase,0.3904,0.2196,0.6975,5877,0.017631
games,8,star,team,73,paraphrase,0.5421,0.1645,0.7985,5160,0.01548
games,8,full,team,73,paraphrase,0.5042,0.1282,0.7445,6594,0.019782
games,8,hierarchy,team,73,paraphrase,0.4349,0.1999,0.7344,5977,0.017931
games,1,none,single_llm,74,seed,1.1294,0.3407,0.4963,800,0.0024
games,4,none,ensemble,74,seed,0.8666,0.2194,0.7454,3332,0.009996
games,6,none,ensemble,74,seed,0.7723,0.2346,0.6284,4590,0.01377
games,8,none,ensemble,74,seed,0.7116,0.146,0.7532,6076,0.018228
games,4,chain,team,74,seed,0.6945,0.1973,0.888,2987,0.008961
games,4,star,team,74,seed,0.4731,0.126,0.808,3627,0.010881
games,4,full,team,74,seed,0.5818,0.2212,0.8171,3139,0.009417
games,4,hierarchy,team,74,seed,0.674,0.2072,0.8039,3327,0.009981
games,6,chain,team,74,seed,0.5039,0.1678,0.8537,4920,0.01476
games,6,star,team,74,seed,0.6085,0.1663,0.7983,4852,0.014556
games,6,full,team,74,seed,0.5813,0.1535,0.8078,4466,0.013398
games,6,hierarchy,team,74,seed,0.5801,0.1521,0.7592,6085,0.018255
games,8,chain,team,74,seed,0.3428,0.1917,0.7219,6483,0.019449
games,8,star,team,74,seed,0.7035,0.0848,0.7588,6388,0.019164
games,8,full,team,74,seed,0.3319,0.1387,0.7783,6818,0.020454
games,8,hierarchy,team,74,seed,0.3337,0.0611,0.7736,5396,0.016188
games,1,none,single_llm,74,paraphrase,1.5077,0.3182,0.4374,833,0.002499
games,4,none,ensemble,74,paraphrase,0.9096,0.2341,0.7324,2879,0.008637
games,6,none,ensemble,74,paraphrase,0.8746,0.2768,0.6926,5021,0.015063
games,8,none,ensemble,74,paraphrase,0.7308,0.252,0.6764,6879,0.020637
games,4,chain,team,74,paraphrase,0.6932,0.3607,0.662,3197,0.009591
games,4,star,team,74,paraphrase,0.644,0.1981,0.6863,2889,0.008667
games,4,full,team,74,paraphrase,0.6886,0.1908,0.7748,2949,0.008847
games,4,hierarchy,team,74,paraphrase,0.6906,0.2443,0.7696,3268,0.009804
games,6,chain,team,74,paraphrase,0.6416,0.1774,0.6575,4186,0.012558
games,6,star,team,74,paraphrase,0.7323,0.226,0.7015,4529,0.013587
games,6,full,team,74,paraphrase,0.4891,0.1493,0.7776,4661,0.013983
games,6,hierarchy,team,74,paraphrase,0.8297,0.2648,0.8001,5122,0.015366
games,8,chain,team,74,paraphrase,0.5344,0.2372,0.7076,7443,0.022329
games,8,star,team,74,paraphrase,0.5671,0.1938,0.7614,7513,0.022539
games,8,full,team,74,paraphrase,0.3533,0.2369,0.7557,5500,0.0165
games,8,hierarchy,team,74,paraphrase,0.4714,0.1273,0.7777,5735,0.017205
games,1,none,single_llm,75,seed,1.2253,0.4181,0.503,778,0.002334
games,4,none,ensemble,75,seed,0.7436,0.2306,0.8044,3448,0.010344
games,6,none,ensemble,75,seed,0.7864,0.1967,0.6874,4862,0.014586
games,8,none,ensemble,75,seed,0.6997,0.2348,0.6728,5786,0.017358
games,4,chain,team,75,seed,0.767,0.1733,0.7765,3195,0.009585
games,4,star,team,75,seed,0.4972,0.1944,0.6857,3421,0.010263
games,4,full,team,75,seed,0.6251,0.244,0.8336,2860,0.00858
games,4,hierarchy,team,75,seed,0.4979,0.1698,0.6989,3784,0.011352
games,6,chain,team,75,seed,0.5706,0.2121,0.7404,4713,0.014139
games,6,star,team,75,seed,0.5183,0.189,0.8002,4292,0.012876
games,6,full,team,75,seed,0.6538,0.113,0.7718,3441,0.010323
games,6,hierarchy,team,75,seed,0.605,0.1588,0.7796,4606,0.013818
games,8,chain,team,75,seed,0.4391,0.1386,0.7882,6809,0.020427
games,8,star,team,75,seed,0.4236,0.1613,0.7911,6077,0.018231
games,8,full,team,75,seed,0.4365,0.049,0.8166,5413,0.016239
games,8,hierarchy,team,75,seed,0.3639,0.0526,0.7762,7430,0.02229
games,1,none,single_llm,75,paraphrase,1.2624,0.4486,0.6747,832,0.002496
games,4,none,ensemble,75,paraphrase,0.8882,0.2786,0.61,2997,0.008991
games,6,none,ensemble,75,paraphrase,0.8312,0.3365,0.7116,4009,0.012027
games,8,none,ensemble,75,paraphrase,0.7318,0.2451,0.7259,7131,0.021393
games,4,chain,team,75,paraphrase,1.0802,0.2614,0.6792,3388,0.010164
games,4,star,team,75,paraphrase,0.6918,0.2444,0.7092,2361,0.007083
games,4,full,team,75,paraphrase,0.7423,0.2227,0.8036,3201,0.009603
games,4,hierarchy,team,75,paraphrase,0.6545,0.2497,0.6154,2812,0.008436
games,6,chain,team,75,paraphrase,0.7151,0.2248,0.7607,3855,0.011565
games,6,star,team,75,paraphrase,0.5773,0.1857,0.7924,5122,0.015366
games,6,full,team,75,paraphrase,0.6358,0.2464,0.7362,5440,0.01632
games,6,hierarchy,team,75,paraphrase,0.5172,0.1715,0.7723,4077,0.012231
games,8,chain,team,75,paraphrase,0.6339,0.2174,0.7786,6361,0.019083
games,8,star,team,75,paraphrase,0.5323,0.2037,0.7219,5948,0.017844
games,8,full,team,75,paraphrase,0.5441,0.1622,0.7446,6347,0.019041
games,8,hierarchy,team,75,paraphrase,0.7061,0.1756,0.7214,5307,0.015921
games,1,none,single_llm,76,seed,1.1936,0.3894,0.6085,808,0.002424
games,4,none,ensemble,76,seed,1.0147,0.2866,0.7168,3514,0.010542
games,6,none,ensemble,76,seed,1.0066,0.2188,0.6104,5118,0.015354
games,8,none,ensemble,76,seed,0.8437,0.2868,0.8069,7645,0.022935
games,4,chain,team,76,seed,0.792,0.2292,0.6708,3298,0.009894
games,4,star,team,76,seed,0.6247,0.1985,0.7727,3350,0.01005
games,4,full,team,76,seed,0.6403,0.2074,0.6438,3260,0.00978
games,4,hierarchy,team,76,seed,0.8202,0.2748,0.7966,3739,0.011217
games,6,chain,team,76,seed,0.5885,0.1749,0.7811,4798,0.014394
games,6,star,team,76,seed,0.4434,0.1241,0.729,5053,0.015159
games,6,full,team,76,seed,0.4927,0.1103,0.7663,5042,0.015126
games,6,hierarchy,team,76,seed,0.6196,0.1095,0.7102,5258,0.015774
games,8,chain,team,76,seed,0.3592,0.1752,0.8458,7436,0.022308
games,8,star,team,76,seed,0.5205,0.1517,0.9076,4905,0.014715
games,8,full,team,76,seed,0.3702,0.1373,0.7881,7193,0.021579
games,8,hierarchy,team,76,seed,0.4627,0.1386,0.7713,6065,0.018195
games,1,none,single_llm,76,paraphrase,1.1979,0.4263,0.4558,876,0.002628
games,4,none,ensemble,76,paraphrase,1.0584,0.365,0.5423,2656,0.007968
games,6,none,ensemble,76,paraphrase,0.8977,0.4322,0.726,4533,0.013599
games,8,none,ensemble,76,paraphrase,0.8809,0.3047,0.6079,7276,0.021828
games,4,chain,team,76,paraphrase,0.7933,0.2764,0.7012,3566,0.010698
games,4,star,team,76,paraphrase,0.6845,0.1817,0.7461,2546,0.007638
games,4,full,team,76,paraphrase,0.6999,0.2775,0.769,3533,0.010599
games,4,hierarchy,team,76,paraphrase,0.842,0.3564,0.6906,3327,0.009981
games,6,chain,team,76,paraphrase,0.6078,0.273,0.7115,5625,0.016875
games,6,star,team,76,paraphrase,0.5485,0.261,0.7743,4784,0.014352
games,6,full,team,76,paraphrase,0.6258,0.1952,0.7724,4700,0.0141
games,6,hierarchy,team,76,paraphrase,0.5514,0.2013,0.6505,5204,0.015612
games,8,chain,team,76,paraphrase,0.4532,0.2046,0.7574,6937,0.020811
games,8,star,team,76,paraphrase,0.3492,0.1797,0.778,6433,0.019299
games,8,full,team,76,paraphrase,0.6311,0.1305,0.6625,6918,0.020754
games,8,hierarchy,team,76,paraphrase,0.493,0.123,0.7371,7187,0.021561
games,1,none,single_llm,77,seed,1.0105,0.4902,0.4913,806,0.002418
games,4,none,ensemble,77,seed,0.7537,0.2521,0.642,2723,0.008169
games,6,none,ensemble,77,seed,1.1573,0.2025,0.6603,5265,0.015795
games,8,none,ensemble,77,seed,0.9677,0.2647,0.6579,6536,0.019608
games,4,chain,team,77,seed,0.5419,0.2561,0.6582,2942,0.008826
games,4,star,team,77,seed,0.6797,0.2078,0.757,3686,0.011058
games,4,full,team,77,seed,0.7223,0.1958,0.7185,3743,0.011229
games,4,hierarchy,team,77,seed,0.6197,0.2695,0.8611,3364,0.010092
games,6,chain,team,77,seed,0.6748,0.0514,0.7449,5329,0.015987
games,6,star,team,77,seed,0.614,0.096,0.7699,3582,0.010746
games,6,full,team,77,seed,0.5329,0.0494,0.8511,5367,0.016101
games,6,hierarchy,team,77,seed,0.4942,0.1756,0.7638,4916,0.014748
games,8,chain,team,77,seed,0.3819,0.1782,0.6829,5228,0.015684
games,8,star,team,77,seed,0.4345,0.1149,0.8086,5984,0.017952
games,8,full,team,77,seed,0.6052,0.1098,0.8166,6526,0.019578
games,8,hierarchy,team,77,seed,0.567,0.1564,0.8071,6871,0.020613
games,1,none,single_llm,77,paraphrase,1.0063,0.3028,0.5047,784,0.002352
games,4,none,ensemble,77,paraphrase,1.0496,0.311,0.6449,2801,0.008403
games,6,none,ensemble,77,paraphrase,0.8969,0.2202,0.6732,3898,0.011694
games,8,none,ensemble,77,paraphrase,0.8718,0.1949,0.667,6972,0.020916
games,4,chain,team,77,paraphrase,0.8327,0.2142,0.6664,2719,0.008157
games,4,star,team,77,paraphrase,0.5905,0.2547,0.758,3340,0.01002
games,4,full,team,77,paraphrase,0.7903,0.2295,0.7263,2856,0.008568
games,4,hierarchy,team,77,paraphrase,0.736,0.2071,0.6777,3228,0.009684
games,6,chain,team,77,paraphrase,0.6398,0.3573,0.6473,4739,0.014217
games,6,star,team,77,paraphrase,0.4592,0.1892,0.7273,5205,0.015615
games,6,full,team,77,paraphrase,0.5266,0.1771,0.7331,4127,0.012381
games,6,hierarchy,team,77,paraphrase,0.5564,0.1995,0.7383,5068,0.015204
games,8,chain,team,77,paraphrase,0.5532,0.2032,0.639,6745,0.020235
games,8,star,team,77,paraphrase,0.4571,0.2132,0.8208,6279,0.018837
games,8,full,team,77,paraphrase,0.3943,0.1627,0.7824,6198,0.018594
games,8,hierarchy,team,77,paraphrase,0.4903,0.2159,0.7699,6178,0.018534
games,1,none,single_llm,78,seed,0.9519,0.3774,0.4963,817,0.002451
games,4,none,ensemble,78,seed,0.9181,0.1556,0.6549,3364,0.010092
games,6,none,ensemble,78,seed,0.8946,0.2331,0.5714,5412,0.016236
games,8,none,ensemble,78,seed,0.7993,0.1482,0.6827,6547,0.019641
games,4,chain,team,78,seed,0.798,0.2005,0.7813,2626,0.007878
games,4,star,team,78,seed,0.5758,0.1074,0.7251,3682,0.011046
games,4,full,team,78,seed,0.8558,0.1794,0.7481,3129,0.009387
games,4,hierarchy,team,78,seed,0.7473,0.1375,0.7314,3659,0.010977
games,6,chain,team,78,seed,0.467,0.1448,0.7553,4935,0.014805
games,6,star,team,78,seed,0.4591,0.1478,0.815,5741,0.017223
games,6,full,team,78,seed,0.479,0.1231,0.871,4536,0.013608
games,6,hierarchy,team,78,seed,0.4092,0.1648,0.8284,4973,0.014919
games,8,chain,team,78,seed,0.487,0.0954,0.7621,7189,0.021567
games,8,star,team,78,seed,0.3233,0.1135,0.7756,5953,0.017859
games,8,full,team,78,seed,0.4415,0.1211,0.8266,5774,0.017322
games,8,hierarchy,team,78,seed,0.3021,0.1438,0.7597,7576,0.022728
games,1,none,single_llm,78,paraphrase,1.5627,0.5294,0.4442,845,0.002535
games,4,none,ensemble,78,paraphrase,1.0845,0.3479,0.5887,3609,0.010827
games,6,none,ensemble,78,paraphrase,0.8982,0.2937,0.5577,5109,0.015327
games,8,none,ensemble,78,paraphrase,0.7988,0.2916,0.7041,6515,0.019545
games,4,chain,team,78,paraphrase,0.8054,0.3115,0.6901,2734,0.008202
games,4,star,team,78,paraphrase,0.8169,0.2176,0.6638,2872,0.008616
games,4,full,team,78,paraphrase,0.7583,0.2261,0.6334,3077,0.009231
games,4,hierarchy,team,78,paraphrase,0.8969,0.2419,0.7117,3533,0.010599
games,6,chain,team,78,paraphrase,0.7311,0.2756,0.576,5632,0.016896
games,6,star,team,78,paraphrase,0.6652,0.3032,0.7055,3953,0.011859
games,6,full,team,78,paraphrase,0.5723,0.1737,0.7873,5315,0.015945
games,6,hierarchy,team,78,paraphrase,0.6129,0.2051,0.7608,4676,0.014028
games,8,chain,team,78,paraphrase,0.5427,0.2548,0.788,7093,0.021279
games,8,star,team,78,paraphrase,0.5098,0.0977,0.7476,5914,0.017742
games,8,full,team,78,paraphrase,0.4837,0.1365,0.764,5734,0.017202
games,8,hierarchy,team,78,paraphrase,0.4186,0.2422,0.6965,6400,0.0192
games,1,none,single_llm,79,seed,1.3432,0.4049,0.6056,824,0.002472
games,4,none,ensemble,79,seed,0.9869,0.3187,0.6755,2612,0.007836
games,6,none,ensemble,79,seed,0.7548,0.2621,0.6524,5577,0.016731
games,8,none,ensemble,79,seed,0.7424,0.2126,0.7975,6282,0.018846
games,4,chain,team,79,seed,0.7476,0.256,0.6664,3108,0.009324
games,4,star,team,79,seed,0.7629,0.1926,0.8434,2695,0.008085
games,4,full,team,79,seed,0.481,0.2008,0.8233,3138,0.009414
games,4,hierarchy,team,79,seed,0.74,0.2298,0.7193,2973,0.008919
games,6,chain,team,79,seed,0.5906,0.2109,0.6963,4704,0.014112
games,6,star,team,79,seed,0.4972,0.1615,0.7842,4537,0.013611
games,6,full,team,79,seed,0.6165,0.1032,0.78,4036,0.012108
games,6,hierarchy,team,79,seed,0.4702,0.1754,0.7907,5087,0.015261
games,8,chain,team,79,seed,0.5518,0.2368,0.7276,5363,0.016089
games,8,star,team,79,seed,0.3416,0.0952,0.7463,6459,0.019377
games,8,full,team,79,seed,0.5419,0.1649,0.8302,7770,0.02331
games,8,hierarchy,team,79,seed,0.431,0.068,0.8377,5223,0.015669
games,1,none,single_llm,79,paraphrase,1.1667,0.4412,0.5028,784,0.002352
games,4,none,ensemble,79,paraphrase,0.8383,0.3095,0.6702,3206,0.009618
games,6,none,ensemble,79,paraphrase,0.7986,0.2249,0.6014,4988,0.014964
games,8,none,ensemble,79,paraphrase,0.8712,0.2283,0.5574,6668,0.020004
games,4,chain,team,79,paraphrase,0.7202,0.3076,0.6622,2883,0.008649
games,4,star,team,79,paraphrase,0.7753,0.3443,0.7675,3243,0.009729
games,4,full,team,79,paraphrase,0.7659,0.16,0.6839,2396,0.007188
games,4,hierarchy,team,79,paraphrase,0.953,0.3211,0.7396,3243,0.009729
games,6,chain,team,79,paraphrase,0.4964,0.226,0.8042,4863,0.014589
games,6,star,team,79,paraphrase,0.5451,0.1344,0.8136,4766,0.014298
games,6,full,team,79,paraphrase,0.3959,0.1478,0.6907,4736,0.014208
games,6,hierarchy,team,79,paraphrase,0.6423,0.1946,0.7735,4837,0.014511
games,8,chain,team,79,paraphrase,0.6829,0.199,0.8773,6038,0.018114
games,8,star,team,79,paraphrase,0.4363,0.1423,0.7445,5299,0.015897
games,8,full,team,79,paraphrase,0.5261,0.0871,0.7731,5535,0.016605
games,8,hierarchy,team,79,paraphrase,0.5085,0.2175,0.8602,5710,0.01713
games,1,none,single_llm,80,seed,1.1775,0.3066,0.4891,742,0.002226
games,4,none,ensemble,80,seed,0.9989,0.2256,0.785,3333,0.009999
games,6,none,ensemble,80,seed,0.697,0.2089,0.6419,5184,0.015552
games,8,none,ensemble,80,seed,0.5533,0.1413,0.6945,6837,0.020511
games,4,chain,team,80,seed,0.8533,0.2752,0.7665,3173,0.009519
games,4,star,team,80,seed,0.7595,0.1442,0.6778,3339,0.010017
games,4,full,team,80,seed,0.5494,0.1674,0.786,3279,0.009837
games,4,hierarchy,team,80,seed,0.7938,0.2333,0.7698,3058,0.009174
games,6,chain,team,80,seed,0.5824,0.1509,0.7448,6056,0.018168
games,6,star,team,80,seed,0.5398,0.1628,0.7494,5289,0.015867
games,6,full,team,80,seed,0.5676,0.1554,0.8054,5296,0.015888
games,6,hierarchy,team,80,seed,0.6688,0.1661,0.7689,5229,0.015687
games,8,chain,team,80,seed,0.4063,0.1246,0.7623,5285,0.015855
games,8,star,team,80,seed,0.5294,0.0848,0.7714,6263,0.018789
games,8,full,team,80,seed,0.4206,0.0896,0.8016,6361,0.019083
games,8,hierarchy,team,80,seed,0.422,0.1024,0.8391,5053,0.015159
games,1,none,single_llm,80,paraphrase,1.2491,0.3819,0.5393,683,0.002049
games,4,none,ensemble,80,paraphrase,0.92,0.3049,0.6742,3306,0.009918
games,6,none,ensemble,80,paraphrase,0.7562,0.2629,0.7032,4223,0.012669
games,8,none,ensemble,80,paraphrase,0.8206,0.2679,0.6669,8125,0.024375
games,4,chain,team,80,paraphrase,0.7687,0.298,0.6617,3368,0.010104
games,4,star,team,80,paraphrase,0.8471,0.2265,0.7273,2913,0.008739
games,4,full,team,80,paraphrase,0.6156,0.2715,0.7123,2427,0.007281
games,4,hierarchy,team,80,paraphrase,0.9565,0.2279,0.7077,3725,0.011175
games,6,chain,team,80,paraphrase,0.6374,0.2282,0.6532,4015,0.012045
games,6,star,team,80,paraphrase,0.585,0.2193,0.7599,4568,0.013704
games,6,full,team,80,paraphrase,0.5736,0.1113,0.7776,4877,0.014631
games,6,hierarchy,team,80,paraphrase,0.819,0.215,0.6875,4775,0.014325
games,8,chain,team,80,paraphrase,0.5439,0.2307,0.7263,5593,0.016779
games,8,star,team,80,paraphrase,0.3631,0.1938,0.8242,6450,0.01935
games,8,full,team,80,paraphrase,0.578,0.2038,0.7783,5878,0.017634
games,8,hierarchy,team,80,paraphrase,0.5662,0.2416,0.7715,6878,0.020634
games,1,none,single_llm,81,seed,1.1306,0.3379,0.5417,795,0.002385
games,4,none,ensemble,81,seed,1.0402,0.1326,0.6518,3174,0.009522
games,6,none,ensemble,81,seed,0.6536,0.2609,0.6465,4628,0.013884
games,8,none,ensemble,81,seed,0.9719,0.2588,0.7645,6643,0.019929
games,4,chain,team,81,seed,0.7135,0.3,0.7801,2960,0.00888
games,4,star,team,81,seed,0.54,0.2127,0.7672,2742,0.008226
games,4,full,team,81,seed,0.6929,0.1592,0.8065,3341,0.010023
games,4,hierarchy,team,81,seed,0.6392,0.2253,0.7351,3061,0.009183
games,6,chain,team,81,seed,0.5184,0.22,0.7406,5458,0.016374
games,6,star,team,81,seed,0.6999,0.1152,0.6386,5301,0.015903
games,6,full,team,81,seed,0.4574,0.0901,0.7652,4600,0.0138
games,6,hierarchy,team,81,seed,0.6713,0.1611,0.8388,5037,0.015111
games,8,chain,team,81,seed,0.4657,0.1377,0.7931,6925,0.020775
games,8,star,team,81,seed,0.5463,0.1129,0.8038,6773,0.020319
games,8,full,team,81,seed,0.3783,0.0579,0.7647,6245,0.018735
games,8,hierarchy,team,81,seed,0.5329,0.1837,0.7172,6017,0.018051
games,1,none,single_llm,81,paraphrase,1.2263,0.4577,0.473,765,0.002295
games,4,none,ensemble,81,paraphrase,0.8106,0.3342,0.6003,2990,0.00897
games,6,none,ensemble,81,paraphrase,0.867,0.3436,0.5897,4396,0.013188
games,8,none,ensemble,81,paraphrase,0.9803,0.2721,0.7302,6657,0.019971
games,4,chain,team,81,paraphrase,0.8065,0.2661,0.7416,3571,0.010713
games,4,star,team,81,paraphrase,0.8684,0.2026,0.7952,3085,0.009255
games,4,full,team,81,paraphrase,0.6545,0.2232,0.7816,3372,0.010116
games,4,hierarchy,team,81,paraphrase,0.7545,0.2935,0.727,3016,0.009048
games,6,chain,team,81,paraphrase,0.5808,0.2512,0.7105,4139,0.012417
games,6,star,team,81,paraphrase,0.6863,0.1855,0.8242,4126,0.012378
games,6,full,team,81,paraphrase,0.5535,0.1567,0.7059,4566,0.013698
games,6,hierarchy,team,81,paraphrase,0.7987,0.2205,0.695,3922,0.011766
games,8,chain,team,81,paraphrase,0.4045,0.1919,0.6933,6256,0.018768
games,8,star,team,81,paraphrase,0.2994,0.1797,0.8064,7438,0.022314
games,8,full,team,81,paraphrase,0.3072,0.1313,0.7223,6493,0.019479
games,8,hierarchy,team,81,paraphrase,0.4247,0.2606,0.7472,6321,0.018963
games,1,none,single_llm,82,seed,1.4389,0.349,0.578,739,0.002217
games,4,none,ensemble,82,seed,0.7355,0.2195,0.7812,3402,0.010206
games,6,none,ensemble,82,seed,0.8511,0.1785,0.7447,4148,0.012444
games,8,none,ensemble,82,seed,0.562,0.1804,0.8473,7614,0.022842
games,4,chain,team,82,seed,0.6849,0.193,0.658,3224,0.009672
games,4,star,team,82,seed,0.6962,0.2216,0.8155,3136,0.009408
games,4,full,team,82,seed,0.7056,0.142,0.8069,3037,0.009111
games,4,hierarchy,team,82,seed,0.7459,0.2151,0.7634,3454,0.010362
games,6,chain,team,82,seed,0.4146,0.1321,0.7411,4107,0.012321
games,6,star,team,82,seed,0.4809,0.1298,0.8501,4868,0.014604
games,6,full,team,82,seed,0.5945,0.1368,0.7678,4864,0.014592
games,6,hierarchy,team,82,seed,0.6145,0.2025,0.768,4009,0.012027
games,8,chain,team,82,seed,0.3249,0.1403,0.6481,7548,0.022644
games,8,star,team,82,seed,0.5064,0.0979,0.7395,7057,0.021171
games,8,full,team,82,seed,0.3053,0.0626,0.7667,6473,0.019419
games,8,hierarchy,team,82,seed,0.5287,0.181,0.8372,6400,0.0192
games,1,none,single_llm,82,paraphrase,1.4331,0.3697,0.3825,746,0.002238
games,4,none,ensemble,82,paraphrase,0.8832,0.2784,0.5524,3052,0.009156
games,6,none,ensemble,82,paraphrase,0.9726,0.373,0.5465,4181,0.012543
games,8,none,ensemble,82,paraphrase,0.735,0.3066,0.6777,5936,0.017808
games,4,chain,team,82,paraphrase,0.8817,0.3183,0.6991,2938,0.008814
games,4,star,team,82,paraphrase,0.787,0.2407,0.7179,3036,0.009108
games,4,full,team,82,paraphrase,0.8225,0.24,0.7918,3627,0.010881
games,4,hierarchy,team,82,paraphrase,0.8259,0.2397,0.772,3349,0.010047
games,6,chain,team,82,paraphrase,0.9119,0.2471,0.7495,4939,0.014817
games,6,star,team,82,paraphrase,0.5917,0.1944,0.7593,5050,0.01515
games,6,full,team,82,paraphrase,0.687,0.1971,0.7315,4643,0.013929
games,6,hierarchy,team,82,paraphrase,0.4893,0.2812,0.7076,5264,0.015792
games,8,chain,team,82,paraphrase,0.6043,0.2255,0.7191,5895,0.017685
games,8,star,team,82,paraphrase,0.4298,0.2525,0.7607,7120,0.02136
games,8,full,team,82,paraphrase,0.6352,0.1469,0.7862,6428,0.019284
games,8,hierarchy,team,82,paraphrase,0.4309,0.1859,0.7744,6080,0.01824
games,1,none,single_llm,83,seed,1.1513,0.3396,0.6978,653,0.001959
games,4,none,ensemble,83,seed,0.9602,0.2373,0.6116,3111,0.009333
games,6,none,ensemble,83,seed,0.8983,0.2635,0.7012,5324,0.015972
games,8,none,ensemble,83,seed,0.9023,0.2492,0.6972,6716,0.020148
games,4,chain,team,83,seed,0.7799,0.1874,0.6615,2552,0.007656
games,4,star,team,83,seed,0.687,0.2019,0.7109,3534,0.010602
games,4,full,team,83,seed,0.6652,0.224,0.7985,2858,0.008574
games,4,hierarchy,team,83,seed,0.7458,0.2268,0.7326,2738,0.008214
games,6,chain,team,83,seed,0.5816,0.1347,0.8107,4604,0.013812
games,6,star,team,83,seed,0.6941,0.0598,0.7914,5486,0.016458
games,6,full,team,83,seed,0.4026,0.1184,0.7745,4471,0.013413
games,6,hierarchy,team,83,seed,0.5661,0.1029,0.7691,5047,0.015141
games,8,chain,team,83,seed,0.4752,0.1133,0.8165,6867,0.020601
games,8,star,team,83,seed,0.3425,0.0716,0.7474,6748,0.020244
games,8,full,team,83,seed,0.4442,0.1349,0.7887,5808,0.017424
games,8,hierarchy,team,83,seed,0.5586,0.1112,0.7943,5408,0.016224
games,1,none,single_llm,83,paraphrase,1.1945,0.4706,0.4599,865,0.002595
games,4,none,ensemble,83,paraphrase,0.7003,0.282,0.5997,3757,0.011271
games,6,none,ensemble,83,paraphrase,0.7579,0.3208,0.7134,4453,0.013359
games,8,none,ensemble,83,paraphrase,0.7852,0.2754,0.6011,6108,0.018324
games,4,chain,team,83,paraphrase,0.9376,0.3009,0.6922,3236,0.009708
games,4,star,team,83,paraphrase,0.8181,0.2809,0.7022,3691,0.011073
games,4,full,team,83,paraphrase,0.8616,0.2571,0.6979,2873,0.008619
games,4,hierarchy,team,83,paraphrase,0.7473,0.2624,0.6316,3358,0.010074
games,6,chain,team,83,paraphrase,0.7803,0.2578,0.6808,4418,0.013254
games,6,star,team,83,paraphrase,0.6316,0.1986,0.7668,5088,0.015264
games,6,full,team,83,paraphrase,0.6808,0.1395,0.7657,4625,0.013875
games,6,hierarchy,team,83,paraphrase,0.6117,0.2493,0.7833,5471,0.016413
games,8,chain,team,83,paraphrase,0.6192,0.2089,0.7124,5289,0.015867
games,8,star,team,83,paraphrase,0.6606,0.1705,0.7803,6834,0.020502
games,8,full,team,83,paraphrase,0.3721,0.1264,0.8424,6585,0.019755
games,8,hierarchy,team,83,paraphrase,0.4886,0.1883,0.7993,6997,0.020991
games,1,none,single_llm,84,seed,0.9801,0.4481,0.6176,787,0.002361
games,4,none,ensemble,84,seed,0.757,0.3027,0.6786,2733,0.008199
games,6,none,ensemble,84,seed,0.7903,0.3836,0.691,4443,0.013329
games,8,none,ensemble,84,seed,0.629,0.2969,0.7809,7300,0.0219
games,4,chain,team,84,seed,0.7548,0.2702,0.6976,3252,0.009756
games,4,star,team,84,seed,0.7087,0.2453,0.7859,2999,0.008997
games,4,full,team,84,seed,0.6564,0.1029,0.664,3466,0.010398
games,4,hierarchy,team,84,seed,0.6625,0.1895,0.8015,3647,0.010941
games,6,chain,team,84,seed,0.625,0.2519,0.7798,4945,0.014835
games,6,star,team,84,seed,0.5456,0.0933,0.8324,3626,0.010878
games,6,full,team,84,seed,0.433,0.1257,0.7551,4583,0.013749
games,6,hierarchy,team,84,seed,0.7255,0.1989,0.7403,4574,0.013722
games,8,chain,team,84,seed,0.369,0.1815,0.7525,5141,0.015423
games,8,star,team,84,seed,0.4567,0.1409,0.8432,6353,0.019059
games,8,full,team,84,seed,0.3794,0.1828,0.8053,6860,0.02058
games,8,hierarchy,team,84,seed,0.4127,0.1609,0.7122,6104,0.018312
games,1,none,single_llm,84,paraphrase,1.0988,0.3737,0.5975,751,0.002253
games,4,none,ensemble,84,paraphrase,1.0662,0.3859,0.6083,3518,0.010554
games,6,none,ensemble,84,paraphrase,0.9619,0.2931,0.695,5683,0.017049
games,8,none,ensemble,84,paraphrase,0.7535,0.2204,0.6289,7036,0.021108
games,4,chain,team,84,paraphrase,0.9229,0.2585,0.5932,2984,0.008952
games,4,star,team,84,paraphrase,0.8148,0.2473,0.739,3032,0.009096
games,4,full,team,84,paraphrase,0.8314,0.2437,0.7693,3250,0.00975
games,4,hierarchy,team,84,paraphrase,0.8324,0.2783,0.6736,3319,0.009957
games,6,chain,team,84,paraphrase,0.7307,0.2809,0.7354,4336,0.013008
games,6,star,team,84,paraphrase,0.5205,0.1873,0.7541,4741,0.014223
games,6,full,team,84,paraphrase,0.4592,0.1396,0.6497,3302,0.009906
games,6,hierarchy,team,84,paraphrase,0.6084,0.3076,0.8245,4330,0.01299
games,8,chain,team,84,paraphrase,0.5917,0.1548,0.6594,5633,0.016899
games,8,star,team,84,paraphrase,0.5041,0.176,0.7676,6824,0.020472
games,8,full,team,84,paraphrase,0.463,0.1648,0.7103,5539,0.016617
games,8,hierarchy,team,84,paraphrase,0.3968,0.2193,0.7281,5202,0.015606
games,1,none,single_llm,85,seed,1.1905,0.2751,0.6662,753,0.002259
games,4,none,ensemble,85,seed,0.9818,0.3044,0.5927,3224,0.009672
games,6,none,ensemble,85,seed,0.8846,0.2331,0.7117,4161,0.012483
games,8,none,ensemble,85,seed,0.8165,0.184,0.751,6988,0.020964
games,4,chain,team,85,seed,0.7969,0.2339,0.7721,3420,0.01026
games,4,star,team,85,seed,0.8296,0.1886,0.7782,3498,0.010494
games,4,full,team,85,seed,0.601,0.1166,0.8047,3134,0.009402
games,4,hierarchy,team,85,seed,0.5792,0.22,0.8316,2678,0.008034
games,6,chain,team,85,seed,0.6738,0.0733,0.7346,5683,0.017049
games,6,star,team,85,seed,0.4888,0.1483,0.8228,3976,0.011928
games,6,full,team,85,seed,0.4988,0.1273,0.8877,4206,0.012618
games,6,hierarchy,team,85,seed,0.5034,0.1176,0.7229,5341,0.016023
games,8,chain,team,85,seed,0.4993,0.1311,0.7391,6039,0.018117
games,8,star,team,85,seed,0.3993,0.0728,0.7821,6170,0.01851
games,8,full,team,85,seed,0.3409,0.1095,0.817,6043,0.018129
games,8,hierarchy,team,85,seed,0.4523,0.2197,0.891,5725,0.017175
games,1,none,single_llm,85,paraphrase,1.1428,0.3464,0.584,768,0.002304
games,4,none,ensemble,85,paraphrase,1.0088,0.4098,0.6094,3425,0.010275
games,6,none,ensemble,85,paraphrase,0.9606,0.2579,0.7135,4392,0.013176
games,8,none,ensemble,85,paraphrase,0.9908,0.239,0.6613,5703,0.017109
games,4,chain,team,85,paraphrase,0.7176,0.2629,0.5784,3125,0.009375
games,4,star,team,85,paraphrase,0.7092,0.2816,0.7511,2973,0.008919
games,4,full,team,85,paraphrase,0.6841,0.2206,0.8143,2936,0.008808
games,4,hierarchy,team,85,paraphrase,0.708,0.2149,0.6459,3298,0.009894
games,6,chain,team,85,paraphrase,0.6719,0.2861,0.7667,5950,0.01785
games,6,star,team,85,paraphrase,0.5942,0.1943,0.6796,5134,0.015402
games,6,full,team,85,paraphrase,0.5834,0.2108,0.6977,4968,0.014904
games,6,hierarchy,team,85,paraphrase,0.6421,0.2203,0.7005,5370,0.01611
games,8,chain,team,85,paraphrase,0.7817,0.1689,0.761,4558,0.013674
games,8,star,team,85,paraphrase,0.5935,0.1085,0.7288,5559,0.016677
games,8,full,team,85,paraphrase,0.4751,0.1969,0.6721,6169,0.018507
games,8,hierarchy,team,85,paraphrase,0.4953,0.2566,0.7666,5646,0.016938
games,1,none,single_llm,86,seed,1.1293,0.4434,0.6,726,0.002178
games,4,none,ensemble,86,seed,0.868,0.2382,0.6177,2652,0.007956
games,6,none,ensemble,86,seed,0.7369,0.2967,0.6671,4750,0.01425
games,8,none,ensemble,86,seed,0.7669,0.3192,0.7305,7100,0.0213
games,4,chain,team,86,seed,0.6702,0.2096,0.7406,2952,0.008856
games,4,star,team,86,seed,0.6596,0.2255,0.73,3200,0.0096
games,4,full,team,86,seed,0.7209,0.137,0.8348,3223,0.009669
games,4,hierarchy,team,86,seed,0.6835,0.1197,0.7413,3318,0.009954
games,6,chain,team,86,seed,0.7461,0.1975,0.8109,4219,0.012657
games,6,star,team,86,seed,0.5089,0.1936,0.7402,5263,0.015789
games,6,full,team,86,seed,0.5649,0.1357,0.7782,4326,0.012978
games,6,hierarchy,team,86,seed,0.7191,0.18,0.7917,4601,0.013803
games,8,chain,team,86,seed,0.5005,0.1599,0.785,6869,0.020607
games,8,star,team,86,seed,0.3684,0.0647,0.7992,5281,0.015843
games,8,full,team,86,seed,0.3843,0.083,0.8296,7668,0.023004
games,8,hierarchy,team,86,seed,0.2722,0.2243,0.7733,6622,0.019866
games,1,none,single_llm,86,paraphrase,1.0678,0.4698,0.5129,795,0.002385
games,4,none,ensemble,86,paraphrase,0.7475,0.3137,0.6607,3124,0.009372
games,6,none,ensemble,86,paraphrase,1.0391,0.3439,0.6115,5565,0.016695
games,8,none,ensemble,86,paraphrase,0.8354,0.2708,0.6959,6444,0.019332
games,4,chain,team,86,paraphrase,0.547,0.2726,0.6318,3720,0.01116
games,4,star,team,86,paraphrase,0.9186,0.2841,0.7181,2877,0.008631
games,4,full,team,86,paraphrase,0.6642,0.3077,0.7054,2446,0.007338
games,4,hierarchy,team,86,paraphrase,0.883,0.32,0.803,3532,0.010596
games,6,chain,team,86,paraphrase,0.7717,0.2369,0.6108,4813,0.014439
games,6,star,team,86,paraphrase,0.6638,0.1993,0.7356,4337,0.013011
games,6,full,team,86,paraphrase,0.4714,0.2583,0.8483,4798,0.014394
games,6,hierarchy,team,86,paraphrase,0.6497,0.1755,0.7668,5644,0.016932
games,8,chain,team,86,paraphrase,0.4237,0.2319,0.752,6737,0.020211
games,8,star,team,86,paraphrase,0.6909,0.2648,0.7433,6830,0.02049
games,8,full,team,86,paraphrase,0.5051,0.138,0.7785,6829,0.020487
games,8,hierarchy,team,86,paraphrase,0.5684,0.1581,0.7218,6108,0.018324
games,1,none,single_llm,87,seed,1.0736,0.3688,0.5793,878,0.002634
games,4,none,ensemble,87,seed,0.7971,0.2211,0.7433,3147,0.009441
games,6,none,ensemble,87,seed,0.8218,0.2185,0.758,5362,0.016086
games,8,none,ensemble,87,seed,0.8836,0.2097,0.6777,7632,0.022896
games,4,chain,team,87,seed,0.8156,0.2017,0.8112,3028,0.009084
games,4,star,team,87,seed,0.8211,0.2491,0.7239,3386,0.010158
games,4,full,team,87,seed,0.7282,0.2746,0.7429,3658,0.010974
games,4,hierarchy,team,87,seed,0.7017,0.1503,0.754,3200,0.0096
games,6,chain,team,87,seed,0.4657,0.1872,0.8025,4914,0.014742
games,6,star,team,87,seed,0.4674,0.1388,0.7844,4904,0.014712
games,6,full,team,87,seed,0.6026,0.1356,0.7245,4530,0.01359
games,6,hierarchy,team,87,seed,0.5582,0.1997,0.8395,5651,0.016953
games,8,chain,team,87,seed,0.5097,0.1839,0.6923,6675,0.020025
games,8,star,team,87,seed,0.3391,0.1208,0.9465,6594,0.019782
games,8,full,team,87,seed,0.3303,0.1196,0.7791,5785,0.017355
games,8,hierarchy,team,87,seed,0.677,0.176,0.8023,6149,0.018447
games,1,none,single_llm,87,paraphrase,1.2334,0.5025,0.5315,553,0.001659
games,4,none,ensemble,87,paraphrase,1.2705,0.3192,0.6306,3547,0.010641
games,6,none,ensemble,87,paraphrase,0.954,0.3246,0.6246,4209,0.012627
games,8,none,ensemble,87,paraphrase,0.8636,0.3399,0.6511,5934,0.017802
games,4,chain,team,87,paraphrase,0.9321,0.2617,0.6795,3080,0.00924
games,4,star,team,87,paraphrase,0.7535,0.1871,0.703,3273,0.009819
games,4,full,team,87,paraphrase,0.7523,0.2763,0.832,3683,0.011049
games,4,hierarchy,team,87,paraphrase,0.8715,0.2541,0.6888,3205,0.009615
games,6,chain,team,87,paraphrase,0.7102,0.2676,0.7458,4741,0.014223
games,6,star,team,87,paraphrase,0.6803,0.2552,0.7886,4784,0.014352
games,6,full,team,87,paraphrase,0.4882,0.1504,0.7206,4923,0.014769
games,6,hierarchy,team,87,paraphrase,0.6736,0.1582,0.7094,4916,0.014748
games,8,chain,team,87,paraphrase,0.4867,0.2307,0.7096,5937,0.017811
games,8,star,team,87,paraphrase,0.532,0.199,0.7126,6244,0.018732
games,8,full,team,87,paraphrase,0.5434,0.1328,0.6821,5416,0.016248
games,8,hierarchy,team,87,paraphrase,0.5049,0.1406,0.7276,7465,0.022395
games,1,none,single_llm,88,seed,0.9932,0.333,0.6993,832,0.002496
games,4,none,ensemble,88,seed,0.8559,0.2422,0.6758,3742,0.011226
games,6,none,ensemble,88,seed,0.7545,0.1894,0.6073,4849,0.014547
games,8,none,ensemble,88,seed,0.5813,0.1851,0.6755,7087,0.021261
games,4,chain,team,88,seed,0.6792,0.2359,0.6598,3242,0.009726
games,4,star,team,88,seed,0.5597,0.173,0.8806,3498,0.010494
games,4,full,team,88,seed,0.6372,0.298,0.7342,3572,0.010716
games,4,hierarchy,team,88,seed,0.5467,0.1902,0.6926,3282,0.009846
games,6,chain,team,88,seed,0.5772,0.1624,0.8092,4527,0.013581
games,6,star,team,88,seed,0.5543,0.1776,0.7105,4440,0.01332
games,6,full,team,88,seed,0.497,0.1499,0.8657,4696,0.014088
games,6,hierarchy,team,88,seed,0.5099,0.1198,0.7911,4657,0.013971
games,8,chain,team,88,seed,0.4693,0.1496,0.7926,6039,0.018117
games,8,star,team,88,seed,0.3695,0.1406,0.6437,6013,0.018039
games,8,full,team,88,seed,0.3015,0.1515,0.783,6041,0.018123
games,8,hierarchy,team,88,seed,0.4618,0.1095,0.7649,6462,0.019386
games,1,none,single_llm,88,paraphrase,1.2167,0.3842,0.4393,707,0.002121
games,4,none,ensemble,88,paraphrase,0.9873,0.3253,0.5243,3443,0.010329
games,6,none,ensemble,88,paraphrase,0.9899,0.336,0.668,5105,0.015315
games,8,none,ensemble,88,paraphrase,1.0922,0.2533,0.6273,5418,0.016254
games,4,chain,team,88,paraphrase,0.9856,0.3508,0.6538,2967,0.008901
games,4,star,team,88,paraphrase,0.7276,0.299,0.6656,2570,0.00771
games,4,full,team,88,paraphrase,0.9468,0.2425,0.7627,3134,0.009402
games,4,hierarchy,team,88,paraphrase,0.8266,0.1994,0.678,3233,0.009699
games,6,chain,team,88,paraphrase,0.4245,0.2226,0.6964,4654,0.013962
games,6,star,team,88,paraphrase,0.5465,0.1649,0.6535,4869,0.014607
games,6,full,team,88,paraphrase,0.5416,0.1297,0.7578,4658,0.013974
games,6,hierarchy,team,88,paraphrase,0.5755,0.1285,0.7688,4208,0.012624
games,8,chain,team,88,paraphrase,0.583,0.181,0.7056,7137,0.021411
games,8,star,team,88,paraphrase,0.5798,0.2285,0.7715,6653,0.019959
games,8,full,team,88,paraphrase,0.3186,0.1506,0.7538,7183,0.021549
games,8,hierarchy,team,88,paraphrase,0.496,0.2039,0.7563,7140,0.02142
games,1,none,single_llm,89,seed,1.1799,0.3997,0.4307,670,0.00201
games,4,none,ensemble,89,seed,0.626,0.2893,0.6904,3486,0.010458
games,6,none,ensemble,89,seed,0.7369,0.1991,0.6827,5492,0.016476
games,8,none,ensemble,89,seed,0.9533,0.248,0.7499,7254,0.021762
games,4,chain,team,89,seed,0.7044,0.2044,0.7335,2886,0.008658
games,4,star,team,89,seed,0.6625,0.1453,0.8213,3373,0.010119
games,4,full,team,89,seed,0.793,0.1048,0.8751,2696,0.008088
games,4,hierarchy,team,89,seed,0.5802,0.1752,0.8254,3272,0.009816
games,6,chain,team,89,seed,0.5472,0.143,0.6858,5343,0.016029
games,6,star,team,89,seed,0.6015,0.1988,0.8045,3531,0.010593
games,6,full,team,89,seed,0.3671,0.1433,0.7761,4531,0.013593
games,6,hierarchy,team,89,seed,0.4313,0.1926,0.7974,5040,0.01512
games,8,chain,team,89,seed,0.4333,0.1604,0.6981,6316,0.018948
games,8,star,team,89,seed,0.1939,0.0606,0.7789,7920,0.02376
games,8,full,team,89,seed,0.2366,0.0536,0.8158,7532,0.022596
games,8,hierarchy,team,89,seed,0.4869,0.1614,0.7681,6073,0.018219
games,1,none,single_llm,89,paraphrase,1.2923,0.3705,0.5607,671,0.002013
games,4,none,ensemble,89,paraphrase,1.0868,0.312,0.5971,2674,0.008022
games,6,none,ensemble,89,paraphrase,0.7806,0.3472,0.6375,4933,0.014799
games,8,none,ensemble,89,paraphrase,0.7245,0.2669,0.6077,6463,0.019389
games,4,chain,team,89,paraphrase,0.8471,0.2928,0.6548,3090,0.00927
games,4,star,team,89,paraphrase,0.8137,0.2415,0.7156,3809,0.011427
games,4,full,team,89,paraphrase,0.6349,0.2732,0.6823,3409,0.010227
games,4,hierarchy,team,89,paraphrase,0.8508,0.2396,0.6591,2569,0.007707
games,6,chain,team,89,paraphrase,0.5901,0.2558,0.6607,4846,0.014538
games,6,star,team,89,paraphrase,0.454,0.1954,0.6873,4762,0.014286
games,6,full,team,89,paraphrase,0.5215,0.1371,0.7217,4351,0.013053
games,6,hierarchy,team,89,paraphrase,0.4902,0.2581,0.7166,3742,0.011226
games,8,chain,team,89,paraphrase,0.5143,0.2499,0.6869,7358,0.022074
games,8,star,team,89,paraphrase,0.441,0.2035,0.8068,6688,0.020064
games,8,full,team,89,paraphrase,0.3592,0.1256,0.8235,5885,0.017655
games,8,hierarchy,team,89,paraphrase,0.6442,0.1761,0.7521,5512,0.016536
games,1,none,single_llm,90,seed,1.1088,0.2975,0.5658,807,0.002421
games,4,none,ensemble,90,seed,0.9555,0.2255,0.5942,3258,0.009774
games,6,none,ensemble,90,seed,0.6946,0.2812,0.6831,4643,0.013929
games,8,none,ensemble,90,seed,0.8055,0.2045,0.6305,5720,0.01716
games,4,chain,team,90,seed,0.8358,0.2234,0.6559,3312,0.009936
games,4,star,team,90,seed,0.6241,0.155,0.7128,3519,0.010557
games,4,full,team,90,seed,0.4535,0.1365,0.786,3705,0.011115
games,4,hierarchy,team,90,seed,0.7554,0.1662,0.8365,2766,0.008298
games,6,chain,team,90,seed,0.5981,0.1943,0.7106,5134,0.015402
games,6,star,team,90,seed,0.4702,0.1725,0.6926,4960,0.01488
games,6,full,team,90,seed,0.4504,0.1707,0.7924,5399,0.016197
games,6,hierarchy,team,90,seed,0.5924,0.1496,0.814,5181,0.015543
games,8,chain,team,90,seed,0.5439,0.0616,0.7159,7285,0.021855
games,8,star,team,90,seed,0.3211,0.1586,0.8303,5935,0.017805
games,8,full,team,90,seed,0.2171,0.0806,0.9089,5847,0.017541
games,8,hierarchy,team,90,seed,0.3872,0.0934,0.8457,6244,0.018732
games,1,none,single_llm,90,paraphrase,1.1861,0.4948,0.5506,726,0.002178
games,4,none,ensemble,90,paraphrase,0.8332,0.3679,0.611,2704,0.008112
games,6,none,ensemble,90,paraphrase,0.6842,0.2315,0.5756,3817,0.011451
games,8,none,ensemble,90,paraphrase,0.6981,0.2224,0.6622,7483,0.022449
games,4,chain,team,90,paraphrase,0.7833,0.2733,0.7255,3124,0.009372
games,4,star,team,90,paraphrase,0.8,0.2612,0.7361,4085,0.012255
games,4,full,team,90,paraphrase,0.8211,0.1867,0.7585,2946,0.008838
games,4,hierarchy,team,90,paraphrase,0.8246,0.205,0.6646,3310,0.00993
games,6,chain,team,90,paraphrase,0.7514,0.2548,0.7573,4979,0.014937
games,6,star,team,90,paraphrase,0.6188,0.1846,0.7853,5291,0.015873
games,6,full,team,90,paraphrase,0.5653,0.1801,0.8342,4790,0.01437
games,6,hierarchy,team,90,paraphrase,0.6292,0.2341,0.7297,4406,0.013218
games,8,chain,team,90,paraphrase,0.6145,0.2118,0.8171,6904,0.020712
games,8,star,team,90,paraphrase,0.4671,0.2125,0.7704,7238,0.021714
games,8,full,team,90,paraphrase,0.4442,0.1709,0.76,6437,0.019311
games,8,hierarchy,team,90,paraphrase,0.4581,0.2164,0.7659,7222,0.021666
games,1,none,single_llm,91,seed,1.1985,0.3253,0.6053,736,0.002208
games,4,none,ensemble,91,seed,1.0302,0.3041,0.7254,3320,0.00996
games,6,none,ensemble,91,seed,0.7598,0.2327,0.7128,4531,0.013593
games,8,none,ensemble,91,seed,0.91,0.2373,0.6765,7605,0.022815
games,4,chain,team,91,seed,0.7397,0.1762,0.6985,3676,0.011028
games,4,star,team,91,seed,0.8625,0.2304,0.836,3589,0.010767
games,4,full,team,91,seed,0.7057,0.1832,0.807,3435,0.010305
games,4,hierarchy,team,91,seed,0.6258,0.2293,0.8329,3133,0.009399
games,6,chain,team,91,seed,0.5403,0.1938,0.7221,4167,0.012501
games,6,star,team,91,seed,0.6364,0.1267,0.7855,4507,0.013521
games,6,full,team,91,seed,0.6193,0.1589,0.7826,4233,0.012699
games,6,hierarchy,team,91,seed,0.5069,0.1775,0.7841,4852,0.014556
games,8,chain,team,91,seed,0.5178,0.1837,0.7629,6688,0.020064
games,8,star,team,91,seed,0.348,0.2255,0.7808,6530,0.01959
games,8,full,team,91,seed,0.4733,0.0869,0.8054,6397,0.019191
games,8,hierarchy,team,91,seed,0.3753,0.1509,0.7025,7521,0.022563
games,1,none,single_llm,91,paraphrase,1.3989,0.4483,0.3884,736,0.002208
games,4,none,ensemble,91,paraphrase,1.1467,0.5176,0.6817,3531,0.010593
games,6,none,ensemble,91,paraphrase,0.9612,0.2449,0.7097,4271,0.012813
games,8,none,ensemble,91,paraphrase,0.6847,0.2047,0.7485,6363,0.019089
games,4,chain,team,91,paraphrase,0.8201,0.2794,0.6437,2985,0.008955
games,4,star,team,91,paraphrase,0.698,0.1938,0.7048,2853,0.008559
games,4,full,team,91,paraphrase,0.7878,0.2564,0.6753,3105,0.009315
games,4,hierarchy,team,91,paraphrase,0.9656,0.2208,0.7413,3233,0.009699
games,6,chain,team,91,paraphrase,0.7609,0.2466,0.6931,4832,0.014496
games,6,star,team,91,paraphrase,0.6097,0.2011,0.6787,5396,0.016188
games,6,full,team,91,paraphrase,0.6782,0.143,0.7396,4691,0.014073
games,6,hierarchy,team,91,paraphrase,0.5059,0.1401,0.7011,4628,0.013884
games,8,chain,team,91,paraphrase,0.4325,0.2204,0.7831,6938,0.020814
games,8,star,team,91,paraphrase,0.514,0.1097,0.7908,6493,0.019479
games,8,full,team,91,paraphrase,0.5391,0.2408,0.7238,4560,0.01368
games,8,hierarchy,team,91,paraphrase,0.4413,0.2128,0.7463,5621,0.016863
games,1,none,single_llm,92,seed,0.987,0.3287,0.4628,841,0.002523
games,4,none,ensemble,92,seed,0.8506,0.2186,0.6045,3284,0.009852
games,6,none,ensemble,92,seed,0.8233,0.2374,0.7008,4765,0.014295
games,8,none,ensemble,92,seed,0.626,0.1718,0.7063,7721,0.023163
games,4,chain,team,92,seed,0.5951,0.2032,0.7449,3102,0.009306
games,4,star,team,92,seed,0.7874,0.1777,0.7583,3460,0.01038
games,4,full,team,92,seed,0.8311,0.2263,0.7732,3184,0.009552
games,4,hierarchy,team,92,seed,0.7047,0.2059,0.7176,3499,0.010497
games,6,chain,team,92,seed,0.5923,0.1729,0.6911,4829,0.014487
games,6,star,team,92,seed,0.3323,0.1215,0.7565,4937,0.014811
games,6,full,team,92,seed,0.6796,0.1476,0.867,5109,0.015327
games,6,hierarchy,team,92,seed,0.6541,0.229,0.738,4417,0.013251
games,8,chain,team,92,seed,0.5635,0.1532,0.776,6240,0.01872
games,8,star,team,92,seed,0.387,0.1882,0.74,6839,0.020517
games,8,full,team,92,seed,0.4691,0.0402,0.7635,5975,0.017925
games,8,hierarchy,team,92,seed,0.5231,0.1187,0.7807,5467,0.016401
games,1,none,single_llm,92,paraphrase,1.6289,0.4143,0.5449,756,0.002268
games,4,none,ensemble,92,paraphrase,0.9017,0.4056,0.495,3289,0.009867
games,6,none,ensemble,92,paraphrase,0.7528,0.267,0.6117,4326,0.012978
games,8,none,ensemble,92,paraphrase,0.8343,0.1399,0.6711,6342,0.019026
games,4,chain,team,92,paraphrase,0.6741,0.3405,0.6703,3124,0.009372
games,4,star,team,92,paraphrase,0.7008,0.2467,0.7954,3991,0.011973
games,4,full,team,92,paraphrase,0.8046,0.2735,0.8258,3279,0.009837
games,4,hierarchy,team,92,paraphrase,0.937,0.2917,0.7272,3312,0.009936
games,6,chain,team,92,paraphrase,0.4695,0.2464,0.6374,4019,0.012057
games,6,star,team,92,paraphrase,0.6209,0.1602,0.7443,4866,0.014598
games,6,full,team,92,paraphrase,0.5899,0.1486,0.7996,4757,0.014271
games,6,hierarchy,team,92,paraphrase,0.6657,0.1669,0.7257,5326,0.015978
games,8,chain,team,92,paraphrase,0.6737,0.1814,0.6977,5767,0.017301
games,8,star,team,92,paraphrase,0.461,0.1274,0.7481,6805,0.020415
games,8,full,team,92,paraphrase,0.4182,0.1597,0.754,7075,0.021225
games,8,hierarchy,team,92,paraphrase,0.4855,0.1703,0.7027,5671,0.017013
games,1,none,single_llm,93,seed,1.2794,0.3419,0.5538,901,0.002703
games,4,none,ensemble,93,seed,1.0598,0.1677,0.6889,3272,0.009816
games,6,none,ensemble,93,seed,0.7628,0.2437,0.5864,5502,0.016506
games,8,none,ensemble,93,seed,0.8118,0.1651,0.6949,5309,0.015927
games,4,chain,team,93,seed,0.6986,0.2007,0.6737,3448,0.010344
games,4,star,team,93,seed,0.8077,0.1889,0.7547,3339,0.010017
games,4,full,team,93,seed,0.648,0.1267,0.7474,3105,0.009315
games,4,hierarchy,team,93,seed,0.7248,0.2004,0.7705,2712,0.008136
games,6,chain,team,93,seed,0.6381,0.1749,0.8823,4613,0.013839
games,6,star,team,93,seed,0.5539,0.2579,0.7943,4767,0.014301
games,6,full,team,93,seed,0.3929,0.1859,0.7367,5005,0.015015
games,6,hierarchy,team,93,seed,0.4942,0.1472,0.7034,5444,0.016332
games,8,chain,team,93,seed,0.4689,0.1047,0.8276,6077,0.018231
games,8,star,team,93,seed,0.4801,0.157,0.8187,4994,0.014982
games,8,full,team,93,seed,0.4862,0.0993,0.7885,6330,0.01899
games,8,hierarchy,team,93,seed,0.3057,0.141,0.7168,6217,0.018651
games,1,none,single_llm,93,paraphrase,1.3034,0.4744,0.4526,916,0.002748
games,4,none,ensemble,93,paraphrase,1.0936,0.2885,0.5435,2737,0.008211
games,6,none,ensemble,93,paraphrase,0.9308,0.2504,0.722,4473,0.013419
games,8,none,ensemble,93,paraphrase,0.7219,0.28,0.6488,6405,0.019215
games,4,chain,team,93,paraphrase,0.9086,0.2847,0.706,3265,0.009795
games,4,star,team,93,paraphrase,0.5907,0.2657,0.738,3485,0.010455
games,4,full,team,93,paraphrase,0.7906,0.2219,0.7916,3106,0.009318
games,4,hierarchy,team,93,paraphrase,0.8047,0.2476,0.7431,3079,0.009237
games,6,chain,team,93,paraphrase,0.8163,0.3154,0.7583,5539,0.016617
games,6,star,team,93,paraphrase,0.4477,0.1479,0.7285,4819,0.014457
games,6,full,team,93,paraphrase,0.5518,0.1191,0.8122,5834,0.017502
games,6,hierarchy,team,93,paraphrase,0.7497,0.2582,0.7459,4395,0.013185
games,8,chain,team,93,paraphrase,0.5839,0.2976,0.7074,6108,0.018324
games,8,star,team,93,paraphrase,0.6374,0.2303,0.7126,6232,0.018696
games,8,full,team,93,paraphrase,0.4465,0.1661,0.8202,5885,0.017655
games,8,hierarchy,team,93,paraphrase,0.6556,0.1974,0.8613,6604,0.019812
games,1,none,single_llm,94,seed,1.1855,0.3845,0.5264,656,0.001968
games,4,none,ensemble,94,seed,0.8711,0.2372,0.5545,3176,0.009528
games,6,none,ensemble,94,seed,0.5701,0.2099,0.7046,4846,0.014538
games,8,none,ensemble,94,seed,0.7007,0.2041,0.683,6406,0.019218
games,4,chain,team,94,seed,0.7358,0.184,0.7534,3283,0.009849
games,4,star,team,94,seed,0.6634,0.2868,0.763,3110,0.00933
games,4,full,team,94,seed,0.6078,0.1312,0.8143,2980,0.00894
games,4,hierarchy,team,94,seed,0.6432,0.1785,0.7108,2639,0.007917
games,6,chain,team,94,seed,0.5253,0.2097,0.7645,5549,0.016647
games,6,star,team,94,seed,0.5967,0.1657,0.8788,4753,0.014259
games,6,full,team,94,seed,0.4979,0.1243,0.8718,4801,0.014403
games,6,hierarchy,team,94,seed,0.4768,0.1782,0.7338,5056,0.015168
games,8,chain,team,94,seed,0.5381,0.1458,0.7933,5447,0.016341
games,8,star,team,94,seed,0.463,0.1048,0.9381,6499,0.019497
games,8,full,team,94,seed,0.357,0.0482,0.8703,6175,0.018525
games,8,hierarchy,team,94,seed,0.3875,0.1468,0.8175,6805,0.020415
games,1,none,single_llm,94,paraphrase,1.283,0.4196,0.5262,826,0.002478
games,4,none,ensemble,94,paraphrase,1.031,0.3647,0.6134,2938,0.008814
games,6,none,ensemble,94,paraphrase,0.8809,0.325,0.5428,3945,0.011835
games,8,none,ensemble,94,paraphrase,0.9402,0.3443,0.6141,6464,0.019392
games,4,chain,team,94,paraphrase,0.77,0.2696,0.7153,2786,0.008358
games,4,star,team,94,paraphrase,0.6493,0.2379,0.7227,2839,0.008517
games,4,full,team,94,paraphrase,0.809,0.2133,0.7189,3290,0.00987
games,4,hierarchy,team,94,paraphrase,0.7671,0.2935,0.6733,2752,0.008256
games,6,chain,team,94,paraphrase,0.6206,0.2372,0.6526,4133,0.012399
games,6,star,team,94,paraphrase,0.6198,0.1744,0.672,5263,0.015789
games,6,full,team,94,paraphrase,0.5084,0.2307,0.756,4941,0.014823
games,6,hierarchy,team,94,paraphrase,0.6004,0.1085,0.6778,4739,0.014217
games,8,chain,team,94,paraphrase,0.6131,0.1417,0.7223,5681,0.017043
games,8,star,team,94,paraphrase,0.5501,0.1826,0.7922,7082,0.021246
games,8,full,team,94,paraphrase,0.5426,0.1977,0.7475,8206,0.024618
games,8,hierarchy,team,94,paraphrase,0.4248,0.1722,0.7901,6881,0.020643
games,1,none,single_llm,95,seed,1.2731,0.3905,0.4042,927,0.002781
games,4,none,ensemble,95,seed,0.8755,0.3123,0.528,3282,0.009846
games,6,none,ensemble,95,seed,0.7506,0.2559,0.709,4975,0.014925
games,8,none,ensemble,95,seed,0.6229,0.2055,0.7192,6716,0.020148
games,4,chain,team,95,seed,0.8289,0.226,0.6762,3234,0.009702
games,4,star,team,95,seed,0.9411,0.2558,0.6213,3220,0.00966
games,4,full,team,95,seed,0.7432,0.1627,0.757,3114,0.009342
games,4,hierarchy,team,95,seed,0.7552,0.1541,0.8194,3182,0.009546
games,6,chain,team,95,seed,0.4781,0.2197,0.6774,4533,0.013599
games,6,star,team,95,seed,0.4644,0.2305,0.7504,3765,0.011295
games,6,full,team,95,seed,0.4334,0.143,0.8338,5892,0.017676
games,6,hierarchy,team,95,seed,0.6823,0.1623,0.7301,5579,0.016737
games,8,chain,team,95,seed,0.4598,0.127,0.7441,5598,0.016794
games,8,star,team,95,seed,0.4002,0.114,0.8315,6151,0.018453
games,8,full,team,95,seed,0.2899,0.0392,0.8155,6446,0.019338
games,8,hierarchy,team,95,seed,0.4112,0.1146,0.8044,7289,0.021867
games,1,none,single_llm,95,paraphrase,1.163,0.4153,0.5771,737,0.002211
games,4,none,ensemble,95,paraphrase,0.9781,0.3081,0.5313,3253,0.009759
games,6,none,ensemble,95,paraphrase,0.902,0.315,0.5788,4804,0.014412
games,8,none,ensemble,95,paraphrase,0.9958,0.3722,0.7668,5646,0.016938
games,4,chain,team,95,paraphrase,0.8551,0.2607,0.7142,2952,0.008856
games,4,star,team,95,paraphrase,0.5887,0.2362,0.7661,3292,0.009876
games,4,full,team,95,paraphrase,0.7703,0.2387,0.7602,3369,0.010107
games,4,hierarchy,team,95,paraphrase,0.7525,0.2633,0.8072,3245,0.009735
games,6,chain,team,95,paraphrase,0.6559,0.2389,0.7037,4591,0.013773
games,6,star,team,95,paraphrase,0.6225,0.1845,0.7373,4420,0.01326
games,6,full,team,95,paraphrase,0.5824,0.2081,0.744,3835,0.011505
games,6,hierarchy,team,95,paraphrase,0.6806,0.2195,0.685,5171,0.015513
games,8,chain,team,95,paraphrase,0.4368,0.2551,0.7221,4947,0.014841
games,8,star,team,95,paraphrase,0.5445,0.1671,0.7272,5927,0.017781
games,8,full,team,95,paraphrase,0.4839,0.1439,0.6722,7214,0.021642
games,8,hierarchy,team,95,paraphrase,0.5222,0.1641,0.6886,6893,0.020679
games,1,none,single_llm,96,seed,1.0052,0.358,0.5091,757,0.002271
games,4,none,ensemble,96,seed,0.7676,0.219,0.6505,3275,0.009825
games,6,none,ensemble,96,seed,0.7239,0.2227,0.7433,4001,0.012003
games,8,none,ensemble,96,seed,0.7492,0.1608,0.6668,6567,0.019701
games,4,chain,team,96,seed,0.6755,0.1713,0.8062,3494,0.010482
games,4,star,team,96,seed,0.4868,0.131,0.7997,3108,0.009324
games,4,full,team,96,seed,0.8001,0.1947,0.795,2873,0.008619
games,4,hierarchy,team,96,seed,0.7491,0.149,0.8253,3335,0.010005
games,6,chain,team,96,seed,0.4891,0.2069,0.8667,4695,0.014085
games,6,star,team,96,seed,0.5766,0.1275,0.7889,4076,0.012228
games,6,full,team,96,seed,0.4915,0.1265,0.8846,3938,0.011814
games,6,hierarchy,team,96,seed,0.5135,0.2063,0.7625,4717,0.014151
games,8,chain,team,96,seed,0.4133,0.116,0.6737,5997,0.017991
games,8,star,team,96,seed,0.3477,0.1281,0.7556,6093,0.018279
games,8,full,team,96,seed,0.3714,0.1014,0.7786,5720,0.01716
games,8,hierarchy,team,96,seed,0.4752,0.176,0.7914,6009,0.018027
games,1,none,single_llm,96,paraphrase,1.2615,0.287,0.5002,767,0.002301
games,4,none,ensemble,96,paraphrase,0.868,0.2724,0.5854,3517,0.010551
games,6,none,ensemble,96,paraphrase,1.0292,0.2409,0.6189,4563,0.013689
games,8,none,ensemble,96,paraphrase,0.9271,0.2756,0.6956,6743,0.020229
games,4,chain,team,96,paraphrase,0.7504,0.3346,0.6999,2926,0.008778
games,4,star,team,96,paraphrase,0.737,0.2993,0.7087,3503,0.010509
games,4,full,team,96,paraphrase,0.6675,0.1994,0.773,2920,0.00876
games,4,hierarchy,team,96,paraphrase,0.8623,0.2741,0.6763,3177,0.009531
games,6,chain,team,96,paraphrase,0.5967,0.2487,0.809,4622,0.013866
games,6,star,team,96,paraphrase,0.655,0.2057,0.7458,4720,0.01416
games,6,full,team,96,paraphrase,0.4859,0.1981,0.7402,4365,0.013095
games,6,hierarchy,team,96,paraphrase,0.723,0.2187,0.7232,5443,0.016329
games,8,chain,team,96,paraphrase,0.3931,0.2642,0.681,6535,0.019605
games,8,star,team,96,paraphrase,0.4679,0.1464,0.8207,7587,0.022761
games,8,full,team,96,paraphrase,0.4745,0.1768,0.7678,7507,0.022521
games,8,hierarchy,team,96,paraphrase,0.3354,0.2084,0.7086,4892,0.014676
games,1,none,single_llm,97,seed,1.1459,0.4609,0.5041,863,0.002589
games,4,none,ensemble,97,seed,1.0438,0.2494,0.6572,2650,0.00795
games,6,none,ensemble,97,seed,0.7322,0.2726,0.6936,4976,0.014928
games,8,none,ensemble,97,seed,0.766,0.3179,0.7042,7427,0.022281
games,4,chain,team,97,seed,0.7434,0.2878,0.6788,3259,0.009777
games,4,star,team,97,seed,0.6406,0.1956,0.8311,3321,0.009963
games,4,full,team,97,seed,0.772,0.1432,0.7389,3205,0.009615
games,4,hierarchy,team,97,seed,0.6961,0.1926,0.7121,3583,0.010749
games,6,chain,team,97,seed,0.5353,0.2318,0.7553,5111,0.015333
games,6,star,team,97,seed,0.5774,0.1118,0.803,5725,0.017175
games,6,full,team,97,seed,0.5168,0.1608,0.8293,4947,0.014841
games,6,hierarchy,team,97,seed,0.5602,0.1766,0.8128,4150,0.01245
games,8,chain,team,97,seed,0.5214,0.146,0.7454,7229,0.021687
games,8,star,team,97,seed,0.3734,0.0675,0.8348,5490,0.01647
games,8,full,team,97,seed,0.2239,0.1397,0.8129,6702,0.020106
games,8,hierarchy,team,97,seed,0.4224,0.078,0.7257,6225,0.018675
games,1,none,single_llm,97,paraphrase,1.0891,0.4284,0.4776,814,0.002442
games,4,none,ensemble,97,paraphrase,0.9986,0.3293,0.64,3089,0.009267
games,6,none,ensemble,97,paraphrase,0.9203,0.2991,0.5043,5110,0.01533
games,8,none,ensemble,97,paraphrase,0.848,0.2965,0.6128,6197,0.018591
games,4,chain,team,97,paraphrase,0.7008,0.3098,0.6297,2902,0.008706
games,4,star,team,97,paraphrase,0.8134,0.2248,0.6836,3490,0.01047
games,4,full,team,97,paraphrase,0.8248,0.2589,0.7824,3125,0.009375
games,4,hierarchy,team,97,paraphrase,0.7595,0.2341,0.7284,3031,0.009093
games,6,chain,team,97,paraphrase,0.6083,0.2587,0.7739,4991,0.014973
games,6,star,team,97,paraphrase,0.781,0.1765,0.6527,5143,0.015429
games,6,full,team,97,paraphrase,0.4944,0.1738,0.6661,4368,0.013104
games,6,hierarchy,team,97,paraphrase,0.4714,0.1974,0.7149,4843,0.014529
games,8,chain,team,97,paraphrase,0.7006,0.2404,0.6439,6789,0.020367
games,8,star,team,97,paraphrase,0.5378,0.1794,0.7539,6530,0.01959
games,8,full,team,97,paraphrase,0.4275,0.156,0.8242,5949,0.017847
games,8,hierarchy,team,97,paraphrase,0.4437,0.1909,0.6885,5297,0.015891
games,1,none,single_llm,98,seed,1.1483,0.4369,0.5473,814,0.002442
games,4,none,ensemble,98,seed,0.6444,0.2719,0.6556,2987,0.008961
games,6,none,ensemble,98,seed,0.8398,0.2358,0.6264,4959,0.014877
games,8,none,ensemble,98,seed,0.8937,0.1969,0.6779,6286,0.018858
games,4,chain,team,98,seed,0.8155,0.1709,0.7689,2983,0.008949
games,4,star,team,98,seed,0.7042,0.1674,0.7416,3687,0.011061
games,4,full,team,98,seed,0.5091,0.1894,0.8666,3419,0.010257
games,4,hierarchy,team,98,seed,0.5669,0.1487,0.7224,3250,0.00975
games,6,chain,team,98,seed,0.5942,0.1239,0.711,4410,0.01323
games,6,star,team,98,seed,0.5035,0.2241,0.738,4331,0.012993
games,6,full,team,98,seed,0.3783,0.1502,0.7926,4369,0.013107
games,6,hierarchy,team,98,seed,0.5053,0.1231,0.7894,6088,0.018264
games,8,chain,team,98,seed,0.5518,0.1496,0.7318,5540,0.01662
games,8,star,team,98,seed,0.52,0.1505,0.7717,7176,0.021528
games,8,full,team,98,seed,0.4188,0.1343,0.8198,6286,0.018858
games,8,hierarchy,team,98,seed,0.3712,0.1275,0.8271,6074,0.018222
games,1,none,single_llm,98,paraphrase,1.346,0.345,0.5646,825,0.002475
games,4,none,ensemble,98,paraphrase,0.8357,0.2988,0.6659,2797,0.008391
games,6,none,ensemble,98,paraphrase,0.7697,0.2838,0.778,4477,0.013431
games,8,none,ensemble,98,paraphrase,0.8894,0.2813,0.6546,6503,0.019509
games,4,chain,team,98,paraphrase,0.7652,0.2657,0.6169,3192,0.009576
games,4,star,team,98,paraphrase,0.8499,0.2523,0.7845,3385,0.010155
games,4,full,team,98,paraphrase,0.724,0.2049,0.7157,2729,0.008187
games,4,hierarchy,team,98,paraphrase,0.7533,0.2658,0.8058,3369,0.010107
games,6,chain,team,98,paraphrase,0.5651,0.1772,0.7043,5189,0.015567
games,6,star,team,98,paraphrase,0.5795,0.2264,0.7356,5144,0.015432
games,6,full,team,98,paraphrase,0.4119,0.2489,0.699,5180,0.01554
games,6,hierarchy,team,98,paraphrase,0.5944,0.2101,0.7226,4922,0.014766
games,8,chain,team,98,paraphrase,0.6224,0.2557,0.7954,6612,0.019836
games,8,star,team,98,paraphrase,0.698,0.1871,0.8089,6674,0.020022
games,8,full,team,98,paraphrase,0.4417,0.1706,0.7902,6379,0.019137
games,8,hierarchy,team,98,paraphrase,0.588,0.2279,0.7438,4515,0.013545
games,1,none,single_llm,99,seed,1.4517,0.3321,0.4924,710,0.00213
games,4,none,ensemble,99,seed,0.8596,0.2219,0.6058,2981,0.008943
games,6,none,ensemble,99,seed,0.8818,0.3288,0.7392,5338,0.016014
games,8,none,ensemble,99,seed,0.7047,0.2136,0.7556,5977,0.017931
games,4,chain,team,99,seed,0.6874,0.2542,0.7945,3221,0.009663
games,4,star,team,99,seed,0.5605,0.1782,0.6979,3224,0.009672
games,4,full,team,99,seed,0.6755,0.1592,0.7921,3333,0.009999
games,4,hierarchy,team,99,seed,0.7257,0.1519,0.7473,3331,0.009993
games,6,chain,team,99,seed,0.7295,0.1639,0.7822,5221,0.015663
games,6,star,team,99,seed,0.5019,0.1907,0.8447,5462,0.016386
games,6,full,team,99,seed,0.5374,0.2191,0.7639,5819,0.017457
games,6,hierarchy,team,99,seed,0.6184,0.2084,0.7586,5205,0.015615
games,8,chain,team,99,seed,0.6394,0.1098,0.7568,5029,0.015087
games,8,star,team,99,seed,0.4288,0.0907,0.7841,8271,0.024813
games,8,full,team,99,seed,0.5884,0.0458,0.8328,6911,0.020733
games,8,hierarchy,team,99,seed,0.4329,0.1405,0.7988,5538,0.016614
games,1,none,single_llm,99,paraphrase,1.1253,0.4203,0.517,743,0.002229
games,4,none,ensemble,99,paraphrase,0.8847,0.3055,0.6632,3175,0.009525
games,6,none,ensemble,99,paraphrase,1.0929,0.2525,0.6616,4629,0.013887
games,8,none,ensemble,99,paraphrase,0.9006,0.2293,0.8056,5318,0.015954
games,4,chain,team,99,paraphrase,0.9815,0.2836,0.7276,3627,0.010881
games,4,star,team,99,paraphrase,0.8458,0.2208,0.76,3797,0.011391
games,4,full,team,99,paraphrase,0.6413,0.3147,0.7593,3061,0.009183
games,4,hierarchy,team,99,paraphrase,0.6907,0.2511,0.6222,3067,0.009201
games,6,chain,team,99,paraphrase,0.6253,0.1918,0.752,4694,0.014082
games,6,star,team,99,paraphrase,0.538,0.1917,0.7624,4835,0.014505
games,6,full,team,99,paraphrase,0.5015,0.1898,0.7521,4253,0.012759
games,6,hierarchy,team,99,paraphrase,0.5927,0.2379,0.7632,4689,0.014067
games,8,chain,team,99,paraphrase,0.6443,0.1741,0.6776,6239,0.018717
games,8,star,team,99,paraphrase,0.6764,0.1899,0.7412,7388,0.022164
games,8,full,team,99,paraphrase,0.468,0.2527,0.7394,5752,0.017256
games,8,hierarchy,team,99,paraphrase,0.53,0.1834,0.7046,8065,0.024195
games,1,none,single_llm,100,seed,1.2478,0.3779,0.5177,753,0.002259
games,4,none,ensemble,100,seed,1.0231,0.1662,0.5814,3120,0.00936
games,6,none,ensemble,100,seed,0.9803,0.2085,0.715,4813,0.014439
games,8,none,ensemble,100,seed,0.9056,0.1291,0.7742,6272,0.018816
games,4,chain,team,100,seed,0.8225,0.1872,0.7412,3167,0.009501
games,4,star,team,100,seed,0.5798,0.1388,0.741,3241,0.009723
games,4,full,team,100,seed,0.5743,0.1568,0.6857,3081,0.009243
games,4,hierarchy,team,100,seed,0.8024,0.2282,0.7557,3277,0.009831
games,6,chain,team,100,seed,0.4888,0.2397,0.858,4879,0.014637
games,6,star,team,100,seed,0.7807,0.1175,0.7221,4459,0.013377
games,6,full,team,100,seed,0.4696,0.2172,0.7806,4387,0.013161
games,6,hierarchy,team,100,seed,0.4517,0.2003,0.8245,4566,0.013698
games,8,chain,team,100,seed,0.3091,0.1082,0.8511,6840,0.02052
games,8,star,team,100,seed,0.4532,0.1981,0.8929,6376,0.019128
games,8,full,team,100,seed,0.4149,0.0801,0.7908,5448,0.016344
games,8,hierarchy,team,100,seed,0.3176,0.0644,0.8392,5400,0.0162
games,1,none,single_llm,100,paraphrase,1.5725,0.3662,0.6316,770,0.00231
games,4,none,ensemble,100,paraphrase,0.7921,0.3742,0.6941,2910,0.00873
games,6,none,ensemble,100,paraphrase,0.8584,0.242,0.6428,4851,0.014553
games,8,none,ensemble,100,paraphrase,0.7878,0.1774,0.6551,6850,0.02055
games,4,chain,team,100,paraphrase,0.7891,0.2669,0.6535,3004,0.009012
games,4,star,team,100,paraphrase,0.9009,0.2044,0.766,3215,0.009645
games,4,full,team,100,paraphrase,0.7545,0.2007,0.7224,3198,0.009594
games,4,hierarchy,team,100,paraphrase,0.7279,0.2733,0.7429,3895,0.011685
games,6,chain,team,100,paraphrase,0.6794,0.1583,0.7728,4702,0.014106
games,6,star,team,100,paraphrase,0.8028,0.2636,0.7194,5146,0.015438
games,6,full,team,100,paraphrase,0.5122,0.1848,0.7884,5334,0.016002
games,6,hierarchy,team,100,paraphrase,0.7111,0.2177,0.8588,4624,0.013872
games,8,chain,team,100,paraphrase,0.4159,0.1567,0.7987,6350,0.01905
games,8,star,team,100,paraphrase,0.5426,0.1616,0.7324,5896,0.017688
games,8,full,team,100,paraphrase,0.5438,0.1594,0.7868,6617,0.019851
games,8,hierarchy,team,100,paraphrase,0.5041,0.135,0.6677,8337,0.025011
babyvision,1,none,single_llm,1,seed,1.4717,0.4454,0.4878,800,0.0024
babyvision,4,none,ensemble,1,seed,0.8522,0.1944,0.6147,3624,0.010872
babyvision,6,none,ensemble,1,seed,0.9691,0.1888,0.6711,5159,0.015477
babyvision,8,none,ensemble,1,seed,0.7315,0.2223,0.7541,6650,0.01995
babyvision,4,chain,team,1,seed,0.8054,0.2014,0.7125,2837,0.008511
babyvision,4,star,team,1,seed,0.5739,0.1929,0.8108,2758,0.008274
babyvision,4,full,team,1,seed,0.7273,0.2089,0.6882,3113,0.009339
babyvision,4,hierarchy,team,1,seed,0.9146,0.2296,0.6665,3410,0.01023
babyvision,6,chain,team,1,seed,0.5468,0.2099,0.7201,4774,0.014322
babyvision,6,star,team,1,seed,0.5178,0.1524,0.7563,4692,0.014076
babyvision,6,full,team,1,seed,0.424,0.1519,0.8034,4024,0.012072
babyvision,6,hierarchy,team,1,seed,0.6909,0.1552,0.7827,5166,0.015498
babyvision,8,chain,team,1,seed,0.5795,0.2074,0.7503,7062,0.021186
babyvision,8,star,team,1,seed,0.509,0.1511,0.8152,7194,0.021582
babyvision,8,full,team,1,seed,0.5388,0.0931,0.7729,6368,0.019104
babyvision,8,hierarchy,team,1,seed,0.4407,0.0987,0.6786,5408,0.016224
babyvision,1,none,single_llm,1,paraphrase,1.6278,0.3856,0.6282,832,0.002496
babyvision,4,none,ensemble,1,paraphrase,1.024,0.245,0.6103,3805,0.011415
babyvision,6,none,ensemble,1,paraphrase,1.1351,0.311,0.5811,4340,0.01302
babyvision,8,none,ensemble,1,paraphrase,0.7777,0.3422,0.7879,6525,0.019575
babyvision,4,chain,team,1,paraphrase,0.8297,0.3494,0.6511,3216,0.009648
babyvision,4,star,team,1,paraphrase,0.8563,0.223,0.6982,2971,0.008913
babyvision,4,full,team,1,paraphrase,0.9217,0.3141,0.7457,3114,0.009342
babyvision,4,hierarchy,team,1,paraphrase,0.77,0.2676,0.6925,3168,0.009504
babyvision,6,chain,team,1,paraphrase,0.7429,0.226,0.7051,4710,0.01413
babyvision,6,star,team,1,paraphrase,0.6198,0.1946,0.7827,3950,0.01185
babyvision,6,full,team,1,paraphrase,0.779,0.1977,0.7851,5148,0.015444
babyvision,6,hierarchy,team,1,paraphrase,0.6008,0.1857,0.683,4681,0.014043
babyvision,8,chain,team,1,paraphrase,0.6966,0.1975,0.7554,4884,0.014652
babyvision,8,star,team,1,paraphrase,0.5381,0.2375,0.7465,5869,0.017607
babyvision,8,full,team,1,paraphrase,0.481,0.0497,0.7144,7076,0.021228
babyvision,8,hierarchy,team,1,paraphrase,0.5384,0.1823,0.6284,5356,0.016068
babyvision,1,none,single_llm,2,seed,1.4285,0.402,0.4442,749,0.002247
babyvision,4,none,ensemble,2,seed,0.9465,0.2002,0.5298,3149,0.009447
babyvision,6,none,ensemble,2,seed,0.9369,0.2669,0.7425,4054,0.012162
babyvision,8,none,ensemble,2,seed,0.8069,0.2049,0.7248,6264,0.018792
babyvision,4,chain,team,2,seed,0.714,0.1068,0.7981,3305,0.009915
babyvision,4,star,team,2,seed,0.5816,0.2164,0.7476,3065,0.009195
babyvision,4,full,team,2,seed,0.6232,0.199,0.74,2849,0.008547
babyvision,4,hierarchy,team,2,seed,0.8632,0.2003,0.7526,3421,0.010263
babyvision,6,chain,team,2,seed,0.5548,0.1635,0.7699,4060,0.01218
babyvision,6,star,team,2,seed,0.5937,0.122,0.8274,5062,0.015186
babyvision,6,full,team,2,seed,0.583,0.068,0.7895,4234,0.012702
babyvision,6,hierarchy,team,2,seed,0.5879,0.0696,0.6976,5370,0.01611
babyvision,8,chain,team,2,seed,0.5836,0.1467,0.7196,5706,0.017118
babyvision,8,star,team,2,seed,0.5167,0.1171,0.8723,6281,0.018843
babyvision,8,full,team,2,seed,0.4725,0.0553,0.787,6513,0.019539
babyvision,8,hierarchy,team,2,seed,0.4794,0.1214,0.8013,7369,0.022107
babyvision,1,none,single_llm,2,paraphrase,1.3517,0.4937,0.5385,886,0.002658
babyvision,4,none,ensemble,2,paraphrase,0.9568,0.3097,0.5978,3374,0.010122
babyvision,6,none,ensemble,2,paraphrase,1.0433,0.3035,0.7026,4529,0.013587
babyvision,8,none,ensemble,2,paraphrase,0.9862,0.3291,0.7306,6485,0.019455
babyvision,4,chain,team,2,paraphrase,0.9313,0.2517,0.7099,3296,0.009888
babyvision,4,star,team,2,paraphrase,0.677,0.2765,0.6676,3063,0.009189
babyvision,4,full,team,2,paraphrase,0.784,0.2083,0.7441,3221,0.009663
babyvision,4,hierarchy,team,2,paraphrase,0.748,0.2902,0.6818,3932,0.011796
babyvision,6,chain,team,2,paraphrase,0.6906,0.1954,0.6654,5350,0.01605
babyvision,6,star,team,2,paraphrase,0.6107,0.1577,0.7873,4600,0.0138
babyvision,6,full,team,2,paraphrase,0.6869,0.2297,0.7683,5950,0.01785
babyvision,6,hierarchy,team,2,paraphrase,0.4991,0.1895,0.7218,5885,0.017655
babyvision,8,chain,team,2,paraphrase,0.8065,0.2724,0.6853,5966,0.017898
babyvision,8,star,team,2,paraphrase,0.4938,0.1595,0.8296,6243,0.018729
babyvision,8,full,team,2,paraphrase,0.5355,0.2018,0.6818,6433,0.019299
babyvision,8,hierarchy,team,2,paraphrase,0.487,0.1891,0.7157,5991,0.017973
babyvision,1,none,single_llm,3,seed,1.2838,0.3783,0.5196,829,0.002487
babyvision,4,none,ensemble,3,seed,0.8458,0.2941,0.6376,3045,0.009135
babyvision,6,none,ensemble,3,seed,0.7728,0.2252,0.8022,4769,0.014307
babyvision,8,none,ensemble,3,seed,0.6627,0.2643,0.7017,6581,0.019743
babyvision,4,chain,team,3,seed,0.7194,0.2787,0.7105,3647,0.010941
babyvision,4,star,team,3,seed,0.6251,0.1858,0.84,3253,0.009759
babyvision,4,full,team,3,seed,0.9271,0.1667,0.7929,3809,0.011427
babyvision,4,hierarchy,team,3,seed,0.5986,0.142,0.7202,3460,0.01038
babyvision,6,chain,team,3,seed,0.4606,0.2061,0.781,5766,0.017298
babyvision,6,star,team,3,seed,0.6761,0.1668,0.8526,5058,0.015174
babyvision,6,full,team,3,seed,0.4956,0.0865,0.7662,4780,0.01434
babyvision,6,hierarchy,team,3,seed,0.6091,0.0768,0.7636,4813,0.014439
babyvision,8,chain,team,3,seed,0.6014,0.2259,0.7743,5817,0.017451
babyvision,8,star,team,3,seed,0.3149,0.1583,0.7515,6954,0.020862
babyvision,8,full,team,3,seed,0.6064,0.0491,0.8327,7227,0.021681
babyvision,8,hierarchy,team,3,seed,0.6186,0.057,0.7423,5580,0.01674
babyvision,1,none,single_llm,3,paraphrase,1.4085,0.4498,0.3061,775,0.002325
babyvision,4,none,ensemble,3,paraphrase,1.1261,0.3274,0.6188,3083,0.009249
babyvision,6,none,ensemble,3,paraphrase,0.8211,0.2964,0.6531,5095,0.015285
babyvision,8,none,ensemble,3,paraphrase,0.9636,0.2826,0.7557,6160,0.01848
babyvision,4,chain,team,3,paraphrase,0.7156,0.3066,0.7063,3359,0.010077
babyvision,4,star,team,3,paraphrase,0.6836,0.3291,0.7655,3107,0.009321
babyvision,4,full,team,3,paraphrase,0.6865,0.2806,0.6849,3923,0.011769
babyvision,4,hierarchy,team,3,paraphrase,0.7687,0.3363,0.7108,3705,0.011115
babyvision,6,chain,team,3,paraphrase,0.6281,0.243,0.7549,5117,0.015351
babyvision,6,star,team,3,paraphrase,0.7617,0.1927,0.7489,5399,0.016197
babyvision,6,full,team,3,paraphrase,0.5511,0.2151,0.7437,4898,0.014694
babyvision,6,hierarchy,team,3,paraphrase,0.68,0.1907,0.7216,4869,0.014607
babyvision,8,chain,team,3,paraphrase,0.6164,0.2837,0.7755,6585,0.019755
babyvision,8,star,team,3,paraphrase,0.5004,0.1579,0.8537,5753,0.017259
babyvision,8,full,team,3,paraphrase,0.5581,0.1853,0.7494,5758,0.017274
babyvision,8,hierarchy,team,3,paraphrase,0.5182,0.179,0.7095,7249,0.021747
babyvision,1,none,single_llm,4,seed,1.2486,0.3336,0.5425,853,0.002559
babyvision,4,none,ensemble,4,seed,0.9086,0.3051,0.5737,3574,0.010722
babyvision,6,none,ensemble,4,seed,0.8671,0.2349,0.6484,4210,0.01263
babyvision,8,none,ensemble,4,seed,0.6,0.1802,0.7653,5784,0.017352
babyvision,4,chain,team,4,seed,0.6252,0.1911,0.7208,3089,0.009267
babyvision,4,star,team,4,seed,0.7171,0.2388,0.8325,3841,0.011523
babyvision,4,full,team,4,seed,0.5375,0.1433,0.8149,3054,0.009162
babyvision,4,hierarchy,team,4,seed,0.8361,0.2158,0.839,3533,0.010599
babyvision,6,chain,team,4,seed,0.7277,0.1658,0.7498,4653,0.013959
babyvision,6,star,team,4,seed,0.421,0.2111,0.8219,4634,0.013902
babyvision,6,full,team,4,seed,0.6721,0.107,0.7027,5283,0.015849
babyvision,6,hierarchy,team,4,seed,0.4637,0.1544,0.7849,4985,0.014955
babyvision,8,chain,team,4,seed,0.6315,0.1841,0.7925,5893,0.017679
babyvision,8,star,team,4,seed,0.5261,0.0706,0.8731,5502,0.016506
babyvision,8,full,team,4,seed,0.432,0.0581,0.7685,6408,0.019224
babyvision,8,hierarchy,team,4,seed,0.4638,0.1866,0.7963,6103,0.018309
babyvision,1,none,single_llm,4,paraphrase,1.31,0.4982,0.5586,708,0.002124
babyvision,4,none,ensemble,4,paraphrase,0.9483,0.3437,0.6312,2863,0.008589
babyvision,6,none,ensemble,4,paraphrase,1.0381,0.2527,0.7282,5054,0.015162
babyvision,8,none,ensemble,4,paraphrase,0.7442,0.2519,0.6572,6502,0.019506
babyvision,4,chain,team,4,paraphrase,0.8396,0.2417,0.6303,3375,0.010125
babyvision,4,star,team,4,paraphrase,0.8386,0.2617,0.7435,3001,0.009003
babyvision,4,full,team,4,paraphrase,0.7984,0.339,0.7987,3107,0.009321
babyvision,4,hierarchy,team,4,paraphrase,0.7777,0.1531,0.7734,3451,0.010353
babyvision,6,chain,team,4,paraphrase,0.6472,0.185,0.6569,5013,0.015039
babyvision,6,star,team,4,paraphrase,0.6427,0.2399,0.7489,5264,0.015792
babyvision,6,full,team,4,paraphrase,0.6586,0.2254,0.6501,4207,0.012621
babyvision,6,hierarchy,team,4,paraphrase,0.6352,0.2654,0.8287,4721,0.014163
babyvision,8,chain,team,4,paraphrase,0.5655,0.1426,0.7682,6047,0.018141
babyvision,8,star,team,4,paraphrase,0.8725,0.1613,0.8603,6878,0.020634
babyvision,8,full,team,4,paraphrase,0.4438,0.1801,0.8036,6255,0.018765
babyvision,8,hierarchy,team,4,paraphrase,0.6805,0.2335,0.7748,6389,0.019167
babyvision,1,none,single_llm,5,seed,1.0738,0.3604,0.5473,649,0.001947
babyvision,4,none,ensemble,5,seed,0.9703,0.2552,0.5722,3093,0.009279
babyvision,6,none,ensemble,5,seed,0.8308,0.3338,0.7032,5297,0.015891
babyvision,8,none,ensemble,5,seed,0.7859,0.1246,0.7703,5978,0.017934
babyvision,4,chain,team,5,seed,0.7464,0.1854,0.7436,3540,0.01062
babyvision,4,star,team,5,seed,0.8233,0.2609,0.8564,2545,0.007635
babyvision,4,full,team,5,seed,0.5806,0.1052,0.8116,2978,0.008934
babyvision,4,hierarchy,team,5,seed,0.7011,0.1988,0.7791,2724,0.008172
babyvision,6,chain,team,5,seed,0.4957,0.1823,0.8146,4787,0.014361
babyvision,6,star,team,5,seed,0.4924,0.0663,0.8323,4446,0.013338
babyvision,6,full,team,5,seed,0.4269,0.0636,0.7227,4338,0.013014
babyvision,6,hierarchy,team,5,seed,0.5677,0.1139,0.7839,4681,0.014043
babyvision,8,chain,team,5,seed,0.7689,0.0927,0.7731,6511,0.019533
babyvision,8,star,team,5,seed,0.3936,0.1346,0.8335,6461,0.019383
babyvision,8,full,team,5,seed,0.6051,0.0237,0.7629,7344,0.022032
babyvision,8,hierarchy,team,5,seed,0.6079,0.1625,0.8467,5173,0.015519
babyvision,1,none,single_llm,5,paraphrase,1.4493,0.4889,0.4489,1010,0.00303
babyvision,4,none,ensemble,5,paraphrase,1.0536,0.2104,0.6329,2969,0.008907
babyvision,6,none,ensemble,5,paraphrase,1.088,0.3247,0.6141,5521,0.016563
babyvision,8,none,ensemble,5,paraphrase,0.9927,0.2369,0.6809,6730,0.02019
babyvision,4,chain,team,5,paraphrase,0.8236,0.2741,0.7018,2858,0.008574
babyvision,4,star,team,5,paraphrase,0.5867,0.2671,0.6306,2882,0.008646
babyvision,4,full,team,5,paraphrase,0.6028,0.1716,0.7613,3128,0.009384
babyvision,4,hierarchy,team,5,paraphrase,0.8042,0.2149,0.6872,3320,0.00996
babyvision,6,chain,team,5,paraphrase,0.6964,0.2751,0.7629,4678,0.014034
babyvision,6,star,team,5,paraphrase,0.4664,0.182,0.7397,4427,0.013281
babyvision,6,full,team,5,paraphrase,0.5161,0.195,0.8761,4565,0.013695
babyvision,6,hierarchy,team,5,paraphrase,0.6713,0.1698,0.7968,5219,0.015657
babyvision,8,chain,team,5,paraphrase,0.7072,0.2752,0.7036,6206,0.018618
babyvision,8,star,team,5,paraphrase,0.7477,0.2161,0.644,6691,0.020073
babyvision,8,full,team,5,paraphrase,0.4885,0.2068,0.7854,5286,0.015858
babyvision,8,hierarchy,team,5,paraphrase,0.6235,0.2093,0.7632,6768,0.020304
babyvision,1,none,single_llm,6,seed,1.4744,0.3898,0.5366,891,0.002673
babyvision,4,none,ensemble,6,seed,1.2191,0.3058,0.6624,3338,0.010014
babyvision,6,none,ensemble,6,seed,0.8989,0.2382,0.8199,4440,0.01332
babyvision,8,none,ensemble,6,seed,0.9386,0.212,0.6412,6279,0.018837
babyvision,4,chain,team,6,seed,0.7253,0.2506,0.7446,2872,0.008616
babyvision,4,star,team,6,seed,0.8771,0.2411,0.8493,3275,0.009825
babyvision,4,full,team,6,seed,0.6964,0.2056,0.7511,3241,0.009723
babyvision,4,hierarchy,team,6,seed,0.7324,0.1491,0.7664,3058,0.009174
babyvision,6,chain,team,6,seed,0.5973,0.1968,0.8183,4392,0.013176
babyvision,6,star,team,6,seed,0.5379,0.1216,0.7431,4514,0.013542
babyvision,6,full,team,6,seed,0.5219,0.1557,0.8106,4292,0.012876
babyvision,6,hierarchy,team,6,seed,0.721,0.2,0.7296,5387,0.016161
babyvision,8,chain,team,6,seed,0.5794,0.1546,0.7829,6383,0.019149
babyvision,8,star,team,6,seed,0.5512,0.1383,0.7781,5103,0.015309
babyvision,8,full,team,6,seed,0.5194,0.0959,0.8439,6708,0.020124
babyvision,8,hierarchy,team,6,seed,0.4819,0.1818,0.7952,6504,0.019512
babyvision,1,none,single_llm,6,paraphrase,1.3093,0.526,0.4451,774,0.002322
babyvision,4,none,ensemble,6,paraphrase,0.8815,0.3563,0.5751,3049,0.009147
babyvision,6,none,ensemble,6,paraphrase,0.8861,0.3004,0.575,3723,0.011169
babyvision,8,none,ensemble,6,paraphrase,0.9349,0.1727,0.7412,7397,0.022191
babyvision,4,chain,team,6,paraphrase,0.8436,0.3395,0.6988,3711,0.011133
babyvision,4,star,team,6,paraphrase,0.7644,0.1629,0.726,3746,0.011238
babyvision,4,full,team,6,paraphrase,0.8335,0.2169,0.7564,3510,0.01053
babyvision,4,hierarchy,team,6,paraphrase,0.8214,0.3726,0.6941,3520,0.01056
babyvision,6,chain,team,6,paraphrase,0.7778,0.2142,0.6934,5288,0.015864
babyvision,6,star,team,6,paraphrase,0.6661,0.2258,0.6628,5114,0.015342
babyvision,6,full,team,6,paraphrase,0.6503,0.1897,0.7727,4603,0.013809
babyvision,6,hierarchy,team,6,paraphrase,0.6124,0.2126,0.7114,5846,0.017538
babyvision,8,chain,team,6,paraphrase,0.7179,0.1821,0.8268,6122,0.018366
babyvision,8,star,team,6,paraphrase,0.5796,0.2267,0.6565,6248,0.018744
babyvision,8,full,team,6,paraphrase,0.4893,0.179,0.7835,6350,0.01905
babyvision,8,hierarchy,team,6,paraphrase,0.5843,0.2434,0.7601,6426,0.019278
babyvision,1,none,single_llm,7,seed,1.2722,0.4752,0.5471,758,0.002274
babyvision,4,none,ensemble,7,seed,0.7209,0.1883,0.622,3165,0.009495
babyvision,6,none,ensemble,7,seed,0.8015,0.2548,0.6559,4361,0.013083
babyvision,8,none,ensemble,7,seed,0.8735,0.2868,0.6636,6555,0.019665
babyvision,4,chain,team,7,seed,0.5895,0.1685,0.7106,3563,0.010689
babyvision,4,star,team,7,seed,0.6521,0.1649,0.7718,3211,0.009633
babyvision,4,full,team,7,seed,0.6215,0.2569,0.7667,3236,0.009708
babyvision,4,hierarchy,team,7,seed,0.7098,0.2251,0.8217,3732,0.011196
babyvision,6,chain,team,7,seed,0.5454,0.2263,0.7821,5267,0.015801
babyvision,6,star,team,7,seed,0.5624,0.1448,0.8314,5258,0.015774
babyvision,6,full,team,7,seed,0.6982,0.1402,0.7893,3619,0.010857
babyvision,6,hierarchy,team,7,seed,0.4305,0.1465,0.7196,5190,0.01557
babyvision,8,chain,team,7,seed,0.4157,0.1408,0.7419,7171,0.021513
babyvision,8,star,team,7,seed,0.4358,0.1489,0.8048,6978,0.020934
babyvision,8,full,team,7,seed,0.5517,0.1095,0.7202,6251,0.018753
babyvision,8,hierarchy,team,7,seed,0.5147,0.1523,0.7481,7130,0.02139
babyvision,1,none,single_llm,7,paraphrase,1.332,0.3698,0.4629,954,0.002862
babyvision,4,none,ensemble,7,paraphrase,1.1097,0.3724,0.5475,2979,0.008937
babyvision,6,none,ensemble,7,paraphrase,0.8664,0.3065,0.6396,4565,0.013695
babyvision,8,none,ensemble,7,paraphrase,0.8363,0.2386,0.6792,7112,0.021336
babyvision,4,chain,team,7,paraphrase,0.7087,0.3014,0.769,3141,0.009423
babyvision,4,star,team,7,paraphrase,0.7571,0.2945,0.6808,3192,0.009576
babyvision,4,full,team,7,paraphrase,0.676,0.1627,0.7324,2795,0.008385
babyvision,4,hierarchy,team,7,paraphrase,0.8288,0.3121,0.8127,3229,0.009687
babyvision,6,chain,team,7,paraphrase,0.8035,0.2582,0.6955,3876,0.011628
babyvision,6,star,team,7,paraphrase,0.8142,0.1703,0.8138,5057,0.015171
babyvision,6,full,team,7,paraphrase,0.524,0.2047,0.8613,5537,0.016611
babyvision,6,hierarchy,team,7,paraphrase,0.6203,0.1938,0.7396,4720,0.01416
babyvision,8,chain,team,7,paraphrase,0.7466,0.2504,0.6404,6693,0.020079
babyvision,8,star,team,7,paraphrase,0.5588,0.1923,0.7674,7167,0.021501
babyvision,8,full,team,7,paraphrase,0.6444,0.1408,0.7621,6112,0.018336
babyvision,8,hierarchy,team,7,paraphrase,0.4285,0.1965,0.8372,5304,0.015912
babyvision,1,none,single_llm,8,seed,1.2464,0.3616,0.5551,722,0.002166
babyvision,4,none,ensemble,8,seed,0.779,0.1911,0.7299,2885,0.008655
babyvision,6,none,ensemble,8,seed,0.8082,0.3425,0.6459,4964,0.014892
babyvision,8,none,ensemble,8,seed,0.9277,0.2691,0.6501,5943,0.017829
babyvision,4,chain,team,8,seed,0.8102,0.3047,0.7019,3042,0.009126
babyvision,4,star,team,8,seed,0.772,0.2223,0.804,2929,0.008787
babyvision,4,full,team,8,seed,0.6468,0.1861,0.8431,3123,0.009369
babyvision,4,hierarchy,team,8,seed,0.7478,0.1665,0.8532,3249,0.009747
babyvision,6,chain,team,8,seed,0.7294,0.1834,0.7589,4079,0.012237
babyvision,6,star,team,8,seed,0.3565,0.2023,0.7885,4899,0.014697
babyvision,6,full,team,8,seed,0.4167,0.0961,0.8477,5635,0.016905
babyvision,6,hierarchy,team,8,seed,0.5295,0.1891,0.7841,4742,0.014226
babyvision,8,chain,team,8,seed,0.7319,0.1427,0.827,6644,0.019932
babyvision,8,star,team,8,seed,0.495,0.1857,0.8095,6338,0.019014
babyvision,8,full,team,8,seed,0.6046,0.1608,0.8651,3911,0.011733
babyvision,8,hierarchy,team,8,seed,0.5607,0.1493,0.7833,6790,0.02037
babyvision,1,none,single_llm,8,paraphrase,1.3691,0.4657,0.4762,919,0.002757
babyvision,4,none,ensemble,8,paraphrase,1.1235,0.3471,0.6396,3570,0.01071
babyvision,6,none,ensemble,8,paraphrase,1.0708,0.2916,0.7094,4883,0.014649
babyvision,8,none,ensemble,8,paraphrase,1.11,0.3332,0.6525,7891,0.023673
babyvision,4,chain,team,8,paraphrase,0.6498,0.313,0.6652,3802,0.011406
babyvision,4,star,team,8,paraphrase,0.8353,0.2257,0.7167,2971,0.008913
babyvision,4,full,team,8,paraphrase,0.7494,0.2244,0.7024,3286,0.009858
babyvision,4,hierarchy,team,8,paraphrase,0.8691,0.2276,0.6371,3299,0.009897
babyvision,6,chain,team,8,paraphrase,0.7548,0.2714,0.7422,5554,0.016662
babyvision,6,star,team,8,paraphrase,0.7513,0.3194,0.8997,3956,0.011868
babyvision,6,full,team,8,paraphrase,0.4019,0.1919,0.7798,4763,0.014289
babyvision,6,hierarchy,team,8,paraphrase,0.742,0.2114,0.6999,4539,0.013617
babyvision,8,chain,team,8,paraphrase,0.6066,0.2546,0.7007,6215,0.018645
babyvision,8,star,team,8,paraphrase,0.6337,0.1829,0.8108,5811,0.017433
babyvision,8,full,team,8,paraphrase,0.433,0.183,0.7852,5846,0.017538
babyvision,8,hierarchy,team,8,paraphrase,0.731,0.2778,0.7136,7351,0.022053
babyvision,1,none,single_llm,9,seed,0.8927,0.4296,0.475,878,0.002634
babyvision,4,none,ensemble,9,seed,0.8346,0.2566,0.6014,3131,0.009393
babyvision,6,none,ensemble,9,seed,1.0878,0.2319,0.8166,4614,0.013842
babyvision,8,none,ensemble,9,seed,0.979,0.137,0.7128,6056,0.018168
babyvision,4,chain,team,9,seed,0.9338,0.2349,0.6356,2780,0.00834
babyvision,4,star,team,9,seed,0.6287,0.2349,0.8103,3103,0.009309
babyvision,4,full,team,9,seed,0.6451,0.2062,0.7235,3346,0.010038
babyvision,4,hierarchy,team,9,seed,0.7873,0.1965,0.7799,3232,0.009696
babyvision,6,chain,team,9,seed,0.6713,0.1289,0.7853,5292,0.015876
babyvision,6,star,team,9,seed,0.6037,0.1763,0.7791,5227,0.015681
babyvision,6,full,team,9,seed,0.5481,0.0863,0.8356,4015,0.012045
babyvision,6,hierarchy,team,9,seed,0.6199,0.1469,0.7522,4882,0.014646
babyvision,8,chain,team,9,seed,0.4757,0.1813,0.7678,6004,0.018012
babyvision,8,star,team,9,seed,0.6305,0.139,0.8265,7306,0.021918
babyvision,8,full,team,9,seed,0.6067,0.134,0.7899,5484,0.016452
babyvision,8,hierarchy,team,9,seed,0.5373,0.1846,0.8027,4195,0.012585
babyvision,1,none,single_llm,9,paraphrase,1.4605,0.4809,0.4739,879,0.002637
babyvision,4,none,ensemble,9,paraphrase,1.1054,0.2857,0.6863,2794,0.008382
babyvision,6,none,ensemble,9,paraphrase,0.9413,0.2894,0.6005,4945,0.014835
babyvision,8,none,ensemble,9,paraphrase,1.0372,0.3407,0.7334,5314,0.015942
babyvision,4,chain,team,9,paraphrase,0.7264,0.2941,0.6983,3040,0.00912
babyvision,4,star,team,9,paraphrase,1.0005,0.2617,0.7571,3516,0.010548
babyvision,4,full,team,9,paraphrase,0.7855,0.3411,0.693,3006,0.009018
babyvision,4,hierarchy,team,9,paraphrase,0.7357,0.33,0.7601,3025,0.009075
babyvision,6,chain,team,9,paraphrase,0.6152,0.2976,0.7327,5477,0.016431
babyvision,6,star,team,9,paraphrase,0.6456,0.2327,0.7596,4500,0.0135
babyvision,6,full,team,9,paraphrase,0.6072,0.1449,0.7793,5165,0.015495
babyvision,6,hierarchy,team,9,paraphrase,0.7706,0.2489,0.7282,5544,0.016632
babyvision,8,chain,team,9,paraphrase,0.7159,0.2764,0.7976,6319,0.018957
babyvision,8,star,team,9,paraphrase,0.6155,0.2218,0.6975,5678,0.017034
babyvision,8,full,team,9,paraphrase,0.4167,0.1665,0.7483,5481,0.016443
babyvision,8,hierarchy,team,9,paraphrase,0.6116,0.197,0.8041,7688,0.023064
babyvision,1,none,single_llm,10,seed,1.3185,0.3232,0.5803,800,0.0024
babyvision,4,none,ensemble,10,seed,0.9212,0.2169,0.6221,3143,0.009429
babyvision,6,none,ensemble,10,seed,0.9647,0.2628,0.7995,5123,0.015369
babyvision,8,none,ensemble,10,seed,0.8509,0.203,0.6678,6035,0.018105
babyvision,4,chain,team,10,seed,0.71,0.1251,0.6896,3712,0.011136
babyvision,4,star,team,10,seed,0.7669,0.1824,0.7899,2574,0.007722
babyvision,4,full,team,10,seed,0.7282,0.2286,0.7739,2632,0.007896
babyvision,4,hierarchy,team,10,seed,0.7086,0.2587,0.7729,2746,0.008238
babyvision,6,chain,team,10,seed,0.8584,0.1321,0.7425,4302,0.012906
babyvision,6,star,team,10,seed,0.468,0.1342,0.8164,5419,0.016257
babyvision,6,full,team,10,seed,0.503,0.0918,0.8186,5043,0.015129
babyvision,6,hierarchy,team,10,seed,0.6156,0.1733,0.769,4847,0.014541
babyvision,8,chain,team,10,seed,0.5285,0.2036,0.8764,6514,0.019542
babyvision,8,star,team,10,seed,0.496,0.1411,0.7621,6889,0.020667
babyvision,8,full,team,10,seed,0.5108,0.094,0.8501,6412,0.019236
babyvision,8,hierarchy,team,10,seed,0.4197,0.1549,0.7968,7014,0.021042
babyvision,1,none,single_llm,10,paraphrase,1.4547,0.4184,0.462,800,0.0024
babyvision,4,none,ensemble,10,paraphrase,1.0736,0.3442,0.6281,3170,0.00951
babyvision,6,none,ensemble,10,paraphrase,1.0678,0.2636,0.7988,5166,0.015498
babyvision,8,none,ensemble,10,paraphrase,0.7447,0.2876,0.7364,6176,0.018528
babyvision,4,chain,team,10,paraphrase,0.7105,0.2459,0.7271,2638,0.007914
babyvision,4,star,team,10,paraphrase,0.6651,0.279,0.7189,2977,0.008931
babyvision,4,full,team,10,paraphrase,0.7305,0.1787,0.7642,2941,0.008823
babyvision,4,hierarchy,team,10,paraphrase,0.7764,0.2814,0.7072,2974,0.008922
babyvision,6,chain,team,10,paraphrase,0.5027,0.2569,0.7186,4551,0.013653
babyvision,6,star,team,10,paraphrase,0.5479,0.2128,0.7686,4846,0.014538
babyvision,6,full,team,10,paraphrase,0.7854,0.2204,0.7493,5154,0.015462
babyvision,6,hierarchy,team,10,paraphrase,0.6765,0.224,0.7994,4368,0.013104
babyvision,8,chain,team,10,paraphrase,0.629,0.2684,0.7404,6163,0.018489
babyvision,8,star,team,10,paraphrase,0.4061,0.1,0.8588,6597,0.019791
babyvision,8,full,team,10,paraphrase,0.4883,0.1848,0.7176,6188,0.018564
babyvision,8,hierarchy,team,10,paraphrase,0.5026,0.1443,0.6398,5377,0.016131
babyvision,1,none,single_llm,11,seed,1.4032,0.3058,0.5724,876,0.002628
babyvision,4,none,ensemble,11,seed,0.952,0.2451,0.658,3066,0.009198
babyvision,6,none,ensemble,11,seed,1.0127,0.3311,0.777,3767,0.011301
babyvision,8,none,ensemble,11,seed,0.7476,0.2185,0.7578,5294,0.015882
babyvision,4,chain,team,11,seed,0.6057,0.2798,0.712,2724,0.008172
babyvision,4,star,team,11,seed,0.6196,0.2131,0.7289,3277,0.009831
babyvision,4,full,team,11,seed,0.6021,0.1077,0.8512,3327,0.009981
babyvision,4,hierarchy,team,11,seed,0.7166,0.1866,0.8332,3389,0.010167
babyvision,6,chain,team,11,seed,0.7363,0.1589,0.7572,4993,0.014979
babyvision,6,star,team,11,seed,0.5166,0.1484,0.7554,4991,0.014973
babyvision,6,full,team,11,seed,0.4095,0.1551,0.8102,4702,0.014106
babyvision,6,hierarchy,team,11,seed,0.6365,0.1476,0.7411,5060,0.01518
babyvision,8,chain,team,11,seed,0.6054,0.1405,0.7353,6282,0.018846
babyvision,8,star,team,11,seed,0.4415,0.1918,0.8108,6409,0.019227
babyvision,8,full,team,11,seed,0.3734,0.1404,0.7744,5982,0.017946
babyvision,8,hierarchy,team,11,seed,0.5939,0.1563,0.6598,6299,0.018897
babyvision,1,none,single_llm,11,paraphrase,1.3488,0.4046,0.5062,655,0.001965
babyvision,4,none,ensemble,11,paraphrase,0.6903,0.2712,0.6269,2168,0.006504
babyvision,6,none,ensemble,11,paraphrase,0.847,0.2011,0.6354,5739,0.017217
babyvision,8,none,ensemble,11,paraphrase,0.8539,0.273,0.7404,6413,0.019239
babyvision,4,chain,team,11,paraphrase,0.8385,0.3246,0.7236,3292,0.009876
babyvision,4,star,team,11,paraphrase,0.7961,0.2437,0.7759,3092,0.009276
babyvision,4,full,team,11,paraphrase,0.9031,0.1956,0.8117,3351,0.010053
babyvision,4,hierarchy,team,11,paraphrase,0.7331,0.2879,0.6875,3210,0.00963
babyvision,6,chain,team,11,paraphrase,0.6529,0.2369,0.7617,5048,0.015144
babyvision,6,star,team,11,paraphrase,0.5391,0.1695,0.7582,4964,0.014892
babyvision,6,full,team,11,paraphrase,0.5541,0.2559,0.7953,4499,0.013497
babyvision,6,hierarchy,team,11,paraphrase,0.5994,0.2131,0.718,5402,0.016206
babyvision,8,chain,team,11,paraphrase,0.7251,0.2222,0.7589,6926,0.020778
babyvision,8,star,team,11,paraphrase,0.5825,0.2069,0.7847,6712,0.020136
babyvision,8,full,team,11,paraphrase,0.4688,0.1437,0.7506,5947,0.017841
babyvision,8,hierarchy,team,11,paraphrase,0.4494,0.2279,0.7623,5542,0.016626
babyvision,1,none,single_llm,12,seed,1.2139,0.3539,0.5477,713,0.002139
babyvision,4,none,ensemble,12,seed,0.7875,0.286,0.558,3125,0.009375
babyvision,6,none,ensemble,12,seed,0.8291,0.2311,0.7052,5567,0.016701
babyvision,8,none,ensemble,12,seed,0.6081,0.2622,0.5793,7291,0.021873
babyvision,4,chain,team,12,seed,0.5757,0.325,0.7205,3612,0.010836
babyvision,4,star,team,12,seed,0.8384,0.18,0.752,2932,0.008796
babyvision,4,full,team,12,seed,0.7787,0.1606,0.7391,3371,0.010113
babyvision,4,hierarchy,team,12,seed,0.6603,0.1943,0.7654,2994,0.008982
babyvision,6,chain,team,12,seed,0.5724,0.2436,0.7444,4627,0.013881
babyvision,6,star,team,12,seed,0.5541,0.1704,0.7329,5005,0.015015
babyvision,6,full,team,12,seed,0.5672,0.0607,0.8843,5501,0.016503
babyvision,6,hierarchy,team,12,seed,0.5115,0.1173,0.786,4115,0.012345
babyvision,8,chain,team,12,seed,0.6831,0.1421,0.8461,5872,0.017616
babyvision,8,star,team,12,seed,0.4854,0.1815,0.7788,6574,0.019722
babyvision,8,full,team,12,seed,0.5759,0.0886,0.7419,5466,0.016398
babyvision,8,hierarchy,team,12,seed,0.575,0.1564,0.8381,6224,0.018672
babyvision,1,none,single_llm,12,paraphrase,1.1154,0.2838,0.6958,842,0.002526
babyvision,4,none,ensemble,12,paraphrase,1.0464,0.3339,0.5241,2945,0.008835
babyvision,6,none,ensemble,12,paraphrase,1.1574,0.3302,0.6042,4211,0.012633
babyvision,8,none,ensemble,12,paraphrase,0.8181,0.2626,0.8129,6279,0.018837
babyvision,4,chain,team,12,paraphrase,0.741,0.2852,0.7132,2790,0.00837
babyvision,4,star,team,12,paraphrase,0.8502,0.3059,0.7369,2944,0.008832
babyvision,4,full,team,12,paraphrase,0.7271,0.1711,0.7333,3299,0.009897
babyvision,4,hierarchy,team,12,paraphrase,0.7403,0.3451,0.7596,2626,0.007878
babyvision,6,chain,team,12,paraphrase,0.5244,0.2029,0.7933,5227,0.015681
babyvision,6,star,team,12,paraphrase,0.814,0.2126,0.7341,4201,0.012603
babyvision,6,full,team,12,paraphrase,0.6566,0.1844,0.7429,5576,0.016728
babyvision,6,hierarchy,team,12,paraphrase,0.659,0.2755,0.6552,6090,0.01827
babyvision,8,chain,team,12,paraphrase,0.5893,0.2491,0.7683,6081,0.018243
babyvision,8,star,team,12,paraphrase,0.6586,0.2257,0.7193,5951,0.017853
babyvision,8,full,team,12,paraphrase,0.5512,0.1662,0.8347,6849,0.020547
babyvision,8,hierarchy,team,12,paraphrase,0.5896,0.2251,0.6427,6006,0.018018
babyvision,1,none,single_llm,13,seed,1.2932,0.4319,0.549,916,0.002748
babyvision,4,none,ensemble,13,seed,1.0542,0.2356,0.6416,3330,0.00999
babyvision,6,none,ensemble,13,seed,0.8143,0.3138,0.6235,4951,0.014853
babyvision,8,none,ensemble,13,seed,0.8883,0.2027,0.6977,6351,0.019053
babyvision,4,chain,team,13,seed,0.8612,0.2075,0.6866,3568,0.010704
babyvision,4,star,team,13,seed,0.7699,0.2378,0.808,3897,0.011691
babyvision,4,full,team,13,seed,0.8115,0.1485,0.8035,3021,0.009063
babyvision,4,hierarchy,team,13,seed,0.7046,0.151,0.7457,3374,0.010122
babyvision,6,chain,team,13,seed,0.615,0.1383,0.6785,5813,0.017439
babyvision,6,star,team,13,seed,0.6041,0.1193,0.8077,5850,0.01755
babyvision,6,full,team,13,seed,0.6036,0.0208,0.9272,3912,0.011736
babyvision,6,hierarchy,team,13,seed,0.571,0.1169,0.7376,4936,0.014808
babyvision,8,chain,team,13,seed,0.3396,0.1572,0.8224,5860,0.01758
babyvision,8,star,team,13,seed,0.3576,0.1253,0.7781,6019,0.018057
babyvision,8,full,team,13,seed,0.3478,0.1316,0.8348,5717,0.017151
babyvision,8,hierarchy,team,13,seed,0.4239,0.1463,0.7368,6514,0.019542
babyvision,1,none,single_llm,13,paraphrase,1.5502,0.4214,0.41,831,0.002493
babyvision,4,none,ensemble,13,paraphrase,1.0087,0.3125,0.6385,3421,0.010263
babyvision,6,none,ensemble,13,paraphrase,0.9524,0.2942,0.7738,5376,0.016128
babyvision,8,none,ensemble,13,paraphrase,0.98,0.2849,0.6297,7121,0.021363
babyvision,4,chain,team,13,paraphrase,0.8744,0.2644,0.6878,2890,0.00867
babyvision,4,star,team,13,paraphrase,0.9157,0.2848,0.7391,3186,0.009558
babyvision,4,full,team,13,paraphrase,0.7119,0.1523,0.6694,2962,0.008886
babyvision,4,hierarchy,team,13,paraphrase,0.7407,0.2791,0.7606,3158,0.009474
babyvision,6,chain,team,13,paraphrase,0.8425,0.2109,0.7078,4775,0.014325
babyvision,6,star,team,13,paraphrase,0.7608,0.2165,0.7513,4005,0.012015
babyvision,6,full,team,13,paraphrase,0.5316,0.2361,0.6509,5444,0.016332
babyvision,6,hierarchy,team,13,paraphrase,0.7216,0.1923,0.693,5710,0.01713
babyvision,8,chain,team,13,paraphrase,0.7678,0.2161,0.7317,5986,0.017958
babyvision,8,star,team,13,paraphrase,0.5901,0.1639,0.7511,7558,0.022674
babyvision,8,full,team,13,paraphrase,0.5371,0.1289,0.6967,6481,0.019443
babyvision,8,hierarchy,team,13,paraphrase,0.5206,0.2107,0.664,6841,0.020523
babyvision,1,none,single_llm,14,seed,1.091,0.3678,0.5113,937,0.002811
babyvision,4,none,ensemble,14,seed,0.9706,0.3573,0.6836,3656,0.010968
babyvision,6,none,ensemble,14,seed,0.8431,0.2545,0.7631,5234,0.015702
babyvision,8,none,ensemble,14,seed,0.8637,0.2019,0.7205,7128,0.021384
babyvision,4,chain,team,14,seed,0.9146,0.2038,0.7028,2910,0.00873
babyvision,4,star,team,14,seed,0.813,0.1603,0.8109,3374,0.010122
babyvision,4,full,team,14,seed,0.6455,0.2401,0.7069,3731,0.011193
babyvision,4,hierarchy,team,14,seed,0.7819,0.1246,0.8396,3511,0.010533
babyvision,6,chain,team,14,seed,0.5788,0.1437,0.6762,5959,0.017877
babyvision,6,star,team,14,seed,0.4793,0.1017,0.798,4013,0.012039
babyvision,6,full,team,14,seed,0.4434,0.172,0.8178,4614,0.013842
babyvision,6,hierarchy,team,14,seed,0.5934,0.1445,0.7715,4434,0.013302
babyvision,8,chain,team,14,seed,0.4886,0.1364,0.7287,7068,0.021204
babyvision,8,star,team,14,seed,0.5737,0.0935,0.7353,6299,0.018897
babyvision,8,full,team,14,seed,0.6822,0.0697,0.7969,6456,0.019368
babyvision,8,hierarchy,team,14,seed,0.5058,0.1225,0.8428,6690,0.02007
babyvision,1,none,single_llm,14,paraphrase,1.4569,0.4604,0.5576,926,0.002778
babyvision,4,none,ensemble,14,paraphrase,1.1897,0.4362,0.683,2985,0.008955
babyvision,6,none,ensemble,14,paraphrase,1.0499,0.3328,0.7652,4335,0.013005
babyvision,8,none,ensemble,14,paraphrase,0.947,0.2443,0.7208,6262,0.018786
babyvision,4,chain,team,14,paraphrase,0.9079,0.2311,0.7397,3265,0.009795
babyvision,4,star,team,14,paraphrase,0.8252,0.3355,0.7109,3309,0.009927
babyvision,4,full,team,14,paraphrase,0.79,0.2454,0.8511,3220,0.00966
babyvision,4,hierarchy,team,14,paraphrase,0.7733,0.3423,0.7046,2686,0.008058
babyvision,6,chain,team,14,paraphrase,0.6275,0.1924,0.6246,4625,0.013875
babyvision,6,star,team,14,paraphrase,0.6446,0.2595,0.7761,5080,0.01524
babyvision,6,full,team,14,paraphrase,0.5323,0.2276,0.8242,4989,0.014967
babyvision,6,hierarchy,team,14,paraphrase,0.7138,0.1717,0.7873,5654,0.016962
babyvision,8,chain,team,14,paraphrase,0.659,0.1971,0.7169,6130,0.01839
babyvision,8,star,team,14,paraphrase,0.5406,0.2168,0.769,7042,0.021126
babyvision,8,full,team,14,paraphrase,0.5838,0.1363,0.74,6039,0.018117
babyvision,8,hierarchy,team,14,paraphrase,0.578,0.2726,0.8427,6935,0.020805
babyvision,1,none,single_llm,15,seed,1.2678,0.2833,0.5504,736,0.002208
babyvision,4,none,ensemble,15,seed,1.1457,0.1797,0.6731,2920,0.00876
babyvision,6,none,ensemble,15,seed,0.867,0.2706,0.7513,4770,0.01431
babyvision,8,none,ensemble,15,seed,0.8913,0.1852,0.7447,7041,0.021123
babyvision,4,chain,team,15,seed,0.8132,0.2063,0.726,3525,0.010575
babyvision,4,star,team,15,seed,0.6208,0.1597,0.8001,3059,0.009177
babyvision,4,full,team,15,seed,0.5547,0.2315,0.725,3136,0.009408
babyvision,4,hierarchy,team,15,seed,0.688,0.1956,0.7158,3428,0.010284
babyvision,6,chain,team,15,seed,0.6327,0.2216,0.7242,5823,0.017469
babyvision,6,star,team,15,seed,0.3811,0.0888,0.8723,5027,0.015081
babyvision,6,full,team,15,seed,0.5757,0.1495,0.8232,4943,0.014829
babyvision,6,hierarchy,team,15,seed,0.495,0.195,0.8077,5485,0.016455
babyvision,8,chain,team,15,seed,0.7231,0.1741,0.7036,7534,0.022602
babyvision,8,star,team,15,seed,0.3949,0.1444,0.7822,6124,0.018372
babyvision,8,full,team,15,seed,0.5431,0.1206,0.8307,5877,0.017631
babyvision,8,hierarchy,team,15,seed,0.4993,0.1101,0.775,6323,0.018969
babyvision,1,none,single_llm,15,paraphrase,1.6066,0.4094,0.3462,911,0.002733
babyvision,4,none,ensemble,15,paraphrase,1.0839,0.3134,0.5838,2896,0.008688
babyvision,6,none,ensemble,15,paraphrase,1.1807,0.2999,0.5457,4957,0.014871
babyvision,8,none,ensemble,15,paraphrase,1.0247,0.2862,0.6359,5765,0.017295
babyvision,4,chain,team,15,paraphrase,0.7683,0.3484,0.6964,2662,0.007986
babyvision,4,star,team,15,paraphrase,0.8484,0.2631,0.7076,2873,0.008619
babyvision,4,full,team,15,paraphrase,0.6736,0.281,0.7524,3353,0.010059
babyvision,4,hierarchy,team,15,paraphrase,0.8545,0.2806,0.6966,3134,0.009402
babyvision,6,chain,team,15,paraphrase,0.8181,0.2988,0.6535,4700,0.0141
babyvision,6,star,team,15,paraphrase,0.7355,0.2875,0.8337,4418,0.013254
babyvision,6,full,team,15,paraphrase,0.7491,0.1946,0.8068,5178,0.015534
babyvision,6,hierarchy,team,15,paraphrase,0.5452,0.2442,0.7849,4790,0.01437
babyvision,8,chain,team,15,paraphrase,0.602,0.158,0.7592,6533,0.019599
babyvision,8,star,team,15,paraphrase,0.4844,0.1778,0.7627,6042,0.018126
babyvision,8,full,team,15,paraphrase,0.5469,0.1008,0.8325,6410,0.01923
babyvision,8,hierarchy,team,15,paraphrase,0.4867,0.1024,0.7965,6757,0.020271
babyvision,1,none,single_llm,16,seed,1.2816,0.4168,0.5953,815,0.002445
babyvision,4,none,ensemble,16,seed,0.9195,0.2391,0.6753,3647,0.010941
babyvision,6,none,ensemble,16,seed,0.8558,0.3111,0.7124,4982,0.014946
babyvision,8,none,ensemble,16,seed,1.0886,0.301,0.8307,5889,0.017667
babyvision,4,chain,team,16,seed,0.9992,0.2242,0.7286,2509,0.007527
babyvision,4,star,team,16,seed,0.7626,0.1542,0.7904,2828,0.008484
babyvision,4,full,team,16,seed,0.8798,0.1996,0.894,2872,0.008616
babyvision,4,hierarchy,team,16,seed,0.9049,0.1354,0.7704,2997,0.008991
babyvision,6,chain,team,16,seed,0.5768,0.1616,0.7089,4195,0.012585
babyvision,6,star,team,16,seed,0.5274,0.1569,0.8428,4941,0.014823
babyvision,6,full,team,16,seed,0.6582,0.0731,0.773,5141,0.015423
babyvision,6,hierarchy,team,16,seed,0.6259,0.1278,0.8213,4544,0.013632
babyvision,8,chain,team,16,seed,0.4689,0.1803,0.7653,6065,0.018195
babyvision,8,star,team,16,seed,0.441,0.088,0.7752,7104,0.021312
babyvision,8,full,team,16,seed,0.4911,0.1492,0.8308,6008,0.018024
babyvision,8,hierarchy,team,16,seed,0.3518,0.1038,0.7514,5920,0.01776
babyvision,1,none,single_llm,16,paraphrase,1.4772,0.4832,0.6498,738,0.002214
babyvision,4,none,ensemble,16,paraphrase,1.2217,0.3996,0.5961,3351,0.010053
babyvision,6,none,ensemble,16,paraphrase,1.0971,0.2943,0.6418,4498,0.013494
babyvision,8,none,ensemble,16,paraphrase,0.5968,0.2819,0.6474,5711,0.017133
babyvision,4,chain,team,16,paraphrase,0.9022,0.2294,0.7403,3354,0.010062
babyvision,4,star,team,16,paraphrase,0.77,0.255,0.6705,3440,0.01032
babyvision,4,full,team,16,paraphrase,0.7987,0.248,0.7651,2994,0.008982
babyvision,4,hierarchy,team,16,paraphrase,0.6781,0.3058,0.7544,3028,0.009084
babyvision,6,chain,team,16,paraphrase,0.7425,0.2926,0.7716,4529,0.013587
babyvision,6,star,team,16,paraphrase,0.5027,0.1596,0.729,5501,0.016503
babyvision,6,full,team,16,paraphrase,0.5487,0.1684,0.7238,4544,0.013632
babyvision,6,hierarchy,team,16,paraphrase,0.6705,0.171,0.7888,4730,0.01419
babyvision,8,chain,team,16,paraphrase,0.8746,0.1739,0.8045,7290,0.02187
babyvision,8,star,team,16,paraphrase,0.5355,0.175,0.7089,5817,0.017451
babyvision,8,full,team,16,paraphrase,0.5466,0.1717,0.6849,7867,0.023601
babyvision,8,hierarchy,team,16,paraphrase,0.5707,0.2035,0.7137,6229,0.018687
babyvision,1,none,single_llm,17,seed,1.1963,0.3648,0.534,864,0.002592
babyvision,4,none,ensemble,17,seed,0.9773,0.2952,0.6494,3274,0.009822
babyvision,6,none,ensemble,17,seed,0.8392,0.2874,0.7094,4724,0.014172
babyvision,8,none,ensemble,17,seed,0.7775,0.2129,0.7318,6363,0.019089
babyvision,4,chain,team,17,seed,0.7241,0.2581,0.7814,3770,0.01131
babyvision,4,star,team,17,seed,0.6696,0.2242,0.6745,3465,0.010395
babyvision,4,full,team,17,seed,0.5543,0.1381,0.7966,3001,0.009003
babyvision,4,hierarchy,team,17,seed,0.6742,0.1881,0.7965,2901,0.008703
babyvision,6,chain,team,17,seed,0.6162,0.1671,0.7956,5207,0.015621
babyvision,6,star,team,17,seed,0.3881,0.194,0.7541,4913,0.014739
babyvision,6,full,team,17,seed,0.4477,0.1471,0.9222,4861,0.014583
babyvision,6,hierarchy,team,17,seed,0.5456,0.153,0.7012,5495,0.016485
babyvision,8,chain,team,17,seed,0.578,0.1189,0.7142,6409,0.019227
babyvision,8,star,team,17,seed,0.5899,0.0848,0.8507,6341,0.019023
babyvision,8,full,team,17,seed,0.3736,0.0921,0.8924,5511,0.016533
babyvision,8,hierarchy,team,17,seed,0.4435,0.1789,0.7958,5893,0.017679
babyvision,1,none,single_llm,17,paraphrase,1.4747,0.4857,0.5182,751,0.002253
babyvision,4,none,ensemble,17,paraphrase,0.975,0.3342,0.5313,3624,0.010872
babyvision,6,none,ensemble,17,paraphrase,1.1522,0.2855,0.6714,5369,0.016107
babyvision,8,none,ensemble,17,paraphrase,1.1147,0.3562,0.5859,6198,0.018594
babyvision,4,chain,team,17,paraphrase,0.9101,0.2677,0.7891,3721,0.011163
babyvision,4,star,team,17,paraphrase,0.7284,0.251,0.6925,3137,0.009411
babyvision,4,full,team,17,paraphrase,0.7575,0.2757,0.6956,2362,0.007086
babyvision,4,hierarchy,team,17,paraphrase,0.6695,0.2264,0.6872,3259,0.009777
babyvision,6,chain,team,17,paraphrase,0.5936,0.1938,0.6682,4264,0.012792
babyvision,6,star,team,17,paraphrase,0.5961,0.1883,0.7791,4325,0.012975
babyvision,6,full,team,17,paraphrase,0.5858,0.1704,0.7951,4725,0.014175
babyvision,6,hierarchy,team,17,paraphrase,0.7767,0.1761,0.7322,4523,0.013569
babyvision,8,chain,team,17,paraphrase,0.5041,0.2181,0.8116,5854,0.017562
babyvision,8,star,team,17,paraphrase,0.5639,0.1383,0.682,5896,0.017688
babyvision,8,full,team,17,paraphrase,0.5017,0.1546,0.7537,5345,0.016035
babyvision,8,hierarchy,team,17,paraphrase,0.5341,0.2209,0.6771,6172,0.018516
babyvision,1,none,single_llm,18,seed,1.2939,0.3181,0.5589,678,0.002034
babyvision,4,none,ensemble,18,seed,1.0566,0.2783,0.6533,3559,0.010677
babyvision,6,none,ensemble,18,seed,0.8287,0.2064,0.7724,5683,0.017049
babyvision,8,none,ensemble,18,seed,0.7168,0.2126,0.7927,6349,0.019047
babyvision,4,chain,team,18,seed,0.8395,0.2587,0.7119,3334,0.010002
babyvision,4,star,team,18,seed,0.7294,0.1488,0.7205,2991,0.008973
babyvision,4,full,team,18,seed,0.7929,0.216,0.8175,3340,0.01002
babyvision,4,hierarchy,team,18,seed,0.7913,0.2186,0.7804,3352,0.010056
babyvision,6,chain,team,18,seed,0.4812,0.1506,0.7032,5331,0.015993
babyvision,6,star,team,18,seed,0.737,0.0655,0.8629,4841,0.014523
babyvision,6,full,team,18,seed,0.6429,0.1525,0.8666,4900,0.0147
babyvision,6,hierarchy,team,18,seed,0.4552,0.158,0.8004,4696,0.014088
babyvision,8,chain,team,18,seed,0.6124,0.1582,0.7352,5704,0.017112
babyvision,8,star,team,18,seed,0.4575,0.139,0.697,5900,0.0177
babyvision,8,full,team,18,seed,0.267,0.0862,0.8649,5640,0.01692
babyvision,8,hierarchy,team,18,seed,0.587,0.2548,0.8577,6485,0.019455
babyvision,1,none,single_llm,18,paraphrase,1.4588,0.3428,0.3849,802,0.002406
babyvision,4,none,ensemble,18,paraphrase,1.0778,0.3747,0.5759,3261,0.009783
babyvision,6,none,ensemble,18,paraphrase,0.9673,0.2907,0.6457,4389,0.013167
babyvision,8,none,ensemble,18,paraphrase,0.9136,0.2881,0.6636,6826,0.020478
babyvision,4,chain,team,18,paraphrase,0.9628,0.3146,0.6479,3231,0.009693
babyvision,4,star,team,18,paraphrase,0.7189,0.2614,0.6846,3608,0.010824
babyvision,4,full,team,18,paraphrase,0.8583,0.2836,0.7926,3113,0.009339
babyvision,4,hierarchy,team,18,paraphrase,0.7874,0.3372,0.7117,2766,0.008298
babyvision,6,chain,team,18,paraphrase,0.8023,0.248,0.7899,4916,0.014748
babyvision,6,star,team,18,paraphrase,0.6496,0.2733,0.6677,4519,0.013557
babyvision,6,full,team,18,paraphrase,0.5329,0.1044,0.7983,4532,0.013596
babyvision,6,hierarchy,team,18,paraphrase,0.7621,0.2378,0.765,4581,0.013743
babyvision,8,chain,team,18,paraphrase,0.5502,0.2244,0.771,6367,0.019101
babyvision,8,star,team,18,paraphrase,0.5065,0.1429,0.7652,6045,0.018135
babyvision,8,full,team,18,paraphrase,0.5395,0.1613,0.7428,6588,0.019764
babyvision,8,hierarchy,team,18,paraphrase,0.6521,0.2794,0.7829,7419,0.022257
babyvision,1,none,single_llm,19,seed,1.1272,0.2689,0.534,868,0.002604
babyvision,4,none,ensemble,19,seed,1.0341,0.3206,0.4978,3600,0.0108
babyvision,6,none,ensemble,19,seed,0.9084,0.1601,0.7334,4881,0.014643
babyvision,8,none,ensemble,19,seed,0.8457,0.2683,0.7558,5457,0.016371
babyvision,4,chain,team,19,seed,0.7657,0.1628,0.7725,3647,0.010941
babyvision,4,star,team,19,seed,0.6059,0.1706,0.7259,3054,0.009162
babyvision,4,full,team,19,seed,0.7412,0.1598,0.8126,3540,0.01062
babyvision,4,hierarchy,team,19,seed,0.8602,0.1628,0.8293,3669,0.011007
babyvision,6,chain,team,19,seed,0.7769,0.1759,0.717,4327,0.012981
babyvision,6,star,team,19,seed,0.4614,0.1527,0.827,5427,0.016281
babyvision,6,full,team,19,seed,0.493,0.1307,0.7894,4495,0.013485
babyvision,6,hierarchy,team,19,seed,0.6652,0.1768,0.7817,4971,0.014913
babyvision,8,chain,team,19,seed,0.6082,0.1851,0.7231,6973,0.020919
babyvision,8,star,team,19,seed,0.5222,0.1134,0.8067,6620,0.01986
babyvision,8,full,team,19,seed,0.5748,0.069,0.8712,6414,0.019242
babyvision,8,hierarchy,team,19,seed,0.4661,0.1194,0.7349,5285,0.015855
babyvision,1,none,single_llm,19,paraphrase,1.4316,0.5439,0.3818,723,0.002169
babyvision,4,none,ensemble,19,paraphrase,1.1202,0.3177,0.6601,3167,0.009501
babyvision,6,none,ensemble,19,paraphrase,0.8785,0.286,0.5071,4251,0.012753
babyvision,8,none,ensemble,19,paraphrase,0.9938,0.3379,0.7744,6682,0.020046
babyvision,4,chain,team,19,paraphrase,0.6344,0.2621,0.7662,3719,0.011157
babyvision,4,star,team,19,paraphrase,0.9463,0.248,0.6647,3186,0.009558
babyvision,4,full,team,19,paraphrase,0.7815,0.3001,0.7514,3205,0.009615
babyvision,4,hierarchy,team,19,paraphrase,0.8373,0.2835,0.7513,2968,0.008904
babyvision,6,chain,team,19,paraphrase,0.5958,0.2971,0.6326,5586,0.016758
babyvision,6,star,team,19,paraphrase,0.4605,0.1889,0.7932,4800,0.0144
babyvision,6,full,team,19,paraphrase,0.4899,0.2093,0.758,4696,0.014088
babyvision,6,hierarchy,team,19,paraphrase,0.6092,0.2209,0.7055,5968,0.017904
babyvision,8,chain,team,19,paraphrase,0.6027,0.2059,0.6979,7537,0.022611
babyvision,8,star,team,19,paraphrase,0.4128,0.2052,0.743,5489,0.016467
babyvision,8,full,team,19,paraphrase,0.4648,0.1835,0.7218,6566,0.019698
babyvision,8,hierarchy,team,19,paraphrase,0.7696,0.2077,0.6723,5858,0.017574
babyvision,1,none,single_llm,20,seed,1.2072,0.3439,0.5456,824,0.002472
babyvision,4,none,ensemble,20,seed,1.1577,0.2598,0.5809,3569,0.010707
babyvision,6,none,ensemble,20,seed,1.0197,0.2489,0.6752,5098,0.015294
babyvision,8,none,ensemble,20,seed,0.7747,0.1155,0.7638,6971,0.020913
babyvision,4,chain,team,20,seed,0.9241,0.1983,0.7513,3279,0.009837
babyvision,4,star,team,20,seed,0.7385,0.2021,0.7719,3267,0.009801
babyvision,4,full,team,20,seed,0.7741,0.2263,0.7422,3144,0.009432
babyvision,4,hierarchy,team,20,seed,0.7077,0.1849,0.6792,3207,0.009621
babyvision,6,chain,team,20,seed,0.6695,0.176,0.7542,5000,0.015
babyvision,6,star,team,20,seed,0.7127,0.1355,0.726,4756,0.014268
babyvision,6,full,team,20,seed,0.73,0.0858,0.8271,5355,0.016065
babyvision,6,hierarchy,team,20,seed,0.355,0.1787,0.8048,4671,0.014013
babyvision,8,chain,team,20,seed,0.482,0.1372,0.7486,6206,0.018618
babyvision,8,star,team,20,seed,0.4476,0.1171,0.8545,5622,0.016866
babyvision,8,full,team,20,seed,0.2918,0.1591,0.7954,6151,0.018453
babyvision,8,hierarchy,team,20,seed,0.5055,0.1492,0.7588,6723,0.020169
babyvision,1,none,single_llm,20,paraphrase,1.1857,0.4069,0.34,893,0.002679
babyvision,4,none,ensemble,20,paraphrase,1.0089,0.3535,0.6386,3375,0.010125
babyvision,6,none,ensemble,20,paraphrase,0.9472,0.3167,0.5923,4237,0.012711
babyvision,8,none,ensemble,20,paraphrase,0.8679,0.2443,0.7755,6640,0.01992
babyvision,4,chain,team,20,paraphrase,0.7884,0.2766,0.7067,3178,0.009534
babyvision,4,star,team,20,paraphrase,0.8372,0.2602,0.6605,2511,0.007533
babyvision,4,full,team,20,paraphrase,0.7426,0.2599,0.7219,3595,0.010785
babyvision,4,hierarchy,team,20,paraphrase,0.8253,0.3218,0.7776,3536,0.010608
babyvision,6,chain,team,20,paraphrase,0.5812,0.2429,0.7758,4930,0.01479
babyvision,6,star,team,20,paraphrase,0.707,0.1567,0.8406,4420,0.01326
babyvision,6,full,team,20,paraphrase,0.4222,0.1782,0.6322,4279,0.012837
babyvision,6,hierarchy,team,20,paraphrase,0.9274,0.207,0.6632,4812,0.014436
babyvision,8,chain,team,20,paraphrase,0.5369,0.2554,0.6805,6573,0.019719
babyvision,8,star,team,20,paraphrase,0.462,0.2948,0.7802,6306,0.018918
babyvision,8,full,team,20,paraphrase,0.5174,0.1487,0.727,5895,0.017685
babyvision,8,hierarchy,team,20,paraphrase,0.7645,0.1787,0.6385,5653,0.016959
babyvision,1,none,single_llm,21,seed,1.3892,0.3499,0.5256,893,0.002679
babyvision,4,none,ensemble,21,seed,0.8567,0.2916,0.6099,3384,0.010152
babyvision,6,none,ensemble,21,seed,0.8212,0.2252,0.7392,5159,0.015477
babyvision,8,none,ensemble,21,seed,0.7801,0.1948,0.8259,6777,0.020331
babyvision,4,chain,team,21,seed,0.7409,0.2014,0.7912,3236,0.009708
babyvision,4,star,team,21,seed,0.7136,0.2021,0.7869,3181,0.009543
babyvision,4,full,team,21,seed,0.8204,0.2279,0.8066,3639,0.010917
babyvision,4,hierarchy,team,21,seed,0.7508,0.2351,0.8102,3526,0.010578
babyvision,6,chain,team,21,seed,0.7132,0.2075,0.8525,4540,0.01362
babyvision,6,star,team,21,seed,0.5561,0.1437,0.7662,3845,0.011535
babyvision,6,full,team,21,seed,0.6791,0.0912,0.8031,4117,0.012351
babyvision,6,hierarchy,team,21,seed,0.6537,0.1308,0.7178,4893,0.014679
babyvision,8,chain,team,21,seed,0.4766,0.1379,0.7736,6911,0.020733
babyvision,8,star,team,21,seed,0.4148,0.0912,0.7962,6745,0.020235
babyvision,8,full,team,21,seed,0.6129,0.068,0.7891,7152,0.021456
babyvision,8,hierarchy,team,21,seed,0.714,0.1011,0.7481,6643,0.019929
babyvision,1,none,single_llm,21,paraphrase,1.2433,0.3794,0.5121,923,0.002769
babyvision,4,none,ensemble,21,paraphrase,0.8729,0.3949,0.5755,3310,0.00993
babyvision,6,none,ensemble,21,paraphrase,1.1391,0.3135,0.6322,5144,0.015432
babyvision,8,none,ensemble,21,paraphrase,0.8592,0.3044,0.6777,6951,0.020853
babyvision,4,chain,team,21,paraphrase,0.7206,0.247,0.6296,3181,0.009543
babyvision,4,star,team,21,paraphrase,0.657,0.2298,0.6746,3673,0.011019
babyvision,4,full,team,21,paraphrase,0.6809,0.186,0.7524,3739,0.011217
babyvision,4,hierarchy,team,21,paraphrase,0.8184,0.266,0.7845,3481,0.010443
babyvision,6,chain,team,21,paraphrase,0.7441,0.2189,0.7374,4146,0.012438
babyvision,6,star,team,21,paraphrase,0.5892,0.2695,0.8097,5009,0.015027
babyvision,6,full,team,21,paraphrase,0.4287,0.1439,0.7207,4717,0.014151
babyvision,6,hierarchy,team,21,paraphrase,0.5466,0.2124,0.823,4992,0.014976
babyvision,8,chain,team,21,paraphrase,0.6485,0.1801,0.6431,5613,0.016839
babyvision,8,star,team,21,paraphrase,0.4087,0.1938,0.7742,5782,0.017346
babyvision,8,full,team,21,paraphrase,0.5615,0.2296,0.8629,6893,0.020679
babyvision,8,hierarchy,team,21,paraphrase,0.5792,0.2304,0.8126,5115,0.015345
babyvision,1,none,single_llm,22,seed,1.4723,0.3323,0.4976,771,0.002313
babyvision,4,none,ensemble,22,seed,0.9884,0.2044,0.6329,3368,0.010104
babyvision,6,none,ensemble,22,seed,0.8944,0.2563,0.6706,5132,0.015396
babyvision,8,none,ensemble,22,seed,0.9268,0.2682,0.7557,7000,0.021
babyvision,4,chain,team,22,seed,0.8671,0.3346,0.8009,3171,0.009513
babyvision,4,star,team,22,seed,0.6388,0.1871,0.7534,3363,0.010089
babyvision,4,full,team,22,seed,0.63,0.2252,0.7105,2677,0.008031
babyvision,4,hierarchy,team,22,seed,0.7365,0.1738,0.6971,2996,0.008988
babyvision,6,chain,team,22,seed,0.5454,0.1826,0.7236,4541,0.013623
babyvision,6,star,team,22,seed,0.5711,0.1928,0.8582,4870,0.01461
babyvision,6,full,team,22,seed,0.5641,0.1249,0.8187,4987,0.014961
babyvision,6,hierarchy,team,22,seed,0.7242,0.0867,0.7629,4962,0.014886
babyvision,8,chain,team,22,seed,0.544,0.1233,0.7,6916,0.020748
babyvision,8,star,team,22,seed,0.421,0.0606,0.8378,6693,0.020079
babyvision,8,full,team,22,seed,0.4551,0.0743,0.7993,7177,0.021531
babyvision,8,hierarchy,team,22,seed,0.3552,0.0783,0.7536,6382,0.019146
babyvision,1,none,single_llm,22,paraphrase,1.2556,0.4636,0.5712,822,0.002466
babyvision,4,none,ensemble,22,paraphrase,1.0973,0.3336,0.6106,2786,0.008358
babyvision,6,none,ensemble,22,paraphrase,0.8248,0.2297,0.6411,4911,0.014733
babyvision,8,none,ensemble,22,paraphrase,0.7061,0.282,0.6375,5715,0.017145
babyvision,4,chain,team,22,paraphrase,0.7975,0.2427,0.7303,3146,0.009438
babyvision,4,star,team,22,paraphrase,0.8915,0.2398,0.7097,3799,0.011397
babyvision,4,full,team,22,paraphrase,0.6177,0.2889,0.8227,3445,0.010335
babyvision,4,hierarchy,team,22,paraphrase,0.797,0.3246,0.7039,2974,0.008922
babyvision,6,chain,team,22,paraphrase,0.6628,0.2194,0.6673,5332,0.015996
babyvision,6,star,team,22,paraphrase,0.5742,0.2111,0.6724,4814,0.014442
babyvision,6,full,team,22,paraphrase,0.506,0.145,0.7492,5307,0.015921
babyvision,6,hierarchy,team,22,paraphrase,0.7156,0.2426,0.7281,4638,0.013914
babyvision,8,chain,team,22,paraphrase,0.7058,0.1983,0.7667,7191,0.021573
babyvision,8,star,team,22,paraphrase,0.4925,0.1631,0.7277,5461,0.016383
babyvision,8,full,team,22,paraphrase,0.4997,0.2229,0.7127,7248,0.021744
babyvision,8,hierarchy,team,22,paraphrase,0.5533,0.2854,0.7109,6307,0.018921
babyvision,1,none,single_llm,23,seed,1.1135,0.3237,0.6287,837,0.002511
babyvision,4,none,ensemble,23,seed,1.0735,0.1942,0.6893,2889,0.008667
babyvision,6,none,ensemble,23,seed,0.7077,0.2492,0.7037,4825,0.014475
babyvision,8,none,ensemble,23,seed,0.8861,0.262,0.8182,5638,0.016914
babyvision,4,chain,team,23,seed,0.9302,0.3028,0.7217,2666,0.007998
babyvision,4,star,team,23,seed,0.5917,0.179,0.8707,3205,0.009615
babyvision,4,full,team,23,seed,0.6383,0.1501,0.7139,3479,0.010437
babyvision,4,hierarchy,team,23,seed,0.7408,0.2915,0.7914,3465,0.010395
babyvision,6,chain,team,23,seed,0.5974,0.1386,0.7109,4142,0.012426
babyvision,6,star,team,23,seed,0.6626,0.1368,0.8322,4865,0.014595
babyvision,6,full,team,23,seed,0.5123,0.0855,0.8097,4695,0.014085
babyvision,6,hierarchy,team,23,seed,0.6818,0.1336,0.8054,5587,0.016761
babyvision,8,chain,team,23,seed,0.5739,0.1922,0.7936,7614,0.022842
babyvision,8,star,team,23,seed,0.5338,0.1588,0.7932,5904,0.017712
babyvision,8,full,team,23,seed,0.3458,0.1615,0.7546,6877,0.020631
babyvision,8,hierarchy,team,23,seed,0.5583,0.1775,0.7593,5893,0.017679
babyvision,1,none,single_llm,23,paraphrase,1.3868,0.4075,0.4088,955,0.002865
babyvision,4,none,ensemble,23,paraphrase,0.935,0.2703,0.5955,3600,0.0108
babyvision,6,none,ensemble,23,paraphrase,0.6882,0.3558,0.5953,4926,0.014778
babyvision,8,none,ensemble,23,paraphrase,0.7989,0.3779,0.6975,5946,0.017838
babyvision,4,chain,team,23,paraphrase,0.8299,0.2911,0.7089,3340,0.01002
babyvision,4,star,team,23,paraphrase,0.8099,0.2024,0.713,3394,0.010182
babyvision,4,full,team,23,paraphrase,0.713,0.2644,0.7416,3130,0.00939
babyvision,4,hierarchy,team,23,paraphrase,0.9494,0.198,0.6862,3594,0.010782
babyvision,6,chain,team,23,paraphrase,0.8846,0.3337,0.7171,5019,0.015057
babyvision,6,star,team,23,paraphrase,0.7333,0.2632,0.7603,5244,0.015732
babyvision,6,full,team,23,paraphrase,0.6676,0.2131,0.7087,4641,0.013923
babyvision,6,hierarchy,team,23,paraphrase,0.6193,0.1747,0.652,4596,0.013788
babyvision,8,chain,team,23,paraphrase,0.6003,0.225,0.7528,6520,0.01956
babyvision,8,star,team,23,paraphrase,0.551,0.1542,0.7989,6334,0.019002
babyvision,8,full,team,23,paraphrase,0.5033,0.1634,0.7284,6060,0.01818
babyvision,8,hierarchy,team,23,paraphrase,0.5404,0.1893,0.7778,6660,0.01998
babyvision,1,none,single_llm,24,seed,1.482,0.4377,0.6719,844,0.002532
babyvision,4,none,ensemble,24,seed,1.0152,0.2356,0.6996,2990,0.00897
babyvision,6,none,ensemble,24,seed,0.6917,0.3136,0.615,5010,0.01503
babyvision,8,none,ensemble,24,seed,0.6944,0.2747,0.8058,6738,0.020214
babyvision,4,chain,team,24,seed,0.9046,0.2278,0.8517,3438,0.010314
babyvision,4,star,team,24,seed,0.6399,0.2003,0.7624,3119,0.009357
babyvision,4,full,team,24,seed,0.5343,0.193,0.7107,2391,0.007173
babyvision,4,hierarchy,team,24,seed,0.7156,0.1773,0.7169,2207,0.006621
babyvision,6,chain,team,24,seed,0.5365,0.1753,0.7229,4985,0.014955
babyvision,6,star,team,24,seed,0.7109,0.1729,0.8359,5332,0.015996
babyvision,6,full,team,24,seed,0.4397,0.1498,0.8444,4590,0.01377
babyvision,6,hierarchy,team,24,seed,0.5125,0.1835,0.7005,4277,0.012831
babyvision,8,chain,team,24,seed,0.48,0.1789,0.7759,7060,0.02118
babyvision,8,star,team,24,seed,0.4045,0.0918,0.8212,5888,0.017664
babyvision,8,full,team,24,seed,0.4063,0.0366,0.8195,7386,0.022158
babyvision,8,hierarchy,team,24,seed,0.4137,0.1817,0.782,5270,0.01581
babyvision,1,none,single_llm,24,paraphrase,1.1958,0.3676,0.4728,833,0.002499
babyvision,4,none,ensemble,24,paraphrase,1.2519,0.2484,0.5809,2913,0.008739
babyvision,6,none,ensemble,24,paraphrase,0.796,0.302,0.6501,3929,0.011787
babyvision,8,none,ensemble,24,paraphrase,0.8822,0.2181,0.6907,7212,0.021636
babyvision,4,chain,team,24,paraphrase,0.9063,0.2946,0.6736,3221,0.009663
babyvision,4,star,team,24,paraphrase,0.8663,0.2761,0.725,3269,0.009807
babyvision,4,full,team,24,paraphrase,0.6483,0.2081,0.7754,3469,0.010407
babyvision,4,hierarchy,team,24,paraphrase,0.8394,0.3267,0.7454,3125,0.009375
babyvision,6,chain,team,24,paraphrase,0.5796,0.2998,0.7531,5663,0.016989
babyvision,6,star,team,24,paraphrase,0.8683,0.1608,0.6804,3425,0.010275
babyvision,6,full,team,24,paraphrase,0.7134,0.2185,0.7595,4211,0.012633
babyvision,6,hierarchy,team,24,paraphrase,0.6627,0.2296,0.7738,4931,0.014793
babyvision,8,chain,team,24,paraphrase,0.693,0.2159,0.7841,6804,0.020412
babyvision,8,star,team,24,paraphrase,0.458,0.2464,0.8163,6697,0.020091
babyvision,8,full,team,24,paraphrase,0.5747,0.2372,0.6833,7194,0.021582
babyvision,8,hierarchy,team,24,paraphrase,0.549,0.2446,0.751,5604,0.016812
babyvision,1,none,single_llm,25,seed,1.1755,0.4263,0.5203,750,0.00225
babyvision,4,none,ensemble,25,seed,0.8746,0.2921,0.755,2514,0.007542
babyvision,6,none,ensemble,25,seed,1.2043,0.2475,0.7248,4590,0.01377
babyvision,8,none,ensemble,25,seed,0.7996,0.228,0.6671,5884,0.017652
babyvision,4,chain,team,25,seed,0.8985,0.1654,0.7621,3081,0.009243
babyvision,4,star,team,25,seed,0.6339,0.2764,0.7223,2838,0.008514
babyvision,4,full,team,25,seed,0.6813,0.1468,0.7803,3249,0.009747
babyvision,4,hierarchy,team,25,seed,0.7735,0.2025,0.7249,3405,0.010215
babyvision,6,chain,team,25,seed,0.6104,0.1624,0.8286,4741,0.014223
babyvision,6,star,team,25,seed,0.6808,0.2013,0.849,5131,0.015393
babyvision,6,full,team,25,seed,0.5415,0.1297,0.7824,3759,0.011277
babyvision,6,hierarchy,team,25,seed,0.6635,0.172,0.8159,4743,0.014229
babyvision,8,chain,team,25,seed,0.6131,0.1057,0.7065,4815,0.014445
babyvision,8,star,team,25,seed,0.4832,0.0999,0.7498,6614,0.019842
babyvision,8,full,team,25,seed,0.4241,0.0535,0.9322,6376,0.019128
babyvision,8,hierarchy,team,25,seed,0.4084,0.114,0.7763,6287,0.018861
babyvision,1,none,single_llm,25,paraphrase,1.5253,0.4202,0.6249,765,0.002295
babyvision,4,none,ensemble,25,paraphrase,1.0812,0.3711,0.6817,3619,0.010857
babyvision,6,none,ensemble,25,paraphrase,0.9155,0.297,0.5012,4705,0.014115
babyvision,8,none,ensemble,25,paraphrase,1.011,0.3232,0.6848,7487,0.022461
babyvision,4,chain,team,25,paraphrase,0.8216,0.2589,0.6766,2840,0.00852
babyvision,4,star,team,25,paraphrase,0.8722,0.269,0.7605,3067,0.009201
babyvision,4,full,team,25,paraphrase,0.7742,0.1504,0.7588,3231,0.009693
babyvision,4,hierarchy,team,25,paraphrase,0.7199,0.2633,0.7071,3764,0.011292
babyvision,6,chain,team,25,paraphrase,0.5955,0.2555,0.6601,4532,0.013596
babyvision,6,star,team,25,paraphrase,0.6793,0.2038,0.7443,4959,0.014877
babyvision,6,full,team,25,paraphrase,0.5722,0.2276,0.7394,4753,0.014259
babyvision,6,hierarchy,team,25,paraphrase,0.7077,0.2313,0.7668,4952,0.014856
babyvision,8,chain,team,25,paraphrase,0.6736,0.2078,0.6716,5486,0.016458
babyvision,8,star,team,25,paraphrase,0.4096,0.2613,0.6444,7163,0.021489
babyvision,8,full,team,25,paraphrase,0.4646,0.2183,0.6549,6249,0.018747
babyvision,8,hierarchy,team,25,paraphrase,0.7421,0.2294,0.7281,5156,0.015468
babyvision,1,none,single_llm,26,seed,1.0516,0.4483,0.5106,794,0.002382
babyvision,4,none,ensemble,26,seed,0.984,0.1949,0.6744,3065,0.009195
babyvision,6,none,ensemble,26,seed,0.9034,0.2084,0.5956,4594,0.013782
babyvision,8,none,ensemble,26,seed,0.8769,0.238,0.7319,6974,0.020922
babyvision,4,chain,team,26,seed,0.7596,0.2298,0.716,3506,0.010518
babyvision,4,star,team,26,seed,0.7592,0.1752,0.6955,3553,0.010659
babyvision,4,full,team,26,seed,0.6256,0.1804,0.8976,3456,0.010368
babyvision,4,hierarchy,team,26,seed,0.9111,0.186,0.8135,3208,0.009624
babyvision,6,chain,team,26,seed,0.6582,0.2631,0.7407,4809,0.014427
babyvision,6,star,team,26,seed,0.4813,0.1878,0.7566,5290,0.01587
babyvision,6,full,team,26,seed,0.3766,0.1542,0.7624,5150,0.01545
babyvision,6,hierarchy,team,26,seed,0.5902,0.1408,0.7553,4391,0.013173
babyvision,8,chain,team,26,seed,0.6304,0.1189,0.7516,6620,0.01986
babyvision,8,star,team,26,seed,0.658,0.1305,0.7829,6575,0.019725
babyvision,8,full,team,26,seed,0.2593,0.0629,0.7862,5943,0.017829
babyvision,8,hierarchy,team,26,seed,0.3566,0.1751,0.798,6489,0.019467
babyvision,1,none,single_llm,26,paraphrase,1.2259,0.4298,0.531,778,0.002334
babyvision,4,none,ensemble,26,paraphrase,1.0833,0.2802,0.6158,3565,0.010695
babyvision,6,none,ensemble,26,paraphrase,1.096,0.3637,0.6671,4815,0.014445
babyvision,8,none,ensemble,26,paraphrase,0.8261,0.188,0.6093,6292,0.018876
babyvision,4,chain,team,26,paraphrase,0.8492,0.344,0.7657,2980,0.00894
babyvision,4,star,team,26,paraphrase,0.8918,0.2384,0.7641,3457,0.010371
babyvision,4,full,team,26,paraphrase,0.9042,0.2178,0.7907,2600,0.0078
babyvision,4,hierarchy,team,26,paraphrase,0.9596,0.2665,0.7198,2548,0.007644
babyvision,6,chain,team,26,paraphrase,0.6627,0.2965,0.6933,5142,0.015426
babyvision,6,star,team,26,paraphrase,0.655,0.2547,0.7542,4352,0.013056
babyvision,6,full,team,26,paraphrase,0.6272,0.2563,0.7795,4744,0.014232
babyvision,6,hierarchy,team,26,paraphrase,0.8972,0.2686,0.7755,4952,0.014856
babyvision,8,chain,team,26,paraphrase,0.6997,0.2513,0.6159,6652,0.019956
babyvision,8,star,team,26,paraphrase,0.5606,0.1708,0.7452,5404,0.016212
babyvision,8,full,team,26,paraphrase,0.3662,0.2207,0.7881,4855,0.014565
babyvision,8,hierarchy,team,26,paraphrase,0.539,0.2361,0.731,7196,0.021588
babyvision,1,none,single_llm,27,seed,1.4075,0.2836,0.525,764,0.002292
babyvision,4,none,ensemble,27,seed,0.7833,0.1873,0.6016,2994,0.008982
babyvision,6,none,ensemble,27,seed,0.9022,0.2895,0.7208,5160,0.01548
babyvision,8,none,ensemble,27,seed,0.768,0.2485,0.7211,6117,0.018351
babyvision,4,chain,team,27,seed,0.9697,0.1343,0.6463,3322,0.009966
babyvision,4,star,team,27,seed,0.7035,0.14,0.7173,2904,0.008712
babyvision,4,full,team,27,seed,0.7892,0.226,0.862,2691,0.008073
babyvision,4,hierarchy,team,27,seed,0.6133,0.1501,0.8244,3333,0.009999
babyvision,6,chain,team,27,seed,0.6296,0.1914,0.7518,4261,0.012783
babyvision,6,star,team,27,seed,0.6229,0.1448,0.7246,5075,0.015225
babyvision,6,full,team,27,seed,0.499,0.1413,0.7884,5227,0.015681
babyvision,6,hierarchy,team,27,seed,0.6136,0.1269,0.7907,4970,0.01491
babyvision,8,chain,team,27,seed,0.5978,0.2023,0.7342,6827,0.020481
babyvision,8,star,team,27,seed,0.3242,0.126,0.7813,7326,0.021978
babyvision,8,full,team,27,seed,0.451,0.1352,0.7169,6174,0.018522
babyvision,8,hierarchy,team,27,seed,0.432,0.2399,0.7517,6446,0.019338
babyvision,1,none,single_llm,27,paraphrase,1.349,0.3296,0.4582,832,0.002496
babyvision,4,none,ensemble,27,paraphrase,1.0403,0.205,0.576,3526,0.010578
babyvision,6,none,ensemble,27,paraphrase,1.0188,0.3582,0.5909,5414,0.016242
babyvision,8,none,ensemble,27,paraphrase,0.8747,0.3579,0.6902,5089,0.015267
babyvision,4,chain,team,27,paraphrase,0.9449,0.2698,0.6812,2735,0.008205
babyvision,4,star,team,27,paraphrase,0.9722,0.2367,0.8088,3062,0.009186
babyvision,4,full,team,27,paraphrase,0.6872,0.2903,0.7363,3179,0.009537
babyvision,4,hierarchy,team,27,paraphrase,0.7018,0.2492,0.7414,2784,0.008352
babyvision,6,chain,team,27,paraphrase,0.6477,0.2254,0.7179,5510,0.01653
babyvision,6,star,team,27,paraphrase,0.6216,0.1846,0.8819,4592,0.013776
babyvision,6,full,team,27,paraphrase,0.6025,0.1779,0.7408,4837,0.014511
babyvision,6,hierarchy,team,27,paraphrase,0.7637,0.2384,0.7885,5301,0.015903
babyvision,8,chain,team,27,paraphrase,0.6475,0.2359,0.7804,5688,0.017064
babyvision,8,star,team,27,paraphrase,0.8265,0.1703,0.7375,5624,0.016872
babyvision,8,full,team,27,paraphrase,0.4285,0.2098,0.8785,6036,0.018108
babyvision,8,hierarchy,team,27,paraphrase,0.6314,0.2096,0.795,7819,0.023457
babyvision,1,none,single_llm,28,seed,1.4781,0.3507,0.572,850,0.00255
babyvision,4,none,ensemble,28,seed,0.9476,0.2052,0.6021,3567,0.010701
babyvision,6,none,ensemble,28,seed,1.0183,0.2269,0.7057,5374,0.016122
babyvision,8,none,ensemble,28,seed,0.5955,0.196,0.8511,6591,0.019773
babyvision,4,chain,team,28,seed,0.6671,0.2322,0.7911,2385,0.007155
babyvision,4,star,team,28,seed,0.7476,0.1826,0.6879,3226,0.009678
babyvision,4,full,team,28,seed,0.6864,0.1765,0.7626,2873,0.008619
babyvision,4,hierarchy,team,28,seed,0.6045,0.1799,0.803,3274,0.009822
babyvision,6,chain,team,28,seed,0.6147,0.1407,0.7359,5153,0.015459
babyvision,6,star,team,28,seed,0.6221,0.1332,0.6541,4476,0.013428
babyvision,6,full,team,28,seed,0.4933,0.096,0.774,5191,0.015573
babyvision,6,hierarchy,team,28,seed,0.5879,0.2018,0.6992,4653,0.013959
babyvision,8,chain,team,28,seed,0.3528,0.1438,0.7127,7220,0.02166
babyvision,8,star,team,28,seed,0.5376,0.1714,0.7735,5747,0.017241
babyvision,8,full,team,28,seed,0.3615,0.1215,0.8955,6663,0.019989
babyvision,8,hierarchy,team,28,seed,0.4792,0.1333,0.7834,7697,0.023091
babyvision,1,none,single_llm,28,paraphrase,1.515,0.4406,0.5027,823,0.002469
babyvision,4,none,ensemble,28,paraphrase,1.0893,0.2993,0.5594,3530,0.01059
babyvision,6,none,ensemble,28,paraphrase,0.9508,0.3447,0.7488,5049,0.015147
babyvision,8,none,ensemble,28,paraphrase,0.923,0.4383,0.7024,5702,0.017106
babyvision,4,chain,team,28,paraphrase,0.8319,0.3496,0.6353,2959,0.008877
babyvision,4,star,team,28,paraphrase,0.9206,0.2466,0.7245,3543,0.010629
babyvision,4,full,team,28,paraphrase,0.7083,0.1788,0.6706,3386,0.010158
babyvision,4,hierarchy,team,28,paraphrase,0.8559,0.2398,0.6621,3113,0.009339
babyvision,6,chain,team,28,paraphrase,0.8132,0.2088,0.6815,4228,0.012684
babyvision,6,star,team,28,paraphrase,0.6149,0.2258,0.8504,4904,0.014712
babyvision,6,full,team,28,paraphrase,0.6162,0.2268,0.7894,4522,0.013566
babyvision,6,hierarchy,team,28,paraphrase,0.9018,0.2213,0.7464,5064,0.015192
babyvision,8,chain,team,28,paraphrase,0.6613,0.2818,0.6955,6901,0.020703
babyvision,8,star,team,28,paraphrase,0.5931,0.2301,0.7443,6175,0.018525
babyvision,8,full,team,28,paraphrase,0.6199,0.1852,0.724,7261,0.021783
babyvision,8,hierarchy,team,28,paraphrase,0.6699,0.1979,0.7216,6633,0.019899
babyvision,1,none,single_llm,29,seed,1.3491,0.2694,0.5613,852,0.002556
babyvision,4,none,ensemble,29,seed,0.6677,0.2698,0.6917,3385,0.010155
babyvision,6,none,ensemble,29,seed,0.9645,0.2209,0.6276,3936,0.011808
babyvision,8,none,ensemble,29,seed,0.9311,0.2535,0.8001,5935,0.017805
babyvision,4,chain,team,29,seed,0.8604,0.1674,0.6965,3240,0.00972
babyvision,4,star,team,29,seed,0.7963,0.2647,0.758,2922,0.008766
babyvision,4,full,team,29,seed,0.6083,0.15,0.8911,3442,0.010326
babyvision,4,hierarchy,team,29,seed,0.8613,0.1979,0.7599,3423,0.010269
babyvision,6,chain,team,29,seed,0.571,0.1706,0.7209,4585,0.013755
babyvision,6,star,team,29,seed,0.5765,0.1194,0.7989,4936,0.014808
babyvision,6,full,team,29,seed,0.5237,0.0991,0.7999,4557,0.013671
babyvision,6,hierarchy,team,29,seed,0.5963,0.2062,0.712,5843,0.017529
babyvision,8,chain,team,29,seed,0.5394,0.1773,0.7274,7131,0.021393
babyvision,8,star,team,29,seed,0.4841,0.1151,0.7662,6228,0.018684
babyvision,8,full,team,29,seed,0.5085,0.1177,0.803,5944,0.017832
babyvision,8,hierarchy,team,29,seed,0.4397,0.1224,0.808,6823,0.020469
babyvision,1,none,single_llm,29,paraphrase,1.4496,0.4249,0.5218,786,0.002358
babyvision,4,none,ensemble,29,paraphrase,0.8209,0.3092,0.5875,2867,0.008601
babyvision,6,none,ensemble,29,paraphrase,0.8801,0.304,0.582,4458,0.013374
babyvision,8,none,ensemble,29,paraphrase,1.0657,0.1982,0.679,5653,0.016959
babyvision,4,chain,team,29,paraphrase,0.7848,0.2796,0.6506,3383,0.010149
babyvision,4,star,team,29,paraphrase,0.9451,0.2912,0.7812,2758,0.008274
babyvision,4,full,team,29,paraphrase,0.7557,0.2562,0.7836,3761,0.011283
babyvision,4,hierarchy,team,29,paraphrase,0.9369,0.3034,0.8517,3230,0.00969
babyvision,6,chain,team,29,paraphrase,0.6727,0.2493,0.6689,4832,0.014496
babyvision,6,star,team,29,paraphrase,0.4789,0.1911,0.7389,5255,0.015765
babyvision,6,full,team,29,paraphrase,0.7327,0.1537,0.8584,4871,0.014613
babyvision,6,hierarchy,team,29,paraphrase,0.6956,0.1575,0.7036,5303,0.015909
babyvision,8,chain,team,29,paraphrase,0.6436,0.2251,0.7364,5476,0.016428
babyvision,8,star,team,29,paraphrase,0.567,0.2472,0.8093,6319,0.018957
babyvision,8,full,team,29,paraphrase,0.703,0.1205,0.7164,7592,0.022776
babyvision,8,hierarchy,team,29,paraphrase,0.6545,0.1893,0.7422,5883,0.017649
babyvision,1,none,single_llm,30,seed,1.2915,0.3768,0.5364,707,0.002121
babyvision,4,none,ensemble,30,seed,0.9818,0.2335,0.5908,3605,0.010815
babyvision,6,none,ensemble,30,seed,1.1285,0.3344,0.729,4672,0.014016
babyvision,8,none,ensemble,30,seed,0.7916,0.2386,0.7048,7244,0.021732
babyvision,4,chain,team,30,seed,0.5764,0.2157,0.7801,2929,0.008787
babyvision,4,star,team,30,seed,0.706,0.2212,0.8459,2785,0.008355
babyvision,4,full,team,30,seed,0.5632,0.1397,0.7031,2730,0.00819
babyvision,4,hierarchy,team,30,seed,0.6527,0.2568,0.7444,3210,0.00963
babyvision,6,chain,team,30,seed,0.526,0.2076,0.8484,4373,0.013119
babyvision,6,star,team,30,seed,0.7441,0.1668,0.7855,4992,0.014976
babyvision,6,full,team,30,seed,0.5806,0.2065,0.8206,5059,0.015177
babyvision,6,hierarchy,team,30,seed,0.5494,0.1958,0.7268,4852,0.014556
babyvision,8,chain,team,30,seed,0.835,0.0607,0.7767,6573,0.019719
babyvision,8,star,team,30,seed,0.4739,0.1227,0.7996,6238,0.018714
babyvision,8,full,team,30,seed,0.4889,0.0913,0.9061,6238,0.018714
babyvision,8,hierarchy,team,30,seed,0.5736,0.1141,0.8317,6869,0.020607
babyvision,1,none,single_llm,30,paraphrase,1.3929,0.3634,0.4423,934,0.002802
babyvision,4,none,ensemble,30,paraphrase,0.9384,0.352,0.5533,3522,0.010566
babyvision,6,none,ensemble,30,paraphrase,0.8658,0.2491,0.6073,4534,0.013602
babyvision,8,none,ensemble,30,paraphrase,0.9286,0.2818,0.6243,6382,0.019146
babyvision,4,chain,team,30,paraphrase,0.7456,0.3132,0.7413,3192,0.009576
babyvision,4,star,team,30,paraphrase,0.8372,0.3276,0.7221,2897,0.008691
babyvision,4,full,team,30,paraphrase,0.8379,0.1922,0.7295,3008,0.009024
babyvision,4,hierarchy,team,30,paraphrase,0.7598,0.2575,0.765,3553,0.010659
babyvision,6,chain,team,30,paraphrase,0.7942,0.2557,0.7017,3668,0.011004
babyvision,6,star,team,30,paraphrase,0.6884,0.1211,0.6485,4722,0.014166
babyvision,6,full,team,30,paraphrase,0.6481,0.1742,0.8314,5021,0.015063
babyvision,6,hierarchy,team,30,paraphrase,0.6467,0.2777,0.8129,5046,0.015138
babyvision,8,chain,team,30,paraphrase,0.5491,0.1988,0.6527,6372,0.019116
babyvision,8,star,team,30,paraphrase,0.4717,0.1777,0.768,5130,0.01539
babyvision,8,full,team,30,paraphrase,0.4203,0.1506,0.7624,6083,0.018249
babyvision,8,hierarchy,team,30,paraphrase,0.5696,0.1726,0.6725,6057,0.018171
babyvision,1,none,single_llm,31,seed,1.218,0.3464,0.5428,833,0.002499
babyvision,4,none,ensemble,31,seed,1.0318,0.2283,0.5555,3606,0.010818
babyvision,6,none,ensemble,31,seed,0.9144,0.1895,0.7067,5312,0.015936
babyvision,8,none,ensemble,31,seed,1.0075,0.2309,0.7936,5625,0.016875
babyvision,4,chain,team,31,seed,0.7764,0.2141,0.7571,3715,0.011145
babyvision,4,star,team,31,seed,0.755,0.16,0.7068,3726,0.011178
babyvision,4,full,team,31,seed,0.7514,0.1954,0.7628,3285,0.009855
babyvision,4,hierarchy,team,31,seed,0.6513,0.223,0.7013,3085,0.009255
babyvision,6,chain,team,31,seed,0.5573,0.0519,0.7373,4368,0.013104
babyvision,6,star,team,31,seed,0.5506,0.1523,0.873,4946,0.014838
babyvision,6,full,team,31,seed,0.575,0.1521,0.8382,5018,0.015054
babyvision,6,hierarchy,team,31,seed,0.6198,0.1907,0.6533,5802,0.017406
babyvision,8,chain,team,31,seed,0.7056,0.1695,0.6943,7174,0.021522
babyvision,8,star,team,31,seed,0.4273,0.1522,0.7309,7824,0.023472
babyvision,8,full,team,31,seed,0.3224,0.1136,0.6989,6373,0.019119
babyvision,8,hierarchy,team,31,seed,0.4741,0.1863,0.7637,7128,0.021384
babyvision,1,none,single_llm,31,paraphrase,1.1764,0.4081,0.4767,839,0.002517
babyvision,4,none,ensemble,31,paraphrase,1.0742,0.3561,0.626,3411,0.010233
babyvision,6,none,ensemble,31,paraphrase,0.8404,0.3167,0.7465,3993,0.011979
babyvision,8,none,ensemble,31,paraphrase,0.9387,0.3122,0.7777,6864,0.020592
babyvision,4,chain,team,31,paraphrase,0.87,0.3047,0.6632,3075,0.009225
babyvision,4,star,team,31,paraphrase,0.6764,0.317,0.7525,2906,0.008718
babyvision,4,full,team,31,paraphrase,0.8071,0.2839,0.7896,2903,0.008709
babyvision,4,hierarchy,team,31,paraphrase,0.5166,0.2833,0.6757,3399,0.010197
babyvision,6,chain,team,31,paraphrase,0.7966,0.2868,0.8019,5393,0.016179
babyvision,6,star,team,31,paraphrase,0.8265,0.2674,0.8179,4780,0.01434
babyvision,6,full,team,31,paraphrase,0.4927,0.2915,0.7578,5389,0.016167
babyvision,6,hierarchy,team,31,paraphrase,0.6166,0.2608,0.6124,4602,0.013806
babyvision,8,chain,team,31,paraphrase,0.6168,0.2393,0.7786,5699,0.017097
babyvision,8,star,team,31,paraphrase,0.6427,0.2399,0.8723,6852,0.020556
babyvision,8,full,team,31,paraphrase,0.5007,0.12,0.8565,6871,0.020613
babyvision,8,hierarchy,team,31,paraphrase,0.5945,0.136,0.6984,6804,0.020412
babyvision,1,none,single_llm,32,seed,1.3031,0.2482,0.5793,674,0.002022
babyvision,4,none,ensemble,32,seed,1.1125,0.2704,0.6222,3516,0.010548
babyvision,6,none,ensemble,32,seed,0.9106,0.3035,0.6948,4866,0.014598
babyvision,8,none,ensemble,32,seed,0.7658,0.2315,0.8319,6078,0.018234
babyvision,4,chain,team,32,seed,0.8448,0.1923,0.6367,3266,0.009798
babyvision,4,star,team,32,seed,0.767,0.1931,0.6952,3297,0.009891
babyvision,4,full,team,32,seed,0.7266,0.1419,0.7123,3119,0.009357
babyvision,4,hierarchy,team,32,seed,0.8153,0.2242,0.716,3243,0.009729
babyvision,6,chain,team,32,seed,0.7103,0.1353,0.7578,5443,0.016329
babyvision,6,star,team,32,seed,0.4441,0.1985,0.8656,4693,0.014079
babyvision,6,full,team,32,seed,0.5073,0.1736,0.7853,3670,0.01101
babyvision,6,hierarchy,team,32,seed,0.5817,0.1811,0.8116,4377,0.013131
babyvision,8,chain,team,32,seed,0.5197,0.1999,0.762,5421,0.016263
babyvision,8,star,team,32,seed,0.6204,0.1223,0.8496,5506,0.016518
babyvision,8,full,team,32,seed,0.4546,0.1312,0.8006,5642,0.016926
babyvision,8,hierarchy,team,32,seed,0.278,0.2018,0.7974,7146,0.021438
babyvision,1,none,single_llm,32,paraphrase,1.4693,0.4608,0.4725,839,0.002517
babyvision,4,none,ensemble,32,paraphrase,1.2019,0.3242,0.7241,2720,0.00816
babyvision,6,none,ensemble,32,paraphrase,0.7554,0.3467,0.6009,5780,0.01734
babyvision,8,none,ensemble,32,paraphrase,1.0405,0.3577,0.7431,5810,0.01743
babyvision,4,chain,team,32,paraphrase,0.6941,0.3473,0.625,3707,0.011121
babyvision,4,star,team,32,paraphrase,0.877,0.2544,0.7521,3348,0.010044
babyvision,4,full,team,32,paraphrase,0.7598,0.2945,0.8096,3249,0.009747
babyvision,4,hierarchy,team,32,paraphrase,0.77,0.3197,0.6189,3342,0.010026
babyvision,6,chain,team,32,paraphrase,0.7756,0.2091,0.7633,4787,0.014361
babyvision,6,star,team,32,paraphrase,0.597,0.2508,0.6903,5217,0.015651
babyvision,6,full,team,32,paraphrase,0.4234,0.2037,0.7568,4540,0.01362
babyvision,6,hierarchy,team,32,paraphrase,0.7106,0.2191,0.7874,5068,0.015204
babyvision,8,chain,team,32,paraphrase,0.6719,0.2325,0.7014,6206,0.018618
babyvision,8,star,team,32,paraphrase,0.6015,0.1839,0.8106,6459,0.019377
babyvision,8,full,team,32,paraphrase,0.5843,0.1147,0.8122,6028,0.018084
babyvision,8,hierarchy,team,32,paraphrase,0.4924,0.2667,0.7799,7025,0.021075
babyvision,1,none,single_llm,33,seed,1.3182,0.3594,0.5154,862,0.002586
babyvision,4,none,ensemble,33,seed,1.0859,0.2566,0.7744,3136,0.009408
babyvision,6,none,ensemble,33,seed,0.7009,0.1512,0.5887,4601,0.013803
babyvision,8,none,ensemble,33,seed,0.7722,0.2525,0.7283,6939,0.020817
babyvision,4,chain,team,33,seed,0.7845,0.228,0.7111,3655,0.010965
babyvision,4,star,team,33,seed,0.5769,0.2096,0.7609,3450,0.01035
babyvision,4,full,team,33,seed,0.6979,0.1778,0.7667,3645,0.010935
babyvision,4,hierarchy,team,33,seed,0.7502,0.2863,0.7736,3206,0.009618
babyvision,6,chain,team,33,seed,0.6071,0.2048,0.7252,4869,0.014607
babyvision,6,star,team,33,seed,0.5724,0.1653,0.8021,4992,0.014976
babyvision,6,full,team,33,seed,0.5511,0.195,0.8158,6050,0.01815
babyvision,6,hierarchy,team,33,seed,0.5966,0.2006,0.7383,5472,0.016416
babyvision,8,chain,team,33,seed,0.4762,0.1791,0.7518,6689,0.020067
babyvision,8,star,team,33,seed,0.4732,0.0993,0.7814,7386,0.022158
babyvision,8,full,team,33,seed,0.5134,0.0593,0.8598,5829,0.017487
babyvision,8,hierarchy,team,33,seed,0.591,0.163,0.8158,7586,0.022758
babyvision,1,none,single_llm,33,paraphrase,1.2057,0.4616,0.5832,748,0.002244
babyvision,4,none,ensemble,33,paraphrase,0.9405,0.3056,0.6295,2748,0.008244
babyvision,6,none,ensemble,33,paraphrase,1.0144,0.2269,0.7276,5046,0.015138
babyvision,8,none,ensemble,33,paraphrase,1.1096,0.3118,0.6717,5888,0.017664
babyvision,4,chain,team,33,paraphrase,0.8839,0.2863,0.7593,2902,0.008706
babyvision,4,star,team,33,paraphrase,1.0121,0.3085,0.7198,3775,0.011325
babyvision,4,full,team,33,paraphrase,0.7017,0.2457,0.6762,3790,0.01137
babyvision,4,hierarchy,team,33,paraphrase,0.6653,0.2099,0.6883,3623,0.010869
babyvision,6,chain,team,33,paraphrase,0.7971,0.2471,0.7656,4744,0.014232
babyvision,6,star,team,33,paraphrase,0.6938,0.2783,0.7323,4432,0.013296
babyvision,6,full,team,33,paraphrase,0.6686,0.2219,0.7601,5281,0.015843
babyvision,6,hierarchy,team,33,paraphrase,0.6515,0.2273,0.7534,4937,0.014811
babyvision,8,chain,team,33,paraphrase,0.788,0.2356,0.7098,6737,0.020211
babyvision,8,star,team,33,paraphrase,0.6776,0.2218,0.7909,5441,0.016323
babyvision,8,full,team,33,paraphrase,0.2974,0.2218,0.7869,6386,0.019158
babyvision,8,hierarchy,team,33,paraphrase,0.6661,0.2779,0.8157,7015,0.021045
babyvision,1,none,single_llm,34,seed,1.117,0.3196,0.368,850,0.00255
babyvision,4,none,ensemble,34,seed,1.083,0.3195,0.6905,3150,0.00945
babyvision,6,none,ensemble,34,seed,0.8005,0.196,0.6802,4330,0.01299
babyvision,8,none,ensemble,34,seed,1.0107,0.1532,0.7182,5160,0.01548
babyvision,4,chain,team,34,seed,0.8097,0.2274,0.7222,2901,0.008703
babyvision,4,star,team,34,seed,0.7302,0.1757,0.7632,3826,0.011478
babyvision,4,full,team,34,seed,0.7172,0.1988,0.7568,2948,0.008844
babyvision,4,hierarchy,team,34,seed,0.7477,0.3077,0.7456,3315,0.009945
babyvision,6,chain,team,34,seed,0.5388,0.072,0.7151,5942,0.017826
babyvision,6,star,team,34,seed,0.6311,0.2179,0.7672,3668,0.011004
babyvision,6,full,team,34,seed,0.4307,0.1481,0.8065,4794,0.014382
babyvision,6,hierarchy,team,34,seed,0.5386,0.1998,0.7496,4947,0.014841
babyvision,8,chain,team,34,seed,0.5662,0.1461,0.7209,6126,0.018378
babyvision,8,star,team,34,seed,0.684,0.1753,0.846,5896,0.017688
babyvision,8,full,team,34,seed,0.3229,0.1547,0.8502,6487,0.019461
babyvision,8,hierarchy,team,34,seed,0.4796,0.0823,0.8284,7159,0.021477
babyvision,1,none,single_llm,34,paraphrase,1.2281,0.3792,0.5819,748,0.002244
babyvision,4,none,ensemble,34,paraphrase,1.2435,0.3145,0.5868,3214,0.009642
babyvision,6,none,ensemble,34,paraphrase,0.9018,0.3536,0.7031,5322,0.015966
babyvision,8,none,ensemble,34,paraphrase,0.9021,0.2555,0.6895,6127,0.018381
babyvision,4,chain,team,34,paraphrase,1.0067,0.3276,0.6954,2903,0.008709
babyvision,4,star,team,34,paraphrase,0.9641,0.263,0.7235,3695,0.011085
babyvision,4,full,team,34,paraphrase,0.729,0.2247,0.7285,2778,0.008334
babyvision,4,hierarchy,team,34,paraphrase,0.8616,0.237,0.6915,2974,0.008922
babyvision,6,chain,team,34,paraphrase,0.6429,0.2087,0.727,4725,0.014175
babyvision,6,star,team,34,paraphrase,0.6564,0.3064,0.7368,5090,0.01527
babyvision,6,full,team,34,paraphrase,0.6935,0.1897,0.7683,4809,0.014427
babyvision,6,hierarchy,team,34,paraphrase,0.6918,0.1988,0.7099,4808,0.014424
babyvision,8,chain,team,34,paraphrase,0.4295,0.2807,0.833,6509,0.019527
babyvision,8,star,team,34,paraphrase,0.6432,0.2341,0.6888,6994,0.020982
babyvision,8,full,team,34,paraphrase,0.504,0.2625,0.7556,6981,0.020943
babyvision,8,hierarchy,team,34,paraphrase,0.5788,0.2887,0.7194,7145,0.021435
babyvision,1,none,single_llm,35,seed,1.344,0.3893,0.551,746,0.002238
babyvision,4,none,ensemble,35,seed,0.6397,0.3137,0.6207,3574,0.010722
babyvision,6,none,ensemble,35,seed,0.9104,0.2973,0.7381,3616,0.010848
babyvision,8,none,ensemble,35,seed,0.8738,0.2011,0.7999,6778,0.020334
babyvision,4,chain,team,35,seed,0.8403,0.2166,0.6944,3061,0.009183
babyvision,4,star,team,35,seed,0.55,0.1739,0.6968,2739,0.008217
babyvision,4,full,team,35,seed,0.7116,0.1989,0.7784,3040,0.00912
babyvision,4,hierarchy,team,35,seed,0.6553,0.1948,0.7189,3179,0.009537
babyvision,6,chain,team,35,seed,0.4694,0.2103,0.7263,4980,0.01494
babyvision,6,star,team,35,seed,0.6603,0.1654,0.8246,3808,0.011424
babyvision,6,full,team,35,seed,0.4923,0.1764,0.8201,5687,0.017061
babyvision,6,hierarchy,team,35,seed,0.762,0.1742,0.762,4339,0.013017
babyvision,8,chain,team,35,seed,0.4991,0.1445,0.7353,5812,0.017436
babyvision,8,star,team,35,seed,0.5368,0.1987,0.8417,6193,0.018579
babyvision,8,full,team,35,seed,0.5681,0.1247,0.803,6334,0.019002
babyvision,8,hierarchy,team,35,seed,0.4967,0.1669,0.792,5933,0.017799
babyvision,1,none,single_llm,35,paraphrase,1.2135,0.4434,0.525,774,0.002322
babyvision,4,none,ensemble,35,paraphrase,0.8942,0.3825,0.6723,2564,0.007692
babyvision,6,none,ensemble,35,paraphrase,1.1089,0.2868,0.6614,5346,0.016038
babyvision,8,none,ensemble,35,paraphrase,1.0783,0.3285,0.7045,5519,0.016557
babyvision,4,chain,team,35,paraphrase,0.6574,0.3226,0.7671,2939,0.008817
babyvision,4,star,team,35,paraphrase,0.783,0.2352,0.7008,3543,0.010629
babyvision,4,full,team,35,paraphrase,0.8018,0.2283,0.8729,2740,0.00822
babyvision,4,hierarchy,team,35,paraphrase,0.8848,0.2255,0.7121,3247,0.009741
babyvision,6,chain,team,35,paraphrase,0.7861,0.2318,0.6963,4666,0.013998
babyvision,6,star,team,35,paraphrase,0.5436,0.2375,0.7587,5008,0.015024
babyvision,6,full,team,35,paraphrase,0.6146,0.1845,0.8134,5290,0.01587
babyvision,6,hierarchy,team,35,paraphrase,0.8131,0.2371,0.8023,4600,0.0138
babyvision,8,chain,team,35,paraphrase,0.6066,0.2686,0.7672,6214,0.018642
babyvision,8,star,team,35,paraphrase,0.472,0.1827,0.7208,7503,0.022509
babyvision,8,full,team,35,paraphrase,0.6227,0.1402,0.7128,5901,0.017703
babyvision,8,hierarchy,team,35,paraphrase,0.5408,0.1942,0.8007,5781,0.017343
babyvision,1,none,single_llm,36,seed,1.5934,0.3084,0.4364,935,0.002805
babyvision,4,none,ensemble,36,seed,1.1086,0.2509,0.6729,3330,0.00999
babyvision,6,none,ensemble,36,seed,0.8846,0.1724,0.5411,4394,0.013182
babyvision,8,none,ensemble,36,seed,1.0179,0.3111,0.7143,5786,0.017358
babyvision,4,chain,team,36,seed,0.8078,0.2451,0.77,2391,0.007173
babyvision,4,star,team,36,seed,1.0458,0.2428,0.7601,2970,0.00891
babyvision,4,full,team,36,seed,0.7987,0.1973,0.7846,3346,0.010038
babyvision,4,hierarchy,team,36,seed,0.7387,0.2236,0.7963,3309,0.009927
babyvision,6,chain,team,36,seed,0.6507,0.238,0.6748,4417,0.013251
babyvision,6,star,team,36,seed,0.5742,0.123,0.7648,5418,0.016254
babyvision,6,full,team,36,seed,0.5267,0.0591,0.7735,4827,0.014481
babyvision,6,hierarchy,team,36,seed,0.5956,0.1845,0.7983,4733,0.014199
babyvision,8,chain,team,36,seed,0.4274,0.1432,0.7339,6217,0.018651
babyvision,8,star,team,36,seed,0.5658,0.147,0.8362,6154,0.018462
babyvision,8,full,team,36,seed,0.6175,0.1377,0.8106,6786,0.020358
babyvision,8,hierarchy,team,36,seed,0.4491,0.0565,0.7547,6878,0.020634
babyvision,1,none,single_llm,36,paraphrase,1.342,0.4168,0.4357,643,0.001929
babyvision,4,none,ensemble,36,paraphrase,1.201,0.3096,0.5842,2985,0.008955
babyvision,6,none,ensemble,36,paraphrase,1.0987,0.3413,0.592,5358,0.016074
babyvision,8,none,ensemble,36,paraphrase,0.8626,0.2478,0.6724,5898,0.017694
babyvision,4,chain,team,36,paraphrase,0.7279,0.3185,0.689,3397,0.010191
babyvision,4,star,team,36,paraphrase,0.8387,0.2794,0.6277,2922,0.008766
babyvision,4,full,team,36,paraphrase,0.8369,0.1865,0.7587,2754,0.008262
babyvision,4,hierarchy,team,36,paraphrase,0.8316,0.3319,0.7587,2607,0.007821
babyvision,6,chain,team,36,paraphrase,0.7864,0.3151,0.8545,5028,0.015084
babyvision,6,star,team,36,paraphrase,0.5152,0.2296,0.8244,4710,0.01413
babyvision,6,full,team,36,paraphrase,0.7259,0.1587,0.7732,3605,0.010815
babyvision,6,hierarchy,team,36,paraphrase,0.5766,0.222,0.7165,4175,0.012525
babyvision,8,chain,team,36,paraphrase,0.5767,0.234,0.7207,6439,0.019317
babyvision,8,star,team,36,paraphrase,0.6499,0.1771,0.823,5766,0.017298
babyvision,8,full,team,36,paraphrase,0.7395,0.2154,0.7472,6214,0.018642
babyvision,8,hierarchy,team,36,paraphrase,0.6173,0.2248,0.7997,5542,0.016626
babyvision,1,none,single_llm,37,seed,1.3156,0.238,0.5226,916,0.002748
babyvision,4,none,ensemble,37,seed,0.7799,0.18,0.6632,3643,0.010929
babyvision,6,none,ensemble,37,seed,0.9072,0.142,0.589,4846,0.014538
babyvision,8,none,ensemble,37,seed,0.6585,0.2252,0.7418,6086,0.018258
babyvision,4,chain,team,37,seed,0.9615,0.2511,0.8006,3494,0.010482
babyvision,4,star,team,37,seed,0.715,0.1897,0.7551,3417,0.010251
babyvision,4,full,team,37,seed,0.635,0.2465,0.7427,3268,0.009804
babyvision,4,hierarchy,team,37,seed,0.7271,0.1895,0.8686,3059,0.009177
babyvision,6,chain,team,37,seed,0.5911,0.1557,0.7567,4751,0.014253
babyvision,6,star,team,37,seed,0.4597,0.1353,0.8151,5292,0.015876
babyvision,6,full,team,37,seed,0.544,0.1346,0.7766,4558,0.013674
babyvision,6,hierarchy,team,37,seed,0.4996,0.1,0.7395,5233,0.015699
babyvision,8,chain,team,37,seed,0.5042,0.147,0.7467,7196,0.021588
babyvision,8,star,team,37,seed,0.4038,0.1419,0.7916,6443,0.019329
babyvision,8,full,team,37,seed,0.4911,0.1131,0.8447,6381,0.019143
babyvision,8,hierarchy,team,37,seed,0.6911,0.1426,0.6998,6808,0.020424
babyvision,1,none,single_llm,37,paraphrase,1.3888,0.427,0.4768,630,0.00189
babyvision,4,none,ensemble,37,paraphrase,0.7964,0.4024,0.5749,3508,0.010524
babyvision,6,none,ensemble,37,paraphrase,0.7558,0.2449,0.6907,4750,0.01425
babyvision,8,none,ensemble,37,paraphrase,0.9445,0.2777,0.6775,5964,0.017892
babyvision,4,chain,team,37,paraphrase,0.7406,0.3436,0.7784,2867,0.008601
babyvision,4,star,team,37,paraphrase,0.6996,0.2436,0.747,3141,0.009423
babyvision,4,full,team,37,paraphrase,0.83,0.2355,0.7343,3972,0.011916
babyvision,4,hierarchy,team,37,paraphrase,0.7775,0.3331,0.7923,3361,0.010083
babyvision,6,chain,team,37,paraphrase,0.509,0.2435,0.6889,4809,0.014427
babyvision,6,star,team,37,paraphrase,0.5453,0.2425,0.7939,5361,0.016083
babyvision,6,full,team,37,paraphrase,0.5834,0.1499,0.7722,5642,0.016926
babyvision,6,hierarchy,team,37,paraphrase,0.6785,0.2403,0.7229,4558,0.013674
babyvision,8,chain,team,37,paraphrase,0.6925,0.2166,0.7452,6724,0.020172
babyvision,8,star,team,37,paraphrase,0.6114,0.2131,0.7123,5815,0.017445
babyvision,8,full,team,37,paraphrase,0.5424,0.1701,0.7389,6554,0.019662
babyvision,8,hierarchy,team,37,paraphrase,0.6875,0.2483,0.8156,5558,0.016674
babyvision,1,none,single_llm,38,seed,1.0756,0.3476,0.5406,780,0.00234
babyvision,4,none,ensemble,38,seed,0.8837,0.2448,0.679,2774,0.008322
babyvision,6,none,ensemble,38,seed,1.1494,0.2383,0.7531,4521,0.013563
babyvision,8,none,ensemble,38,seed,0.8689,0.2233,0.7814,6272,0.018816
babyvision,4,chain,team,38,seed,0.9352,0.1678,0.7875,3237,0.009711
babyvision,4,star,team,38,seed,0.6282,0.2756,0.8624,2536,0.007608
babyvision,4,full,team,38,seed,0.7177,0.2057,0.8021,3684,0.011052
babyvision,4,hierarchy,team,38,seed,0.8808,0.2181,0.8739,3499,0.010497
babyvision,6,chain,team,38,seed,0.5865,0.1601,0.8168,4419,0.013257
babyvision,6,star,team,38,seed,0.5306,0.1427,0.8024,4707,0.014121
babyvision,6,full,team,38,seed,0.4099,0.1787,0.7744,5769,0.017307
babyvision,6,hierarchy,team,38,seed,0.622,0.2129,0.8062,5431,0.016293
babyvision,8,chain,team,38,seed,0.6037,0.1702,0.8197,7991,0.023973
babyvision,8,star,team,38,seed,0.4697,0.1626,0.7947,6723,0.020169
babyvision,8,full,team,38,seed,0.4709,0.0245,0.795,7039,0.021117
babyvision,8,hierarchy,team,38,seed,0.4401,0.1777,0.7942,6277,0.018831
babyvision,1,none,single_llm,38,paraphrase,1.4659,0.4659,0.5244,881,0.002643
babyvision,4,none,ensemble,38,paraphrase,1.0544,0.2378,0.5873,2622,0.007866
babyvision,6,none,ensemble,38,paraphrase,1.0271,0.3421,0.7065,5034,0.015102
babyvision,8,none,ensemble,38,paraphrase,0.9962,0.1995,0.6835,5494,0.016482
babyvision,4,chain,team,38,paraphrase,0.8242,0.3522,0.7547,3411,0.010233
babyvision,4,star,team,38,paraphrase,0.7918,0.2178,0.7394,3555,0.010665
babyvision,4,full,team,38,paraphrase,0.821,0.1741,0.7452,2587,0.007761
babyvision,4,hierarchy,team,38,paraphrase,0.9104,0.2398,0.6588,3461,0.010383
babyvision,6,chain,team,38,paraphrase,0.7575,0.2515,0.8242,5104,0.015312
babyvision,6,star,team,38,paraphrase,0.5871,0.233,0.7303,5408,0.016224
babyvision,6,full,team,38,paraphrase,0.6497,0.2074,0.6825,4829,0.014487
babyvision,6,hierarchy,team,38,paraphrase,0.666,0.1813,0.7235,5009,0.015027
babyvision,8,chain,team,38,paraphrase,0.6262,0.1643,0.7113,6100,0.0183
babyvision,8,star,team,38,paraphrase,0.596,0.1943,0.7344,6111,0.018333
babyvision,8,full,team,38,paraphrase,0.5534,0.2094,0.7789,7310,0.02193
babyvision,8,hierarchy,team,38,paraphrase,0.71,0.2607,0.8134,7400,0.0222
babyvision,1,none,single_llm,39,seed,1.077,0.4038,0.6203,911,0.002733
babyvision,4,none,ensemble,39,seed,0.8575,0.2929,0.6545,3791,0.011373
babyvision,6,none,ensemble,39,seed,0.7017,0.1988,0.5814,4869,0.014607
babyvision,8,none,ensemble,39,seed,1.0717,0.2161,0.7361,6752,0.020256
babyvision,4,chain,team,39,seed,0.7684,0.2421,0.7596,2929,0.008787
babyvision,4,star,team,39,seed,0.7206,0.2272,0.8164,3615,0.010845
babyvision,4,full,team,39,seed,0.7335,0.1917,0.8175,3009,0.009027
babyvision,4,hierarchy,team,39,seed,0.6864,0.2025,0.6962,3330,0.00999
babyvision,6,chain,team,39,seed,0.7265,0.1538,0.7764,4498,0.013494
babyvision,6,star,team,39,seed,0.4699,0.2345,0.7345,4185,0.012555
babyvision,6,full,team,39,seed,0.5631,0.143,0.828,5760,0.01728
babyvision,6,hierarchy,team,39,seed,0.5139,0.1391,0.8551,5250,0.01575
babyvision,8,chain,team,39,seed,0.6267,0.1372,0.8213,6914,0.020742
babyvision,8,star,team,39,seed,0.5156,0.1074,0.8003,7455,0.022365
babyvision,8,full,team,39,seed,0.3573,0.0788,0.7736,6137,0.018411
babyvision,8,hierarchy,team,39,seed,0.5151,0.1792,0.8081,6438,0.019314
babyvision,1,none,single_llm,39,paraphrase,1.3715,0.4624,0.3773,885,0.002655
babyvision,4,none,ensemble,39,paraphrase,0.9308,0.2978,0.6304,3175,0.009525
babyvision,6,none,ensemble,39,paraphrase,1.0066,0.3044,0.6326,5533,0.016599
babyvision,8,none,ensemble,39,paraphrase,0.965,0.2934,0.7316,5948,0.017844
babyvision,4,chain,team,39,paraphrase,1.0775,0.244,0.7057,3108,0.009324
babyvision,4,star,team,39,paraphrase,0.7776,0.2393,0.6914,3580,0.01074
babyvision,4,full,team,39,paraphrase,0.6595,0.2768,0.7724,3078,0.009234
babyvision,4,hierarchy,team,39,paraphrase,0.8833,0.2612,0.6649,2851,0.008553
babyvision,6,chain,team,39,paraphrase,0.7671,0.2664,0.7267,4612,0.013836
babyvision,6,star,team,39,paraphrase,0.6326,0.1992,0.6573,4829,0.014487
babyvision,6,full,team,39,paraphrase,0.6738,0.1949,0.8431,4317,0.012951
babyvision,6,hierarchy,team,39,paraphrase,0.6055,0.2276,0.7468,3887,0.011661
babyvision,8,chain,team,39,paraphrase,0.6869,0.2308,0.619,6325,0.018975
babyvision,8,star,team,39,paraphrase,0.4958,0.1727,0.6881,6666,0.019998
babyvision,8,full,team,39,paraphrase,0.7228,0.1814,0.657,6582,0.019746
babyvision,8,hierarchy,team,39,paraphrase,0.5772,0.1568,0.7627,6963,0.020889
babyvision,1,none,single_llm,40,seed,1.1497,0.2664,0.3942,746,0.002238
babyvision,4,none,ensemble,40,seed,0.9313,0.2342,0.609,3381,0.010143
babyvision,6,none,ensemble,40,seed,0.9237,0.2473,0.739,4484,0.013452
babyvision,8,none,ensemble,40,seed,0.6687,0.1922,0.6945,5087,0.015261
babyvision,4,chain,team,40,seed,0.7254,0.2717,0.78,3368,0.010104
babyvision,4,star,team,40,seed,0.7432,0.2555,0.717,2891,0.008673
babyvision,4,full,team,40,seed,0.8124,0.1786,0.7464,3376,0.010128
babyvision,4,hierarchy,team,40,seed,0.7062,0.174,0.7167,3302,0.009906
babyvision,6,chain,team,40,seed,0.6422,0.2429,0.7401,4652,0.013956
babyvision,6,star,team,40,seed,0.7156,0.1917,0.7919,4050,0.01215
babyvision,6,full,team,40,seed,0.4604,0.0901,0.7964,4555,0.013665
babyvision,6,hierarchy,team,40,seed,0.7519,0.0994,0.7166,4917,0.014751
babyvision,8,chain,team,40,seed,0.5988,0.0573,0.6782,6231,0.018693
babyvision,8,star,team,40,seed,0.6323,0.2063,0.7743,6290,0.01887
babyvision,8,full,team,40,seed,0.383,0.1362,0.8814,7203,0.021609
babyvision,8,hierarchy,team,40,seed,0.5138,0.1073,0.7854,7283,0.021849
babyvision,1,none,single_llm,40,paraphrase,1.2699,0.3161,0.4698,777,0.002331
babyvision,4,none,ensemble,40,paraphrase,0.8114,0.3316,0.6404,3795,0.011385
babyvision,6,none,ensemble,40,paraphrase,0.7883,0.3338,0.708,5049,0.015147
babyvision,8,none,ensemble,40,paraphrase,0.7592,0.2251,0.6958,6457,0.019371
babyvision,4,chain,team,40,paraphrase,0.8041,0.3392,0.68,2594,0.007782
babyvision,4,star,team,40,paraphrase,0.7876,0.2767,0.7471,3306,0.009918
babyvision,4,full,team,40,paraphrase,0.9294,0.1929,0.7188,3694,0.011082
babyvision,4,hierarchy,team,40,paraphrase,0.6333,0.2654,0.7814,3588,0.010764
babyvision,6,chain,team,40,paraphrase,0.7676,0.2697,0.6626,5459,0.016377
babyvision,6,star,team,40,paraphrase,0.5316,0.1666,0.764,4563,0.013689
babyvision,6,full,team,40,paraphrase,0.6423,0.2095,0.8435,5008,0.015024
babyvision,6,hierarchy,team,40,paraphrase,0.6097,0.2493,0.693,5238,0.015714
babyvision,8,chain,team,40,paraphrase,0.6331,0.2369,0.636,4959,0.014877
babyvision,8,star,team,40,paraphrase,0.4265,0.2607,0.6976,6868,0.020604
babyvision,8,full,team,40,paraphrase,0.4825,0.1612,0.7628,7452,0.022356
babyvision,8,hierarchy,team,40,paraphrase,0.6551,0.2162,0.8098,5994,0.017982
babyvision,1,none,single_llm,41,seed,1.4103,0.4191,0.5973,787,0.002361
babyvision,4,none,ensemble,41,seed,0.8975,0.2165,0.6016,2906,0.008718
babyvision,6,none,ensemble,41,seed,0.9122,0.2259,0.7159,5034,0.015102
babyvision,8,none,ensemble,41,seed,0.6728,0.1638,0.7163,5903,0.017709
babyvision,4,chain,team,41,seed,0.692,0.2953,0.6633,3847,0.011541
babyvision,4,star,team,41,seed,0.7589,0.2369,0.8134,3397,0.010191
babyvision,4,full,team,41,seed,0.8662,0.1342,0.7722,2927,0.008781
babyvision,4,hierarchy,team,41,seed,0.5804,0.1811,0.8536,3144,0.009432
babyvision,6,chain,team,41,seed,0.8199,0.2657,0.9044,5714,0.017142
babyvision,6,star,team,41,seed,0.8074,0.1652,0.796,4941,0.014823
babyvision,6,full,team,41,seed,0.5416,0.1382,0.8322,4576,0.013728
babyvision,6,hierarchy,team,41,seed,0.4538,0.1768,0.74,4517,0.013551
babyvision,8,chain,team,41,seed,0.5324,0.1459,0.8205,6293,0.018879
babyvision,8,star,team,41,seed,0.6127,0.1391,0.7906,6501,0.019503
babyvision,8,full,team,41,seed,0.3375,0.1244,0.8475,7034,0.021102
babyvision,8,hierarchy,team,41,seed,0.3814,0.0801,0.7582,7286,0.021858
babyvision,1,none,single_llm,41,paraphrase,1.3631,0.3785,0.3933,745,0.002235
babyvision,4,none,ensemble,41,paraphrase,0.9398,0.3668,0.6708,2864,0.008592
babyvision,6,none,ensemble,41,paraphrase,1.0386,0.3298,0.5792,4759,0.014277
babyvision,8,none,ensemble,41,paraphrase,0.9209,0.2865,0.5874,6483,0.019449
babyvision,4,chain,team,41,paraphrase,0.9236,0.3507,0.6666,3025,0.009075
babyvision,4,star,team,41,paraphrase,0.7891,0.2691,0.7349,3393,0.010179
babyvision,4,full,team,41,paraphrase,0.6675,0.2534,0.7029,3154,0.009462
babyvision,4,hierarchy,team,41,paraphrase,1.0008,0.2116,0.706,2792,0.008376
babyvision,6,chain,team,41,paraphrase,0.7169,0.2842,0.7231,4743,0.014229
babyvision,6,star,team,41,paraphrase,0.7844,0.2255,0.7856,5143,0.015429
babyvision,6,full,team,41,paraphrase,0.334,0.1892,0.7007,4401,0.013203
babyvision,6,hierarchy,team,41,paraphrase,0.8191,0.2072,0.8293,4124,0.012372
babyvision,8,chain,team,41,paraphrase,0.5183,0.2513,0.7079,6596,0.019788
babyvision,8,star,team,41,paraphrase,0.5654,0.1851,0.7398,6514,0.019542
babyvision,8,full,team,41,paraphrase,0.6108,0.2354,0.7549,6148,0.018444
babyvision,8,hierarchy,team,41,paraphrase,0.5444,0.2596,0.7795,5184,0.015552
babyvision,1,none,single_llm,42,seed,0.9585,0.3152,0.5511,797,0.002391
babyvision,4,none,ensemble,42,seed,1.0118,0.2512,0.7338,3447,0.010341
babyvision,6,none,ensemble,42,seed,0.8775,0.2945,0.5911,4759,0.014277
babyvision,8,none,ensemble,42,seed,0.8165,0.2484,0.6271,6233,0.018699
babyvision,4,chain,team,42,seed,0.82,0.2466,0.7993,3443,0.010329
babyvision,4,star,team,42,seed,0.7239,0.2245,0.7599,3246,0.009738
babyvision,4,full,team,42,seed,0.7795,0.1757,0.7981,3507,0.010521
babyvision,4,hierarchy,team,42,seed,0.8212,0.2568,0.8764,3424,0.010272
babyvision,6,chain,team,42,seed,0.5755,0.2027,0.7781,5094,0.015282
babyvision,6,star,team,42,seed,0.7211,0.0849,0.8603,5688,0.017064
babyvision,6,full,team,42,seed,0.5984,0.1559,0.7825,4803,0.014409
babyvision,6,hierarchy,team,42,seed,0.6614,0.1876,0.8107,5100,0.0153
babyvision,8,chain,team,42,seed,0.6365,0.1923,0.7138,6932,0.020796
babyvision,8,star,team,42,seed,0.6825,0.1298,0.87,5812,0.017436
babyvision,8,full,team,42,seed,0.4637,0.0852,0.874,7449,0.022347
babyvision,8,hierarchy,team,42,seed,0.5067,0.1877,0.8675,6378,0.019134
babyvision,1,none,single_llm,42,paraphrase,1.3495,0.469,0.436,808,0.002424
babyvision,4,none,ensemble,42,paraphrase,1.2871,0.295,0.6612,3367,0.010101
babyvision,6,none,ensemble,42,paraphrase,0.9285,0.3084,0.7552,5065,0.015195
babyvision,8,none,ensemble,42,paraphrase,0.9652,0.3584,0.6726,5729,0.017187
babyvision,4,chain,team,42,paraphrase,1.0368,0.293,0.7447,2956,0.008868
babyvision,4,star,team,42,paraphrase,0.8489,0.2136,0.7332,2992,0.008976
babyvision,4,full,team,42,paraphrase,0.6922,0.2254,0.6253,2828,0.008484
babyvision,4,hierarchy,team,42,paraphrase,0.9082,0.2814,0.6663,3375,0.010125
babyvision,6,chain,team,42,paraphrase,0.6138,0.2711,0.7088,4643,0.013929
babyvision,6,star,team,42,paraphrase,0.6425,0.3146,0.7067,4908,0.014724
babyvision,6,full,team,42,paraphrase,0.6997,0.1537,0.6749,4511,0.013533
babyvision,6,hierarchy,team,42,paraphrase,0.7475,0.2086,0.7231,5237,0.015711
babyvision,8,chain,team,42,paraphrase,0.546,0.2173,0.6493,6605,0.019815
babyvision,8,star,team,42,paraphrase,0.5996,0.2227,0.6977,6277,0.018831
babyvision,8,full,team,42,paraphrase,0.4188,0.161,0.8391,6194,0.018582
babyvision,8,hierarchy,team,42,paraphrase,0.4601,0.1736,0.6645,5570,0.01671
babyvision,1,none,single_llm,43,seed,1.3506,0.2782,0.5569,802,0.002406
babyvision,4,none,ensemble,43,seed,0.8862,0.2714,0.5937,3469,0.010407
babyvision,6,none,ensemble,43,seed,0.7844,0.218,0.6597,5130,0.01539
babyvision,8,none,ensemble,43,seed,0.8653,0.0872,0.7453,5283,0.015849
babyvision,4,chain,team,43,seed,0.7459,0.2232,0.7224,3360,0.01008
babyvision,4,star,team,43,seed,0.802,0.1666,0.7295,3188,0.009564
babyvision,4,full,team,43,seed,0.5456,0.1584,0.8474,2717,0.008151
babyvision,4,hierarchy,team,43,seed,0.716,0.1838,0.8603,3027,0.009081
babyvision,6,chain,team,43,seed,0.5736,0.141,0.7551,4929,0.014787
babyvision,6,star,team,43,seed,0.483,0.1918,0.7982,5208,0.015624
babyvision,6,full,team,43,seed,0.5088,0.142,0.784,5499,0.016497
babyvision,6,hierarchy,team,43,seed,0.6032,0.1626,0.7517,4552,0.013656
babyvision,8,chain,team,43,seed,0.5704,0.1936,0.7308,6481,0.019443
babyvision,8,star,team,43,seed,0.5151,0.1452,0.7096,5808,0.017424
babyvision,8,full,team,43,seed,0.3301,0.1121,0.76,6082,0.018246
babyvision,8,hierarchy,team,43,seed,0.3972,0.1247,0.7288,6885,0.020655
babyvision,1,none,single_llm,43,paraphrase,1.4019,0.434,0.4739,636,0.001908
babyvision,4,none,ensemble,43,paraphrase,0.975,0.2819,0.6248,3398,0.010194
babyvision,6,none,ensemble,43,paraphrase,0.9871,0.3604,0.6159,4507,0.013521
babyvision,8,none,ensemble,43,paraphrase,1.0045,0.2866,0.6752,7581,0.022743
babyvision,4,chain,team,43,paraphrase,0.9178,0.2799,0.6657,3624,0.010872
babyvision,4,star,team,43,paraphrase,0.8307,0.2585,0.7638,3481,0.010443
babyvision,4,full,team,43,paraphrase,0.835,0.2729,0.7626,3377,0.010131
babyvision,4,hierarchy,team,43,paraphrase,0.7568,0.3399,0.6583,3299,0.009897
babyvision,6,chain,team,43,paraphrase,0.5679,0.2383,0.6861,4865,0.014595
babyvision,6,star,team,43,paraphrase,0.6858,0.174,0.7432,5468,0.016404
babyvision,6,full,team,43,paraphrase,0.4904,0.1581,0.7977,4837,0.014511
babyvision,6,hierarchy,team,43,paraphrase,0.6867,0.2631,0.6949,4550,0.01365
babyvision,8,chain,team,43,paraphrase,0.5624,0.2069,0.792,5311,0.015933
babyvision,8,star,team,43,paraphrase,0.4572,0.1362,0.8251,6006,0.018018
babyvision,8,full,team,43,paraphrase,0.514,0.1062,0.7519,6954,0.020862
babyvision,8,hierarchy,team,43,paraphrase,0.622,0.1965,0.6668,6190,0.01857
babyvision,1,none,single_llm,44,seed,1.272,0.3055,0.5808,870,0.00261
babyvision,4,none,ensemble,44,seed,0.8866,0.2963,0.6434,3567,0.010701
babyvision,6,none,ensemble,44,seed,1.1123,0.1826,0.7362,5426,0.016278
babyvision,8,none,ensemble,44,seed,0.6835,0.1896,0.6948,6315,0.018945
babyvision,4,chain,team,44,seed,0.7444,0.2196,0.7819,2593,0.007779
babyvision,4,star,team,44,seed,0.6326,0.2243,0.7976,2861,0.008583
babyvision,4,full,team,44,seed,0.756,0.2306,0.7775,2877,0.008631
babyvision,4,hierarchy,team,44,seed,0.8375,0.2764,0.7157,3212,0.009636
babyvision,6,chain,team,44,seed,0.7306,0.1869,0.6673,5012,0.015036
babyvision,6,star,team,44,seed,0.4737,0.1014,0.6982,5371,0.016113
babyvision,6,full,team,44,seed,0.4581,0.1456,0.8236,4877,0.014631
babyvision,6,hierarchy,team,44,seed,0.6213,0.1775,0.7815,4435,0.013305
babyvision,8,chain,team,44,seed,0.4617,0.1566,0.7587,6674,0.020022
babyvision,8,star,team,44,seed,0.6068,0.1446,0.7545,5004,0.015012
babyvision,8,full,team,44,seed,0.3898,0.0571,0.7685,6555,0.019665
babyvision,8,hierarchy,team,44,seed,0.5251,0.2152,0.8092,7621,0.022863
babyvision,1,none,single_llm,44,paraphrase,1.4373,0.4901,0.4699,714,0.002142
babyvision,4,none,ensemble,44,paraphrase,0.9761,0.3194,0.5723,2879,0.008637
babyvision,6,none,ensemble,44,paraphrase,0.9982,0.247,0.558,4261,0.012783
babyvision,8,none,ensemble,44,paraphrase,0.8519,0.2288,0.6763,6784,0.020352
babyvision,4,chain,team,44,paraphrase,0.9174,0.2611,0.6348,3015,0.009045
babyvision,4,star,team,44,paraphrase,0.8756,0.2931,0.7476,3584,0.010752
babyvision,4,full,team,44,paraphrase,0.9529,0.2182,0.8143,3116,0.009348
babyvision,4,hierarchy,team,44,paraphrase,0.932,0.2958,0.6211,2890,0.00867
babyvision,6,chain,team,44,paraphrase,0.5795,0.171,0.7586,5793,0.017379
babyvision,6,star,team,44,paraphrase,0.6258,0.2464,0.8189,4899,0.014697
babyvision,6,full,team,44,paraphrase,0.6191,0.1824,0.7815,5219,0.015657
babyvision,6,hierarchy,team,44,paraphrase,0.7178,0.2393,0.7321,4035,0.012105
babyvision,8,chain,team,44,paraphrase,0.7164,0.1694,0.756,6883,0.020649
babyvision,8,star,team,44,paraphrase,0.4626,0.1665,0.8611,6349,0.019047
babyvision,8,full,team,44,paraphrase,0.4246,0.2029,0.7264,5170,0.01551
babyvision,8,hierarchy,team,44,paraphrase,0.6486,0.1642,0.7611,5879,0.017637
babyvision,1,none,single_llm,45,seed,1.3561,0.376,0.3538,830,0.00249
babyvision,4,none,ensemble,45,seed,0.9152,0.3308,0.6737,3441,0.010323
babyvision,6,none,ensemble,45,seed,0.7829,0.1978,0.6885,4626,0.013878
babyvision,8,none,ensemble,45,seed,0.9606,0.2107,0.6565,5870,0.01761
babyvision,4,chain,team,45,seed,0.8765,0.2208,0.729,3539,0.010617
babyvision,4,star,team,45,seed,0.6385,0.1081,0.7274,3277,0.009831
babyvision,4,full,team,45,seed,0.675,0.1151,0.8308,3252,0.009756
babyvision,4,hierarchy,team,45,seed,0.7889,0.2243,0.6951,3296,0.009888
babyvision,6,chain,team,45,seed,0.7123,0.2279,0.7907,5046,0.015138
babyvision,6,star,team,45,seed,0.3979,0.1516,0.7368,5415,0.016245
babyvision,6,full,team,45,seed,0.6546,0.0942,0.7923,4919,0.014757
babyvision,6,hierarchy,team,45,seed,0.6817,0.0952,0.6641,4818,0.014454
babyvision,8,chain,team,45,seed,0.2935,0.1672,0.7946,7191,0.021573
babyvision,8,star,team,45,seed,0.4344,0.1373,0.8276,5647,0.016941
babyvision,8,full,team,45,seed,0.5582,0.1218,0.7747,6490,0.01947
babyvision,8,hierarchy,team,45,seed,0.5027,0.172,0.767,6545,0.019635
babyvision,1,none,single_llm,45,paraphrase,1.2369,0.3687,0.507,728,0.002184
babyvision,4,none,ensemble,45,paraphrase,1.1261,0.3496,0.5641,3268,0.009804
babyvision,6,none,ensemble,45,paraphrase,0.8558,0.2171,0.6142,4775,0.014325
babyvision,8,none,ensemble,45,paraphrase,0.9426,0.2858,0.7445,5772,0.017316
babyvision,4,chain,team,45,paraphrase,0.8223,0.3533,0.6034,3055,0.009165
babyvision,4,star,team,45,paraphrase,0.7029,0.2497,0.7083,3392,0.010176
babyvision,4,full,team,45,paraphrase,0.8056,0.1853,0.7106,3199,0.009597
babyvision,4,hierarchy,team,45,paraphrase,0.9039,0.3648,0.7551,2876,0.008628
babyvision,6,chain,team,45,paraphrase,0.6922,0.2495,0.6887,5025,0.015075
babyvision,6,star,team,45,paraphrase,0.4245,0.2344,0.7208,4747,0.014241
babyvision,6,full,team,45,paraphrase,0.7682,0.1418,0.7683,5181,0.015543
babyvision,6,hierarchy,team,45,paraphrase,0.6886,0.1577,0.8021,4698,0.014094
babyvision,8,chain,team,45,paraphrase,0.5739,0.2084,0.7059,5638,0.016914
babyvision,8,star,team,45,paraphrase,0.5932,0.1669,0.7885,6731,0.020193
babyvision,8,full,team,45,paraphrase,0.7092,0.1624,0.7248,5459,0.016377
babyvision,8,hierarchy,team,45,paraphrase,0.816,0.2273,0.7104,7483,0.022449
babyvision,1,none,single_llm,46,seed,1.4534,0.2839,0.4823,789,0.002367
babyvision,4,none,ensemble,46,seed,0.8216,0.2552,0.6927,2760,0.00828
babyvision,6,none,ensemble,46,seed,0.9033,0.2957,0.714,4763,0.014289
babyvision,8,none,ensemble,46,seed,0.7198,0.2599,0.6594,6555,0.019665
babyvision,4,chain,team,46,seed,0.7826,0.2725,0.7109,3040,0.00912
babyvision,4,star,team,46,seed,0.6058,0.215,0.7488,2924,0.008772
babyvision,4,full,team,46,seed,0.6233,0.199,0.7249,2875,0.008625
babyvision,4,hierarchy,team,46,seed,0.8396,0.2009,0.8078,3085,0.009255
babyvision,6,chain,team,46,seed,0.6215,0.1885,0.824,5426,0.016278
babyvision,6,star,team,46,seed,0.6869,0.1271,0.7353,5165,0.015495
babyvision,6,full,team,46,seed,0.6793,0.1788,0.7953,5149,0.015447
babyvision,6,hierarchy,team,46,seed,0.6661,0.1682,0.7842,4847,0.014541
babyvision,8,chain,team,46,seed,0.4679,0.1334,0.7299,5376,0.016128
babyvision,8,star,team,46,seed,0.511,0.1292,0.8331,7206,0.021618
babyvision,8,full,team,46,seed,0.5991,0.1676,0.7671,5483,0.016449
babyvision,8,hierarchy,team,46,seed,0.6097,0.1961,0.8628,6710,0.02013
babyvision,1,none,single_llm,46,paraphrase,1.0305,0.4469,0.5339,900,0.0027
babyvision,4,none,ensemble,46,paraphrase,1.2016,0.3655,0.5748,2870,0.00861
babyvision,6,none,ensemble,46,paraphrase,1.0123,0.2577,0.7385,3981,0.011943
babyvision,8,none,ensemble,46,paraphrase,0.948,0.2943,0.6776,5807,0.017421
babyvision,4,chain,team,46,paraphrase,0.6538,0.2662,0.6743,3555,0.010665
babyvision,4,star,team,46,paraphrase,0.7317,0.2756,0.6654,3353,0.010059
babyvision,4,full,team,46,paraphrase,0.5562,0.3213,0.7329,2305,0.006915
babyvision,4,hierarchy,team,46,paraphrase,0.7582,0.2325,0.6872,3083,0.009249
babyvision,6,chain,team,46,paraphrase,0.6353,0.2096,0.6567,5194,0.015582
babyvision,6,star,team,46,paraphrase,0.7717,0.2021,0.7437,4259,0.012777
babyvision,6,full,team,46,paraphrase,0.6287,0.2014,0.7437,4990,0.01497
babyvision,6,hierarchy,team,46,paraphrase,0.7025,0.1801,0.7943,4700,0.0141
babyvision,8,chain,team,46,paraphrase,0.7942,0.2377,0.8235,7152,0.021456
babyvision,8,star,team,46,paraphrase,0.5994,0.1619,0.7199,6741,0.020223
babyvision,8,full,team,46,paraphrase,0.561,0.1473,0.8067,6424,0.019272
babyvision,8,hierarchy,team,46,paraphrase,0.6806,0.1618,0.795,6720,0.02016
babyvision,1,none,single_llm,47,seed,1.4296,0.4236,0.5291,786,0.002358
babyvision,4,none,ensemble,47,seed,1.164,0.2455,0.6949,3077,0.009231
babyvision,6,none,ensemble,47,seed,0.6448,0.1759,0.7144,5136,0.015408
babyvision,8,none,ensemble,47,seed,0.8491,0.2756,0.7535,5903,0.017709
babyvision,4,chain,team,47,seed,0.8394,0.2343,0.7112,3351,0.010053
babyvision,4,star,team,47,seed,0.7379,0.1733,0.7611,3652,0.010956
babyvision,4,full,team,47,seed,0.8381,0.185,0.7829,2741,0.008223
babyvision,4,hierarchy,team,47,seed,0.9219,0.249,0.7976,2472,0.007416
babyvision,6,chain,team,47,seed,0.6257,0.1772,0.7888,4583,0.013749
babyvision,6,star,team,47,seed,0.5484,0.177,0.7459,4524,0.013572
babyvision,6,full,team,47,seed,0.5609,0.1858,0.835,5316,0.015948
babyvision,6,hierarchy,team,47,seed,0.5979,0.222,0.6876,5770,0.01731
babyvision,8,chain,team,47,seed,0.7618,0.1791,0.8066,6375,0.019125
babyvision,8,star,team,47,seed,0.4757,0.1064,0.7925,6755,0.020265
babyvision,8,full,team,47,seed,0.5087,0.1903,0.81,5447,0.016341
babyvision,8,hierarchy,team,47,seed,0.6811,0.092,0.757,6573,0.019719
babyvision,1,none,single_llm,47,paraphrase,1.3926,0.3383,0.4427,681,0.002043
babyvision,4,none,ensemble,47,paraphrase,1.1046,0.3792,0.5367,3518,0.010554
babyvision,6,none,ensemble,47,paraphrase,1.0599,0.2643,0.531,4285,0.012855
babyvision,8,none,ensemble,47,paraphrase,0.8086,0.3554,0.6829,5755,0.017265
babyvision,4,chain,team,47,paraphrase,0.8748,0.2357,0.7257,2887,0.008661
babyvision,4,star,team,47,paraphrase,0.7267,0.2725,0.8175,3903,0.011709
babyvision,4,full,team,47,paraphrase,0.676,0.2136,0.7658,3574,0.010722
babyvision,4,hierarchy,team,47,paraphrase,0.6136,0.271,0.6956,2584,0.007752
babyvision,6,chain,team,47,paraphrase,0.5679,0.2195,0.7176,5283,0.015849
babyvision,6,star,team,47,paraphrase,0.687,0.2501,0.746,4461,0.013383
babyvision,6,full,team,47,paraphrase,0.6032,0.2201,0.8063,4729,0.014187
babyvision,6,hierarchy,team,47,paraphrase,0.5787,0.2357,0.7585,5391,0.016173
babyvision,8,chain,team,47,paraphrase,0.5588,0.1941,0.7628,6139,0.018417
babyvision,8,star,team,47,paraphrase,0.5317,0.241,0.6864,7715,0.023145
babyvision,8,full,team,47,paraphrase,0.4854,0.2055,0.7596,6573,0.019719
babyvision,8,hierarchy,team,47,paraphrase,0.5704,0.2351,0.7276,6033,0.018099
babyvision,1,none,single_llm,48,seed,1.522,0.3668,0.4877,680,0.00204
babyvision,4,none,ensemble,48,seed,1.1739,0.2324,0.7737,3327,0.009981
babyvision,6,none,ensemble,48,seed,0.8853,0.2458,0.823,3747,0.011241
babyvision,8,none,ensemble,48,seed,0.8257,0.2051,0.7172,6495,0.019485
babyvision,4,chain,team,48,seed,0.7534,0.235,0.7388,2779,0.008337
babyvision,4,star,team,48,seed,0.7681,0.2261,0.7429,3797,0.011391
babyvision,4,full,team,48,seed,0.8336,0.2113,0.8216,3209,0.009627
babyvision,4,hierarchy,team,48,seed,0.8641,0.2703,0.8004,3017,0.009051
babyvision,6,chain,team,48,seed,0.6176,0.2052,0.7965,4762,0.014286
babyvision,6,star,team,48,seed,0.5149,0.2156,0.731,4348,0.013044
babyvision,6,full,team,48,seed,0.4089,0.0945,0.857,5414,0.016242
babyvision,6,hierarchy,team,48,seed,0.5842,0.1821,0.7741,4227,0.012681
babyvision,8,chain,team,48,seed,0.7685,0.2158,0.7827,5852,0.017556
babyvision,8,star,team,48,seed,0.4742,0.1031,0.7999,6598,0.019794
babyvision,8,full,team,48,seed,0.4326,0.0527,0.9116,6552,0.019656
babyvision,8,hierarchy,team,48,seed,0.5623,0.1239,0.7069,6346,0.019038
babyvision,1,none,single_llm,48,paraphrase,1.2815,0.4676,0.5584,861,0.002583
babyvision,4,none,ensemble,48,paraphrase,1.1486,0.4102,0.6334,3551,0.010653
babyvision,6,none,ensemble,48,paraphrase,1.0074,0.2023,0.6407,4383,0.013149
babyvision,8,none,ensemble,48,paraphrase,0.9078,0.2388,0.7263,7027,0.021081
babyvision,4,chain,team,48,paraphrase,0.9804,0.3523,0.6162,2816,0.008448
babyvision,4,star,team,48,paraphrase,1.1028,0.2979,0.7412,3210,0.00963
babyvision,4,full,team,48,paraphrase,0.7743,0.1602,0.7014,3164,0.009492
babyvision,4,hierarchy,team,48,paraphrase,0.7584,0.2441,0.8479,3119,0.009357
babyvision,6,chain,team,48,paraphrase,0.7294,0.2519,0.7441,4570,0.01371
babyvision,6,star,team,48,paraphrase,0.7763,0.23,0.6803,4748,0.014244
babyvision,6,full,team,48,paraphrase,0.6044,0.1835,0.7801,5104,0.015312
babyvision,6,hierarchy,team,48,paraphrase,0.7233,0.2358,0.7389,3767,0.011301
babyvision,8,chain,team,48,paraphrase,0.7045,0.2404,0.6758,6579,0.019737
babyvision,8,star,team,48,paraphrase,0.6415,0.2377,0.7805,6605,0.019815
babyvision,8,full,team,48,paraphrase,0.6413,0.1586,0.7856,6002,0.018006
babyvision,8,hierarchy,team,48,paraphrase,0.7077,0.1364,0.7858,6411,0.019233
babyvision,1,none,single_llm,49,seed,1.3948,0.3182,0.5413,804,0.002412
babyvision,4,none,ensemble,49,seed,1.0021,0.2076,0.6882,2609,0.007827
babyvision,6,none,ensemble,49,seed,0.788,0.1591,0.7397,4992,0.014976
babyvision,8,none,ensemble,49,seed,0.8547,0.292,0.711,6790,0.02037
babyvision,4,chain,team,49,seed,0.7866,0.2241,0.8053,3866,0.011598
babyvision,4,star,team,49,seed,0.6869,0.2308,0.786,3305,0.009915
babyvision,4,full,team,49,seed,0.7247,0.1642,0.6008,3691,0.011073
babyvision,4,hierarchy,team,49,seed,0.6805,0.1978,0.749,2949,0.008847
babyvision,6,chain,team,49,seed,0.6456,0.1805,0.7188,4871,0.014613
babyvision,6,star,team,49,seed,0.5683,0.1894,0.7176,4413,0.013239
babyvision,6,full,team,49,seed,0.6141,0.1067,0.7495,4516,0.013548
babyvision,6,hierarchy,team,49,seed,0.5815,0.1584,0.7641,4306,0.012918
babyvision,8,chain,team,49,seed,0.624,0.2139,0.6695,5405,0.016215
babyvision,8,star,team,49,seed,0.597,0.1936,0.6885,6921,0.020763
babyvision,8,full,team,49,seed,0.6305,0.0763,0.884,6286,0.018858
babyvision,8,hierarchy,team,49,seed,0.5481,0.1121,0.8351,6934,0.020802
babyvision,1,none,single_llm,49,paraphrase,1.5887,0.5114,0.4944,1048,0.003144
babyvision,4,none,ensemble,49,paraphrase,1.1921,0.347,0.5502,2710,0.00813
babyvision,6,none,ensemble,49,paraphrase,0.7748,0.2506,0.7326,5033,0.015099
babyvision,8,none,ensemble,49,paraphrase,0.8064,0.2715,0.6745,6912,0.020736
babyvision,4,chain,team,49,paraphrase,0.7721,0.3015,0.715,2928,0.008784
babyvision,4,star,team,49,paraphrase,0.9688,0.2457,0.6804,3472,0.010416
babyvision,4,full,team,49,paraphrase,0.7854,0.2538,0.6808,3459,0.010377
babyvision,4,hierarchy,team,49,paraphrase,1.0472,0.217,0.7377,2948,0.008844
babyvision,6,chain,team,49,paraphrase,0.9706,0.2918,0.7287,4210,0.01263
babyvision,6,star,team,49,paraphrase,0.553,0.2421,0.6765,4161,0.012483
babyvision,6,full,team,49,paraphrase,0.6225,0.1976,0.7736,4589,0.013767
babyvision,6,hierarchy,team,49,paraphrase,0.7636,0.1878,0.766,4902,0.014706
babyvision,8,chain,team,49,paraphrase,0.6867,0.2681,0.7022,5976,0.017928
babyvision,8,star,team,49,paraphrase,0.4078,0.1101,0.7462,6331,0.018993
babyvision,8,full,team,49,paraphrase,0.4381,0.136,0.8412,6960,0.02088
babyvision,8,hierarchy,team,49,paraphrase,0.4705,0.1831,0.7653,5999,0.017997
babyvision,1,none,single_llm,50,seed,1.1287,0.3447,0.6113,894,0.002682
babyvision,4,none,ensemble,50,seed,0.8617,0.283,0.6496,2877,0.008631
babyvision,6,none,ensemble,50,seed,0.8325,0.1741,0.7598,5545,0.016635
babyvision,8,none,ensemble,50,seed,0.7507,0.1859,0.7933,7178,0.021534
babyvision,4,chain,team,50,seed,0.6686,0.2216,0.7371,2953,0.008859
babyvision,4,star,team,50,seed,0.7686,0.1695,0.743,3167,0.009501
babyvision,4,full,team,50,seed,0.5511,0.0952,0.8259,2963,0.008889
babyvision,4,hierarchy,team,50,seed,0.9635,0.2864,0.7347,3948,0.011844
babyvision,6,chain,team,50,seed,0.7154,0.1564,0.6255,5130,0.01539
babyvision,6,star,team,50,seed,0.5747,0.1695,0.7732,4250,0.01275
babyvision,6,full,team,50,seed,0.4989,0.1605,0.7769,4626,0.013878
babyvision,6,hierarchy,team,50,seed,0.4397,0.1659,0.719,5240,0.01572
babyvision,8,chain,team,50,seed,0.4733,0.149,0.8732,6203,0.018609
babyvision,8,star,team,50,seed,0.4526,0.1543,0.7057,7200,0.0216
babyvision,8,full,team,50,seed,0.5661,0.1318,0.6361,6233,0.018699
babyvision,8,hierarchy,team,50,seed,0.3894,0.1858,0.8376,6648,0.019944
babyvision,1,none,single_llm,50,paraphrase,1.1495,0.5147,0.4766,944,0.002832
babyvision,4,none,ensemble,50,paraphrase,1.0618,0.3453,0.5824,3650,0.01095
babyvision,6,none,ensemble,50,paraphrase,1.0212,0.3694,0.6607,4777,0.014331
babyvision,8,none,ensemble,50,paraphrase,0.9514,0.3505,0.751,6488,0.019464
babyvision,4,chain,team,50,paraphrase,0.6743,0.3199,0.6281,3211,0.009633
babyvision,4,star,team,50,paraphrase,0.7984,0.2008,0.7486,3889,0.011667
babyvision,4,full,team,50,paraphrase,0.7487,0.2681,0.8578,3476,0.010428
babyvision,4,hierarchy,team,50,paraphrase,0.7655,0.277,0.744,3658,0.010974
babyvision,6,chain,team,50,paraphrase,0.823,0.1314,0.6718,4766,0.014298
babyvision,6,star,team,50,paraphrase,0.5501,0.0642,0.7083,4798,0.014394
babyvision,6,full,team,50,paraphrase,0.5691,0.1524,0.7567,4964,0.014892
babyvision,6,hierarchy,team,50,paraphrase,0.6247,0.2771,0.7375,4381,0.013143
babyvision,8,chain,team,50,paraphrase,0.5142,0.2123,0.7807,5872,0.017616
babyvision,8,star,team,50,paraphrase,0.6363,0.1946,0.8547,6649,0.019947
babyvision,8,full,team,50,paraphrase,0.4768,0.2003,0.8035,6145,0.018435
babyvision,8,hierarchy,team,50,paraphrase,0.4803,0.2223,0.7482,5429,0.016287
babyvision,1,none,single_llm,51,seed,1.2882,0.3268,0.4289,771,0.002313
babyvision,4,none,ensemble,51,seed,1.104,0.3204,0.7068,3286,0.009858
babyvision,6,none,ensemble,51,seed,0.9397,0.2422,0.6237,4365,0.013095
babyvision,8,none,ensemble,51,seed,0.7271,0.2884,0.7946,5708,0.017124
babyvision,4,chain,team,51,seed,0.7853,0.2114,0.7322,3028,0.009084
babyvision,4,star,team,51,seed,0.8706,0.1967,0.7808,3271,0.009813
babyvision,4,full,team,51,seed,0.5972,0.1818,0.8331,3671,0.011013
babyvision,4,hierarchy,team,51,seed,0.6352,0.1468,0.7631,3554,0.010662
babyvision,6,chain,team,51,seed,0.6576,0.2095,0.6866,4525,0.013575
babyvision,6,star,team,51,seed,0.352,0.1465,0.6764,5439,0.016317
babyvision,6,full,team,51,seed,0.6971,0.1379,0.719,4980,0.01494
babyvision,6,hierarchy,team,51,seed,0.7775,0.1813,0.8339,4567,0.013701
babyvision,8,chain,team,51,seed,0.4595,0.158,0.6687,7849,0.023547
babyvision,8,star,team,51,seed,0.5106,0.1655,0.7719,5412,0.016236
babyvision,8,full,team,51,seed,0.6092,0.0659,0.8224,6683,0.020049
babyvision,8,hierarchy,team,51,seed,0.5241,0.1094,0.7775,5791,0.017373
babyvision,1,none,single_llm,51,paraphrase,1.4514,0.4593,0.4935,754,0.002262
babyvision,4,none,ensemble,51,paraphrase,1.2829,0.2549,0.5173,3173,0.009519
babyvision,6,none,ensemble,51,paraphrase,0.9172,0.3522,0.6888,4814,0.014442
babyvision,8,none,ensemble,51,paraphrase,0.94,0.3024,0.8162,6562,0.019686
babyvision,4,chain,team,51,paraphrase,0.7919,0.2954,0.5691,3189,0.009567
babyvision,4,star,team,51,paraphrase,0.9193,0.2816,0.7449,3407,0.010221
babyvision,4,full,team,51,paraphrase,0.8903,0.2945,0.7624,3098,0.009294
babyvision,4,hierarchy,team,51,paraphrase,0.5986,0.3066,0.7458,3248,0.009744
babyvision,6,chain,team,51,paraphrase,0.6328,0.2808,0.7018,4783,0.014349
babyvision,6,star,team,51,paraphrase,0.646,0.2302,0.6872,5070,0.01521
babyvision,6,full,team,51,paraphrase,0.5495,0.1648,0.7989,4322,0.012966
babyvision,6,hierarchy,team,51,paraphrase,0.7599,0.2263,0.6522,5454,0.016362
babyvision,8,chain,team,51,paraphrase,0.6577,0.2366,0.7754,7359,0.022077
babyvision,8,star,team,51,paraphrase,0.5968,0.2155,0.7736,6180,0.01854
babyvision,8,full,team,51,paraphrase,0.3883,0.1794,0.8339,6773,0.020319
babyvision,8,hierarchy,team,51,paraphrase,0.4899,0.2447,0.7295,5061,0.015183
babyvision,1,none,single_llm,52,seed,1.4027,0.3083,0.6597,891,0.002673
babyvision,4,none,ensemble,52,seed,0.9227,0.283,0.7954,3520,0.01056
babyvision,6,none,ensemble,52,seed,0.8968,0.3817,0.6971,5079,0.015237
babyvision,8,none,ensemble,52,seed,0.6877,0.1346,0.7127,6424,0.019272
babyvision,4,chain,team,52,seed,0.8129,0.1707,0.773,2934,0.008802
babyvision,4,star,team,52,seed,0.7909,0.2349,0.7502,2891,0.008673
babyvision,4,full,team,52,seed,0.8544,0.2124,0.7876,3669,0.011007
babyvision,4,hierarchy,team,52,seed,0.7583,0.1827,0.7099,3165,0.009495
babyvision,6,chain,team,52,seed,0.6988,0.2378,0.7558,5382,0.016146
babyvision,6,star,team,52,seed,0.5502,0.121,0.7193,4557,0.013671
babyvision,6,full,team,52,seed,0.4147,0.2126,0.8166,4754,0.014262
babyvision,6,hierarchy,team,52,seed,0.7638,0.1102,0.7678,5759,0.017277
babyvision,8,chain,team,52,seed,0.5323,0.2587,0.8043,7235,0.021705
babyvision,8,star,team,52,seed,0.6302,0.1309,0.7706,6326,0.018978
babyvision,8,full,team,52,seed,0.368,0.1082,0.8048,7481,0.022443
babyvision,8,hierarchy,team,52,seed,0.576,0.2353,0.677,5621,0.016863
babyvision,1,none,single_llm,52,paraphrase,1.2767,0.5145,0.4873,682,0.002046
babyvision,4,none,ensemble,52,paraphrase,1.0006,0.2601,0.5264,3839,0.011517
babyvision,6,none,ensemble,52,paraphrase,0.906,0.3059,0.6444,4679,0.014037
babyvision,8,none,ensemble,52,paraphrase,0.7791,0.2628,0.7102,7307,0.021921
babyvision,4,chain,team,52,paraphrase,0.9547,0.2387,0.7494,3352,0.010056
babyvision,4,star,team,52,paraphrase,0.7475,0.2648,0.7586,3215,0.009645
babyvision,4,full,team,52,paraphrase,0.828,0.203,0.8396,2582,0.007746
babyvision,4,hierarchy,team,52,paraphrase,0.8878,0.2822,0.7521,2973,0.008919
babyvision,6,chain,team,52,paraphrase,0.8185,0.2379,0.6553,4274,0.012822
babyvision,6,star,team,52,paraphrase,0.6641,0.1484,0.8346,5303,0.015909
babyvision,6,full,team,52,paraphrase,0.8043,0.2611,0.737,4382,0.013146
babyvision,6,hierarchy,team,52,paraphrase,0.4038,0.206,0.8229,4402,0.013206
babyvision,8,chain,team,52,paraphrase,0.6057,0.1987,0.7437,7223,0.021669
babyvision,8,star,team,52,paraphrase,0.4227,0.1369,0.8293,6869,0.020607
babyvision,8,full,team,52,paraphrase,0.5207,0.2391,0.6967,6995,0.020985
babyvision,8,hierarchy,team,52,paraphrase,0.5898,0.2251,0.6256,6233,0.018699
babyvision,1,none,single_llm,53,seed,1.3605,0.3612,0.6229,897,0.002691
babyvision,4,none,ensemble,53,seed,0.835,0.3012,0.5904,3217,0.009651
babyvision,6,none,ensemble,53,seed,0.9469,0.1955,0.7372,4557,0.013671
babyvision,8,none,ensemble,53,seed,0.7303,0.2537,0.6798,5832,0.017496
babyvision,4,chain,team,53,seed,0.8841,0.2318,0.6673,3473,0.010419
babyvision,4,star,team,53,seed,0.6893,0.1414,0.6446,3489,0.010467
babyvision,4,full,team,53,seed,0.614,0.1277,0.812,3457,0.010371
babyvision,4,hierarchy,team,53,seed,0.6713,0.244,0.8627,3630,0.01089
babyvision,6,chain,team,53,seed,0.7407,0.1948,0.7324,4773,0.014319
babyvision,6,star,team,53,seed,0.6157,0.1019,0.7462,4114,0.012342
babyvision,6,full,team,53,seed,0.5651,0.1356,0.762,5193,0.015579
babyvision,6,hierarchy,team,53,seed,0.4871,0.1346,0.8137,5245,0.015735
babyvision,8,chain,team,53,seed,0.4671,0.1701,0.7261,6273,0.018819
babyvision,8,star,team,53,seed,0.5111,0.1532,0.8109,6574,0.019722
babyvision,8,full,team,53,seed,0.3588,0.1264,0.8326,6840,0.02052
babyvision,8,hierarchy,team,53,seed,0.4447,0.1775,0.7191,6124,0.018372
babyvision,1,none,single_llm,53,paraphrase,1.2887,0.3493,0.4747,817,0.002451
babyvision,4,none,ensemble,53,paraphrase,0.8109,0.3003,0.5051,3853,0.011559
babyvision,6,none,ensemble,53,paraphrase,0.9737,0.3036,0.6639,5090,0.01527
babyvision,8,none,ensemble,53,paraphrase,0.9974,0.2002,0.7686,7197,0.021591
babyvision,4,chain,team,53,paraphrase,0.8534,0.2828,0.5449,2801,0.008403
babyvision,4,star,team,53,paraphrase,0.8619,0.3055,0.7664,3175,0.009525
babyvision,4,full,team,53,paraphrase,0.9726,0.2777,0.7203,3898,0.011694
babyvision,4,hierarchy,team,53,paraphrase,0.7204,0.2086,0.6989,2957,0.008871
babyvision,6,chain,team,53,paraphrase,0.6651,0.2742,0.7129,4796,0.014388
babyvision,6,star,team,53,paraphrase,0.6575,0.1197,0.6689,4615,0.013845
babyvision,6,full,team,53,paraphrase,0.5373,0.183,0.8248,4764,0.014292
babyvision,6,hierarchy,team,53,paraphrase,0.5394,0.1905,0.8202,5535,0.016605
babyvision,8,chain,team,53,paraphrase,0.6863,0.1583,0.7403,6645,0.019935
babyvision,8,star,team,53,paraphrase,0.5792,0.168,0.7369,5990,0.01797
babyvision,8,full,team,53,paraphrase,0.4322,0.2255,0.8091,6217,0.018651
babyvision,8,hierarchy,team,53,paraphrase,0.6319,0.2164,0.8621,6958,0.020874
babyvision,1,none,single_llm,54,seed,1.3752,0.3673,0.5046,910,0.00273
babyvision,4,none,ensemble,54,seed,1.0283,0.2185,0.6772,3467,0.010401
babyvision,6,none,ensemble,54,seed,0.6167,0.1912,0.7118,3876,0.011628
babyvision,8,none,ensemble,54,seed,0.5881,0.2048,0.7595,6744,0.020232
babyvision,4,chain,team,54,seed,0.9382,0.2308,0.7214,2781,0.008343
babyvision,4,star,team,54,seed,0.6915,0.2258,0.8076,3284,0.009852
babyvision,4,full,team,54,seed,0.7547,0.2286,0.7838,3637,0.010911
babyvision,4,hierarchy,team,54,seed,0.6773,0.2046,0.736,3453,0.010359
babyvision,6,chain,team,54,seed,0.5201,0.1694,0.6616,5085,0.015255
babyvision,6,star,team,54,seed,0.6963,0.1887,0.8253,5202,0.015606
babyvision,6,full,team,54,seed,0.6116,0.1568,0.8286,4485,0.013455
babyvision,6,hierarchy,team,54,seed,0.5716,0.1651,0.7578,4048,0.012144
babyvision,8,chain,team,54,seed,0.4232,0.17,0.8103,6405,0.019215
babyvision,8,star,team,54,seed,0.7731,0.094,0.8172,7226,0.021678
babyvision,8,full,team,54,seed,0.5732,0.137,0.8585,6435,0.019305
babyvision,8,hierarchy,team,54,seed,0.683,0.1922,0.7424,6605,0.019815
babyvision,1,none,single_llm,54,paraphrase,1.0979,0.5163,0.5107,907,0.002721
babyvision,4,none,ensemble,54,paraphrase,1.0169,0.2272,0.7682,3241,0.009723
babyvision,6,none,ensemble,54,paraphrase,0.8282,0.3546,0.7722,4702,0.014106
babyvision,8,none,ensemble,54,paraphrase,0.8681,0.2902,0.6233,5957,0.017871
babyvision,4,chain,team,54,paraphrase,1.0382,0.2822,0.6581,3055,0.009165
babyvision,4,star,team,54,paraphrase,0.9173,0.1785,0.7427,3987,0.011961
babyvision,4,full,team,54,paraphrase,0.9831,0.2604,0.8058,3618,0.010854
babyvision,4,hierarchy,team,54,paraphrase,0.8174,0.3045,0.8094,2795,0.008385
babyvision,6,chain,team,54,paraphrase,0.7593,0.2567,0.7198,4807,0.014421
babyvision,6,star,team,54,paraphrase,0.6748,0.2249,0.8006,5028,0.015084
babyvision,6,full,team,54,paraphrase,0.6038,0.1586,0.731,4925,0.014775
babyvision,6,hierarchy,team,54,paraphrase,0.601,0.2601,0.7561,5348,0.016044
babyvision,8,chain,team,54,paraphrase,0.5628,0.1876,0.7818,6483,0.019449
babyvision,8,star,team,54,paraphrase,0.5564,0.2188,0.7881,5596,0.016788
babyvision,8,full,team,54,paraphrase,0.6851,0.1544,0.85,5546,0.016638
babyvision,8,hierarchy,team,54,paraphrase,0.6284,0.1934,0.6462,6821,0.020463
babyvision,1,none,single_llm,55,seed,0.9614,0.3475,0.6123,757,0.002271
babyvision,4,none,ensemble,55,seed,0.8416,0.3,0.635,3070,0.00921
babyvision,6,none,ensemble,55,seed,1.0212,0.1789,0.6624,5215,0.015645
babyvision,8,none,ensemble,55,seed,0.6522,0.3071,0.717,6959,0.020877
babyvision,4,chain,team,55,seed,0.8672,0.2214,0.716,3186,0.009558
babyvision,4,star,team,55,seed,0.8013,0.158,0.7098,3674,0.011022
babyvision,4,full,team,55,seed,0.6265,0.1917,0.7699,3149,0.009447
babyvision,4,hierarchy,team,55,seed,0.893,0.2041,0.7422,3113,0.009339
babyvision,6,chain,team,55,seed,0.5712,0.1554,0.7297,5598,0.016794
babyvision,6,star,team,55,seed,0.6427,0.1384,0.8337,4038,0.012114
babyvision,6,full,team,55,seed,0.6792,0.184,0.9064,5285,0.015855
babyvision,6,hierarchy,team,55,seed,0.6353,0.2139,0.7433,4610,0.01383
babyvision,8,chain,team,55,seed,0.5402,0.2156,0.7222,5784,0.017352
babyvision,8,star,team,55,seed,0.5203,0.1595,0.7598,6829,0.020487
babyvision,8,full,team,55,seed,0.6035,0.1589,0.8227,6342,0.019026
babyvision,8,hierarchy,team,55,seed,0.6902,0.1414,0.832,7653,0.022959
babyvision,1,none,single_llm,55,paraphrase,1.4553,0.3652,0.4083,776,0.002328
babyvision,4,none,ensemble,55,paraphrase,1.1151,0.3422,0.7424,3339,0.010017
babyvision,6,none,ensemble,55,paraphrase,0.9089,0.2406,0.7208,4797,0.014391
babyvision,8,none,ensemble,55,paraphrase,0.6993,0.2794,0.6303,6127,0.018381
babyvision,4,chain,team,55,paraphrase,0.8606,0.2513,0.6756,2961,0.008883
babyvision,4,star,team,55,paraphrase,0.7383,0.2172,0.7059,2913,0.008739
babyvision,4,full,team,55,paraphrase,0.8387,0.2455,0.7997,3803,0.011409
babyvision,4,hierarchy,team,55,paraphrase,0.8977,0.2855,0.757,3349,0.010047
babyvision,6,chain,team,55,paraphrase,0.7066,0.2411,0.6635,5202,0.015606
babyvision,6,star,team,55,paraphrase,0.6485,0.2702,0.7904,4499,0.013497
babyvision,6,full,team,55,paraphrase,0.7463,0.0898,0.8511,4157,0.012471
babyvision,6,hierarchy,team,55,paraphrase,0.7211,0.2393,0.7908,4642,0.013926
babyvision,8,chain,team,55,paraphrase,0.4121,0.2077,0.714,5088,0.015264
babyvision,8,star,team,55,paraphrase,0.5812,0.1478,0.7875,6242,0.018726
babyvision,8,full,team,55,paraphrase,0.7428,0.1606,0.7865,6263,0.018789
babyvision,8,hierarchy,team,55,paraphrase,0.4343,0.1926,0.7827,6785,0.020355
babyvision,1,none,single_llm,56,seed,1.206,0.2776,0.5801,833,0.002499
babyvision,4,none,ensemble,56,seed,1.0512,0.2463,0.5489,3370,0.01011
babyvision,6,none,ensemble,56,seed,0.8671,0.3069,0.6917,4778,0.014334
babyvision,8,none,ensemble,56,seed,0.8501,0.1885,0.6913,6337,0.019011
babyvision,4,chain,team,56,seed,0.688,0.2183,0.837,3533,0.010599
babyvision,4,star,team,56,seed,0.7608,0.2596,0.7288,3996,0.011988
babyvision,4,full,team,56,seed,0.6539,0.2577,0.88,2638,0.007914
babyvision,4,hierarchy,team,56,seed,0.8967,0.1961,0.7316,3367,0.010101
babyvision,6,chain,team,56,seed,0.5208,0.2023,0.7076,4884,0.014652
babyvision,6,star,team,56,seed,0.7051,0.1677,0.7666,5059,0.015177
babyvision,6,full,team,56,seed,0.4009,0.0987,0.7731,5177,0.015531
babyvision,6,hierarchy,team,56,seed,0.6322,0.1836,0.7733,4421,0.013263
babyvision,8,chain,team,56,seed,0.6955,0.1329,0.786,6328,0.018984
babyvision,8,star,team,56,seed,0.553,0.1066,0.8476,7282,0.021846
babyvision,8,full,team,56,seed,0.5658,0.1171,0.7832,8206,0.024618
babyvision,8,hierarchy,team,56,seed,0.4175,0.1761,0.8016,6359,0.019077
babyvision,1,none,single_llm,56,paraphrase,1.3578,0.3944,0.5249,825,0.002475
babyvision,4,none,ensemble,56,paraphrase,1.3513,0.3735,0.641,3384,0.010152
babyvision,6,none,ensemble,56,paraphrase,1.1689,0.2488,0.639,3884,0.011652
babyvision,8,none,ensemble,56,paraphrase,0.9471,0.3207,0.6303,7318,0.021954
babyvision,4,chain,team,56,paraphrase,0.7881,0.2738,0.706,3710,0.01113
babyvision,4,star,team,56,paraphrase,0.7242,0.2691,0.7687,3381,0.010143
babyvision,4,full,team,56,paraphrase,0.8405,0.268,0.7123,3740,0.01122
babyvision,4,hierarchy,team,56,paraphrase,0.8189,0.2577,0.7874,2998,0.008994
babyvision,6,chain,team,56,paraphrase,0.7336,0.2133,0.8406,5908,0.017724
babyvision,6,star,team,56,paraphrase,0.6406,0.233,0.7449,4632,0.013896
babyvision,6,full,team,56,paraphrase,0.6336,0.1906,0.6786,4926,0.014778
babyvision,6,hierarchy,team,56,paraphrase,0.6674,0.2347,0.7307,4627,0.013881
babyvision,8,chain,team,56,paraphrase,0.7142,0.2422,0.7948,6716,0.020148
babyvision,8,star,team,56,paraphrase,0.5569,0.2155,0.656,7746,0.023238
babyvision,8,full,team,56,paraphrase,0.5741,0.2582,0.7215,5684,0.017052
babyvision,8,hierarchy,team,56,paraphrase,0.6332,0.2153,0.7619,6518,0.019554
babyvision,1,none,single_llm,57,seed,1.1558,0.2759,0.5548,697,0.002091
babyvision,4,none,ensemble,57,seed,0.7848,0.241,0.6758,3836,0.011508
babyvision,6,none,ensemble,57,seed,0.9857,0.3089,0.7292,4976,0.014928
babyvision,8,none,ensemble,57,seed,1.1007,0.1522,0.7052,6185,0.018555
babyvision,4,chain,team,57,seed,0.8694,0.1883,0.7782,3385,0.010155
babyvision,4,star,team,57,seed,0.8113,0.2293,0.8469,3184,0.009552
babyvision,4,full,team,57,seed,0.753,0.148,0.7318,3764,0.011292
babyvision,4,hierarchy,team,57,seed,0.6688,0.2332,0.7866,3575,0.010725
babyvision,6,chain,team,57,seed,0.4558,0.2179,0.7517,4512,0.013536
babyvision,6,star,team,57,seed,0.5465,0.1937,0.8212,4738,0.014214
babyvision,6,full,team,57,seed,0.4277,0.0895,0.8323,4186,0.012558
babyvision,6,hierarchy,team,57,seed,0.5798,0.2695,0.7976,5156,0.015468
babyvision,8,chain,team,57,seed,0.4406,0.1117,0.8048,6219,0.018657
babyvision,8,star,team,57,seed,0.614,0.1366,0.9728,6097,0.018291
babyvision,8,full,team,57,seed,0.5056,0.0791,0.8616,6745,0.020235
babyvision,8,hierarchy,team,57,seed,0.4305,0.1321,0.8586,7265,0.021795
babyvision,1,none,single_llm,57,paraphrase,1.1328,0.403,0.6295,794,0.002382
babyvision,4,none,ensemble,57,paraphrase,1.064,0.3763,0.5361,2931,0.008793
babyvision,6,none,ensemble,57,paraphrase,0.9213,0.3625,0.7172,5193,0.015579
babyvision,8,none,ensemble,57,paraphrase,0.8753,0.3398,0.6868,6833,0.020499
babyvision,4,chain,team,57,paraphrase,0.9612,0.3594,0.7022,3115,0.009345
babyvision,4,star,team,57,paraphrase,0.9495,0.3164,0.7078,2878,0.008634
babyvision,4,full,team,57,paraphrase,0.9119,0.1758,0.6604,3146,0.009438
babyvision,4,hierarchy,team,57,paraphrase,0.8402,0.2251,0.7311,3285,0.009855
babyvision,6,chain,team,57,paraphrase,0.6536,0.3236,0.7361,5341,0.016023
babyvision,6,star,team,57,paraphrase,0.506,0.1536,0.7676,5690,0.01707
babyvision,6,full,team,57,paraphrase,0.5206,0.198,0.6929,4455,0.013365
babyvision,6,hierarchy,team,57,paraphrase,0.6909,0.2025,0.6693,4162,0.012486
babyvision,8,chain,team,57,paraphrase,0.4381,0.2399,0.7549,6779,0.020337
babyvision,8,star,team,57,paraphrase,0.4857,0.2311,0.7903,6404,0.019212
babyvision,8,full,team,57,paraphrase,0.531,0.1449,0.7746,7435,0.022305
babyvision,8,hierarchy,team,57,paraphrase,0.7105,0.1906,0.7719,5695,0.017085
babyvision,1,none,single_llm,58,seed,1.3595,0.3151,0.5833,1037,0.003111
babyvision,4,none,ensemble,58,seed,0.8816,0.4061,0.6794,2960,0.00888
babyvision,6,none,ensemble,58,seed,0.7727,0.3555,0.7196,4528,0.013584
babyvision,8,none,ensemble,58,seed,0.7756,0.2399,0.7295,6621,0.019863
babyvision,4,chain,team,58,seed,0.9574,0.1824,0.7722,3176,0.009528
babyvision,4,star,team,58,seed,0.6801,0.2404,0.6969,2442,0.007326
babyvision,4,full,team,58,seed,0.7225,0.172,0.7124,2652,0.007956
babyvision,4,hierarchy,team,58,seed,0.9431,0.226,0.761,3902,0.011706
babyvision,6,chain,team,58,seed,0.7238,0.253,0.6956,4215,0.012645
babyvision,6,star,team,58,seed,0.6333,0.1688,0.8471,4017,0.012051
babyvision,6,full,team,58,seed,0.612,0.1718,0.8414,4604,0.013812
babyvision,6,hierarchy,team,58,seed,0.6435,0.1312,0.76,4299,0.012897
babyvision,8,chain,team,58,seed,0.4708,0.1512,0.7405,5914,0.017742
babyvision,8,star,team,58,seed,0.3667,0.2093,0.77,6611,0.019833
babyvision,8,full,team,58,seed,0.2908,0.1651,0.8134,6115,0.018345
babyvision,8,hierarchy,team,58,seed,0.4732,0.1756,0.6373,5872,0.017616
babyvision,1,none,single_llm,58,paraphrase,1.3121,0.4172,0.6704,772,0.002316
babyvision,4,none,ensemble,58,paraphrase,1.1488,0.4106,0.6502,2984,0.008952
babyvision,6,none,ensemble,58,paraphrase,0.794,0.3345,0.7487,5062,0.015186
babyvision,8,none,ensemble,58,paraphrase,1.028,0.4079,0.7402,5695,0.017085
babyvision,4,chain,team,58,paraphrase,0.8651,0.3423,0.6876,3681,0.011043
babyvision,4,star,team,58,paraphrase,0.8033,0.2709,0.7125,3251,0.009753
babyvision,4,full,team,58,paraphrase,0.8012,0.1732,0.7179,2805,0.008415
babyvision,4,hierarchy,team,58,paraphrase,0.7893,0.2357,0.7706,3527,0.010581
babyvision,6,chain,team,58,paraphrase,0.7576,0.1915,0.7097,4153,0.012459
babyvision,6,star,team,58,paraphrase,0.6369,0.2381,0.7942,5026,0.015078
babyvision,6,full,team,58,paraphrase,0.7474,0.2026,0.7429,5219,0.015657
babyvision,6,hierarchy,team,58,paraphrase,0.7622,0.2013,0.7536,4658,0.013974
babyvision,8,chain,team,58,paraphrase,0.4258,0.2384,0.6603,6610,0.01983
babyvision,8,star,team,58,paraphrase,0.4231,0.162,0.7333,7169,0.021507
babyvision,8,full,team,58,paraphrase,0.4933,0.1278,0.7832,6261,0.018783
babyvision,8,hierarchy,team,58,paraphrase,0.6757,0.1604,0.7555,7980,0.02394
babyvision,1,none,single_llm,59,seed,1.2141,0.3762,0.4187,731,0.002193
babyvision,4,none,ensemble,59,seed,1.0052,0.2435,0.6869,3335,0.010005
babyvision,6,none,ensemble,59,seed,0.71,0.288,0.6154,4432,0.013296
babyvision,8,none,ensemble,59,seed,0.8275,0.2967,0.6698,6494,0.019482
babyvision,4,chain,team,59,seed,0.7956,0.2538,0.7992,3070,0.00921
babyvision,4,star,team,59,seed,0.8312,0.2507,0.8592,3360,0.01008
babyvision,4,full,team,59,seed,0.7157,0.1585,0.7071,3111,0.009333
babyvision,4,hierarchy,team,59,seed,0.7612,0.2031,0.7899,2734,0.008202
babyvision,6,chain,team,59,seed,0.6034,0.262,0.8044,5095,0.015285
babyvision,6,star,team,59,seed,0.6107,0.1376,0.6969,5019,0.015057
babyvision,6,full,team,59,seed,0.2968,0.1192,0.7944,4585,0.013755
babyvision,6,hierarchy,team,59,seed,0.8087,0.2352,0.8263,4355,0.013065
babyvision,8,chain,team,59,seed,0.7388,0.1856,0.7179,6420,0.01926
babyvision,8,star,team,59,seed,0.5925,0.1069,0.802,6602,0.019806
babyvision,8,full,team,59,seed,0.3566,0.1,0.7537,6955,0.020865
babyvision,8,hierarchy,team,59,seed,0.4259,0.1525,0.7155,5674,0.017022
babyvision,1,none,single_llm,59,paraphrase,1.1527,0.4076,0.5076,829,0.002487
babyvision,4,none,ensemble,59,paraphrase,0.8173,0.3116,0.565,3370,0.01011
babyvision,6,none,ensemble,59,paraphrase,0.9161,0.2932,0.6053,5627,0.016881
babyvision,8,none,ensemble,59,paraphrase,0.726,0.2583,0.6965,6239,0.018717
babyvision,4,chain,team,59,paraphrase,0.7836,0.215,0.6654,2892,0.008676
babyvision,4,star,team,59,paraphrase,0.9779,0.3481,0.7275,2750,0.00825
babyvision,4,full,team,59,paraphrase,0.8538,0.1983,0.7125,2998,0.008994
babyvision,4,hierarchy,team,59,paraphrase,0.7799,0.2533,0.6543,2975,0.008925
babyvision,6,chain,team,59,paraphrase,0.8036,0.2409,0.7209,3728,0.011184
babyvision,6,star,team,59,paraphrase,0.7464,0.1848,0.8008,4874,0.014622
babyvision,6,full,team,59,paraphrase,0.5654,0.1251,0.8634,5185,0.015555
babyvision,6,hierarchy,team,59,paraphrase,0.7579,0.295,0.7458,5449,0.016347
babyvision,8,chain,team,59,paraphrase,0.5788,0.2503,0.6935,6077,0.018231
babyvision,8,star,team,59,paraphrase,0.5864,0.1401,0.7715,6200,0.0186
babyvision,8,full,team,59,paraphrase,0.3479,0.1525,0.7477,6945,0.020835
babyvision,8,hierarchy,team,59,paraphrase,0.6252,0.2587,0.771,6045,0.018135
babyvision,1,none,single_llm,60,seed,1.2412,0.3441,0.5692,804,0.002412
babyvision,4,none,ensemble,60,seed,0.8746,0.2604,0.6777,2877,0.008631
babyvision,6,none,ensemble,60,seed,0.9062,0.1583,0.7563,5053,0.015159
babyvision,8,none,ensemble,60,seed,0.9955,0.1625,0.798,6998,0.020994
babyvision,4,chain,team,60,seed,0.7618,0.2124,0.6857,2769,0.008307
babyvision,4,star,team,60,seed,0.6549,0.1473,0.8498,2719,0.008157
babyvision,4,full,team,60,seed,0.7149,0.1949,0.7979,3342,0.010026
babyvision,4,hierarchy,team,60,seed,0.8446,0.1897,0.7644,3106,0.009318
babyvision,6,chain,team,60,seed,0.7518,0.2662,0.6949,3825,0.011475
babyvision,6,star,team,60,seed,0.6285,0.1951,0.8825,5154,0.015462
babyvision,6,full,team,60,seed,0.6812,0.1986,0.8679,5222,0.015666
babyvision,6,hierarchy,team,60,seed,0.4634,0.1619,0.7896,4752,0.014256
babyvision,8,chain,team,60,seed,0.5429,0.2235,0.7272,6911,0.020733
babyvision,8,star,team,60,seed,0.5283,0.0965,0.7412,5311,0.015933
babyvision,8,full,team,60,seed,0.5152,0.1083,0.7637,5199,0.015597
babyvision,8,hierarchy,team,60,seed,0.5599,0.1339,0.7493,5783,0.017349
babyvision,1,none,single_llm,60,paraphrase,1.2942,0.4532,0.4719,704,0.002112
babyvision,4,none,ensemble,60,paraphrase,1.023,0.3723,0.6124,3221,0.009663
babyvision,6,none,ensemble,60,paraphrase,0.9091,0.2528,0.5946,4002,0.012006
babyvision,8,none,ensemble,60,paraphrase,1.0217,0.3015,0.6949,6589,0.019767
babyvision,4,chain,team,60,paraphrase,0.894,0.2581,0.6837,3048,0.009144
babyvision,4,star,team,60,paraphrase,1.0611,0.2983,0.7384,3637,0.010911
babyvision,4,full,team,60,paraphrase,0.904,0.1823,0.7289,3194,0.009582
babyvision,4,hierarchy,team,60,paraphrase,0.8912,0.2585,0.7151,3052,0.009156
babyvision,6,chain,team,60,paraphrase,0.8065,0.1845,0.6933,3915,0.011745
babyvision,6,star,team,60,paraphrase,0.5486,0.2249,0.7614,4649,0.013947
babyvision,6,full,team,60,paraphrase,0.734,0.2464,0.7512,4920,0.01476
babyvision,6,hierarchy,team,60,paraphrase,0.6263,0.2473,0.6749,5662,0.016986
babyvision,8,chain,team,60,paraphrase,0.7407,0.1729,0.6855,6669,0.020007
babyvision,8,star,team,60,paraphrase,0.5428,0.2126,0.737,7375,0.022125
babyvision,8,full,team,60,paraphrase,0.5475,0.2677,0.7951,5536,0.016608
babyvision,8,hierarchy,team,60,paraphrase,0.8053,0.2448,0.764,6813,0.020439
babyvision,1,none,single_llm,61,seed,1.0716,0.2567,0.5321,910,0.00273
babyvision,4,none,ensemble,61,seed,0.9975,0.3455,0.7293,3206,0.009618
babyvision,6,none,ensemble,61,seed,1.0102,0.3134,0.6852,4697,0.014091
babyvision,8,none,ensemble,61,seed,0.8169,0.0977,0.7468,6861,0.020583
babyvision,4,chain,team,61,seed,0.7945,0.2413,0.7378,2560,0.00768
babyvision,4,star,team,61,seed,0.8963,0.1828,0.7391,3634,0.010902
babyvision,4,full,team,61,seed,0.7979,0.1884,0.8185,2830,0.00849
babyvision,4,hierarchy,team,61,seed,0.7419,0.2593,0.7261,2880,0.00864
babyvision,6,chain,team,61,seed,0.6295,0.1863,0.787,4138,0.012414
babyvision,6,star,team,61,seed,0.3167,0.1891,0.7305,4507,0.013521
babyvision,6,full,team,61,seed,0.3233,0.1732,0.8121,4948,0.014844
babyvision,6,hierarchy,team,61,seed,0.6219,0.0798,0.7254,4583,0.013749
babyvision,8,chain,team,61,seed,0.4718,0.15,0.7773,7044,0.021132
babyvision,8,star,team,61,seed,0.3486,0.1305,0.8306,5808,0.017424
babyvision,8,full,team,61,seed,0.4474,0.1295,0.8056,6831,0.020493
babyvision,8,hierarchy,team,61,seed,0.5261,0.1284,0.7264,6558,0.019674
babyvision,1,none,single_llm,61,paraphrase,1.345,0.3654,0.5357,901,0.002703
babyvision,4,none,ensemble,61,paraphrase,0.9508,0.2836,0.5642,2662,0.007986
babyvision,6,none,ensemble,61,paraphrase,1.1887,0.2748,0.5985,4259,0.012777
babyvision,8,none,ensemble,61,paraphrase,0.8334,0.2436,0.7763,5600,0.0168
babyvision,4,chain,team,61,paraphrase,0.7061,0.3096,0.6946,3128,0.009384
babyvision,4,star,team,61,paraphrase,0.866,0.263,0.7277,2750,0.00825
babyvision,4,full,team,61,paraphrase,0.6132,0.2095,0.6858,3286,0.009858
babyvision,4,hierarchy,team,61,paraphrase,0.6501,0.2496,0.7113,3187,0.009561
babyvision,6,chain,team,61,paraphrase,0.7415,0.2292,0.6812,5397,0.016191
babyvision,6,star,team,61,paraphrase,0.6196,0.269,0.7284,4792,0.014376
babyvision,6,full,team,61,paraphrase,0.6077,0.2015,0.7336,4846,0.014538
babyvision,6,hierarchy,team,61,paraphrase,0.8247,0.2642,0.7874,4155,0.012465
babyvision,8,chain,team,61,paraphrase,0.5087,0.2295,0.7635,6067,0.018201
babyvision,8,star,team,61,paraphrase,0.5069,0.2466,0.7893,7077,0.021231
babyvision,8,full,team,61,paraphrase,0.5025,0.15,0.8124,6231,0.018693
babyvision,8,hierarchy,team,61,paraphrase,0.5356,0.1643,0.7194,6960,0.02088
babyvision,1,none,single_llm,62,seed,1.0236,0.4027,0.4854,783,0.002349
babyvision,4,none,ensemble,62,seed,0.9325,0.249,0.6328,3057,0.009171
babyvision,6,none,ensemble,62,seed,0.7996,0.3033,0.6915,4739,0.014217
babyvision,8,none,ensemble,62,seed,0.7226,0.1979,0.6915,6889,0.020667
babyvision,4,chain,team,62,seed,0.7046,0.1377,0.7429,3110,0.00933
babyvision,4,star,team,62,seed,0.6714,0.234,0.6333,3704,0.011112
babyvision,4,full,team,62,seed,0.8055,0.1524,0.7575,3361,0.010083
babyvision,4,hierarchy,team,62,seed,0.8031,0.1821,0.6792,3876,0.011628
babyvision,6,chain,team,62,seed,0.7172,0.1885,0.7634,5098,0.015294
babyvision,6,star,team,62,seed,0.6457,0.0688,0.7671,4581,0.013743
babyvision,6,full,team,62,seed,0.5255,0.1631,0.7051,4152,0.012456
babyvision,6,hierarchy,team,62,seed,0.5234,0.1684,0.8162,5583,0.016749
babyvision,8,chain,team,62,seed,0.518,0.1941,0.8005,6746,0.020238
babyvision,8,star,team,62,seed,0.4942,0.1149,0.7417,5675,0.017025
babyvision,8,full,team,62,seed,0.5014,0.1087,0.7842,6825,0.020475
babyvision,8,hierarchy,team,62,seed,0.4966,0.1043,0.7717,6925,0.020775
babyvision,1,none,single_llm,62,paraphrase,1.1765,0.4376,0.4911,739,0.002217
babyvision,4,none,ensemble,62,paraphrase,0.9948,0.2414,0.6166,2763,0.008289
babyvision,6,none,ensemble,62,paraphrase,1.0769,0.2927,0.6157,5357,0.016071
babyvision,8,none,ensemble,62,paraphrase,0.7562,0.2409,0.5802,7238,0.021714
babyvision,4,chain,team,62,paraphrase,1.0473,0.2206,0.6592,3222,0.009666
babyvision,4,star,team,62,paraphrase,0.7584,0.2562,0.7241,3330,0.00999
babyvision,4,full,team,62,paraphrase,0.6839,0.2452,0.6842,3068,0.009204
babyvision,4,hierarchy,team,62,paraphrase,0.6563,0.2513,0.6914,3501,0.010503
babyvision,6,chain,team,62,paraphrase,0.6957,0.2471,0.7135,3778,0.011334
babyvision,6,star,team,62,paraphrase,0.4519,0.1995,0.7586,4687,0.014061
babyvision,6,full,team,62,paraphrase,0.5352,0.1826,0.7383,5173,0.015519
babyvision,6,hierarchy,team,62,paraphrase,0.7439,0.2001,0.7321,4932,0.014796
babyvision,8,chain,team,62,paraphrase,0.6691,0.2869,0.7236,7147,0.021441
babyvision,8,star,team,62,paraphrase,0.4607,0.1653,0.6482,6496,0.019488
babyvision,8,full,team,62,paraphrase,0.6114,0.0686,0.7744,6786,0.020358
babyvision,8,hierarchy,team,62,paraphrase,0.6514,0.153,0.7837,6405,0.019215
babyvision,1,none,single_llm,63,seed,1.3387,0.3574,0.5617,888,0.002664
babyvision,4,none,ensemble,63,seed,0.9255,0.2742,0.725,3157,0.009471
babyvision,6,none,ensemble,63,seed,0.7331,0.2711,0.7761,5418,0.016254
babyvision,8,none,ensemble,63,seed,0.8858,0.1011,0.6919,6025,0.018075
babyvision,4,chain,team,63,seed,0.7845,0.295,0.686,3917,0.011751
babyvision,4,star,team,63,seed,0.6918,0.1668,0.8123,3495,0.010485
babyvision,4,full,team,63,seed,0.765,0.1467,0.8051,2869,0.008607
babyvision,4,hierarchy,team,63,seed,0.6703,0.2037,0.719,3536,0.010608
babyvision,6,chain,team,63,seed,0.5638,0.1734,0.7106,5298,0.015894
babyvision,6,star,team,63,seed,0.505,0.1979,0.8381,4585,0.013755
babyvision,6,full,team,63,seed,0.5446,0.1133,0.8219,4706,0.014118
babyvision,6,hierarchy,team,63,seed,0.5498,0.1641,0.6955,4763,0.014289
babyvision,8,chain,team,63,seed,0.6116,0.1664,0.8126,6158,0.018474
babyvision,8,star,team,63,seed,0.4507,0.0861,0.7747,7658,0.022974
babyvision,8,full,team,63,seed,0.4942,0.0874,0.7547,5376,0.016128
babyvision,8,hierarchy,team,63,seed,0.4336,0.1712,0.7636,5786,0.017358
babyvision,1,none,single_llm,63,paraphrase,1.2028,0.464,0.4893,749,0.002247
babyvision,4,none,ensemble,63,paraphrase,0.993,0.4303,0.6832,3669,0.011007
babyvision,6,none,ensemble,63,paraphrase,0.7379,0.2897,0.6113,5061,0.015183
babyvision,8,none,ensemble,63,paraphrase,1.0072,0.2947,0.6377,5976,0.017928
babyvision,4,chain,team,63,paraphrase,0.9221,0.3163,0.707,3241,0.009723
babyvision,4,star,team,63,paraphrase,0.815,0.2683,0.7658,3401,0.010203
babyvision,4,full,team,63,paraphrase,0.7824,0.2355,0.7356,2950,0.00885
babyvision,4,hierarchy,team,63,paraphrase,0.7507,0.2893,0.6844,3460,0.01038
babyvision,6,chain,team,63,paraphrase,0.6965,0.275,0.7465,5204,0.015612
babyvision,6,star,team,63,paraphrase,0.604,0.2286,0.7815,4055,0.012165
babyvision,6,full,team,63,paraphrase,0.7918,0.2829,0.802,5186,0.015558
babyvision,6,hierarchy,team,63,paraphrase,0.7305,0.2093,0.7291,5262,0.015786
babyvision,8,chain,team,63,paraphrase,0.5293,0.1784,0.7051,6820,0.02046
babyvision,8,star,team,63,paraphrase,0.4901,0.1818,0.7497,5752,0.017256
babyvision,8,full,team,63,paraphrase,0.3027,0.1298,0.778,6711,0.020133
babyvision,8,hierarchy,team,63,paraphrase,0.6461,0.2252,0.7137,5862,0.017586
babyvision,1,none,single_llm,64,seed,1.3063,0.3523,0.5985,830,0.00249
babyvision,4,none,ensemble,64,seed,1.1041,0.2367,0.7141,3851,0.011553
babyvision,6,none,ensemble,64,seed,0.8746,0.2622,0.6342,5229,0.015687
babyvision,8,none,ensemble,64,seed,0.9355,0.1936,0.7652,6579,0.019737
babyvision,4,chain,team,64,seed,0.8191,0.26,0.7659,3155,0.009465
babyvision,4,star,team,64,seed,0.8133,0.242,0.7423,3199,0.009597
babyvision,4,full,team,64,seed,0.5231,0.2008,0.8412,3117,0.009351
babyvision,4,hierarchy,team,64,seed,0.7633,0.1987,0.7408,3274,0.009822
babyvision,6,chain,team,64,seed,0.5432,0.1728,0.7094,5082,0.015246
babyvision,6,star,team,64,seed,0.5955,0.135,0.7865,4694,0.014082
babyvision,6,full,team,64,seed,0.656,0.1146,0.8264,4461,0.013383
babyvision,6,hierarchy,team,64,seed,0.673,0.2037,0.8288,5506,0.016518
babyvision,8,chain,team,64,seed,0.5759,0.2104,0.8462,5681,0.017043
babyvision,8,star,team,64,seed,0.4363,0.071,0.8481,5434,0.016302
babyvision,8,full,team,64,seed,0.2887,0.0669,0.7181,6574,0.019722
babyvision,8,hierarchy,team,64,seed,0.4082,0.0732,0.7829,6410,0.01923
babyvision,1,none,single_llm,64,paraphrase,1.0495,0.3822,0.4898,771,0.002313
babyvision,4,none,ensemble,64,paraphrase,0.9905,0.379,0.7388,3099,0.009297
babyvision,6,none,ensemble,64,paraphrase,0.7896,0.2855,0.6617,4774,0.014322
babyvision,8,none,ensemble,64,paraphrase,0.9533,0.3889,0.5872,6075,0.018225
babyvision,4,chain,team,64,paraphrase,1.0141,0.2666,0.7395,3401,0.010203
babyvision,4,star,team,64,paraphrase,0.9337,0.334,0.7467,2641,0.007923
babyvision,4,full,team,64,paraphrase,0.71,0.3249,0.6693,3358,0.010074
babyvision,4,hierarchy,team,64,paraphrase,0.5785,0.2135,0.7643,3211,0.009633
babyvision,6,chain,team,64,paraphrase,0.6639,0.2097,0.6148,5132,0.015396
babyvision,6,star,team,64,paraphrase,0.6233,0.1514,0.7461,5078,0.015234
babyvision,6,full,team,64,paraphrase,0.6015,0.1969,0.7565,4460,0.01338
babyvision,6,hierarchy,team,64,paraphrase,0.677,0.2516,0.7864,5179,0.015537
babyvision,8,chain,team,64,paraphrase,0.5592,0.2463,0.7483,5945,0.017835
babyvision,8,star,team,64,paraphrase,0.5302,0.218,0.8238,5240,0.01572
babyvision,8,full,team,64,paraphrase,0.7107,0.2174,0.775,6245,0.018735
babyvision,8,hierarchy,team,64,paraphrase,0.6357,0.1752,0.7361,5455,0.016365
babyvision,1,none,single_llm,65,seed,0.9888,0.5049,0.5394,816,0.002448
babyvision,4,none,ensemble,65,seed,0.9463,0.2186,0.6316,3229,0.009687
babyvision,6,none,ensemble,65,seed,0.8446,0.1997,0.7188,4890,0.01467
babyvision,8,none,ensemble,65,seed,0.8471,0.2536,0.7198,6291,0.018873
babyvision,4,chain,team,65,seed,0.9282,0.1897,0.6463,3377,0.010131
babyvision,4,star,team,65,seed,0.6671,0.1544,0.8143,3153,0.009459
babyvision,4,full,team,65,seed,0.5736,0.2549,0.6995,3172,0.009516
babyvision,4,hierarchy,team,65,seed,0.5611,0.2183,0.7279,3462,0.010386
babyvision,6,chain,team,65,seed,0.6199,0.2363,0.7331,4029,0.012087
babyvision,6,star,team,65,seed,0.5953,0.1421,0.6937,4293,0.012879
babyvision,6,full,team,65,seed,0.4679,0.1945,0.83,4633,0.013899
babyvision,6,hierarchy,team,65,seed,0.6387,0.0807,0.7464,4992,0.014976
babyvision,8,chain,team,65,seed,0.5632,0.1393,0.7631,6616,0.019848
babyvision,8,star,team,65,seed,0.4957,0.1653,0.8109,6727,0.020181
babyvision,8,full,team,65,seed,0.638,0.1439,0.892,5969,0.017907
babyvision,8,hierarchy,team,65,seed,0.3574,0.1352,0.7737,7334,0.022002
babyvision,1,none,single_llm,65,paraphrase,1.1605,0.4203,0.5234,808,0.002424
babyvision,4,none,ensemble,65,paraphrase,1.0094,0.3379,0.6747,3691,0.011073
babyvision,6,none,ensemble,65,paraphrase,0.9521,0.2565,0.7421,4282,0.012846
babyvision,8,none,ensemble,65,paraphrase,1.0949,0.3455,0.7794,6838,0.020514
babyvision,4,chain,team,65,paraphrase,0.6488,0.2459,0.7153,2983,0.008949
babyvision,4,star,team,65,paraphrase,0.7785,0.282,0.7215,2809,0.008427
babyvision,4,full,team,65,paraphrase,0.8686,0.2581,0.7276,3427,0.010281
babyvision,4,hierarchy,team,65,paraphrase,0.8395,0.3208,0.7276,3623,0.010869
babyvision,6,chain,team,65,paraphrase,0.5142,0.2606,0.6947,4387,0.013161
babyvision,6,star,team,65,paraphrase,0.7674,0.2478,0.6443,5143,0.015429
babyvision,6,full,team,65,paraphrase,0.681,0.1633,0.7129,4036,0.012108
babyvision,6,hierarchy,team,65,paraphrase,0.6378,0.2151,0.7745,4929,0.014787
babyvision,8,chain,team,65,paraphrase,0.5207,0.2304,0.7123,5801,0.017403
babyvision,8,star,team,65,paraphrase,0.4177,0.2158,0.7773,6756,0.020268
babyvision,8,full,team,65,paraphrase,0.4738,0.1777,0.6962,5768,0.017304
babyvision,8,hierarchy,team,65,paraphrase,0.6,0.2113,0.6636,5723,0.017169
babyvision,1,none,single_llm,66,seed,1.1952,0.4225,0.4781,811,0.002433
babyvision,4,none,ensemble,66,seed,0.9794,0.2475,0.6661,2769,0.008307
babyvision,6,none,ensemble,66,seed,0.7895,0.309,0.7803,5204,0.015612
babyvision,8,none,ensemble,66,seed,0.932,0.127,0.6731,6200,0.0186
babyvision,4,chain,team,66,seed,1.0216,0.215,0.7772,3321,0.009963
babyvision,4,star,team,66,seed,0.7656,0.1966,0.71,2335,0.007005
babyvision,4,full,team,66,seed,0.8282,0.1528,0.6866,3340,0.01002
babyvision,4,hierarchy,team,66,seed,0.7919,0.2382,0.8158,2905,0.008715
babyvision,6,chain,team,66,seed,0.5341,0.1695,0.7957,3790,0.01137
babyvision,6,star,team,66,seed,0.5844,0.1895,0.8292,5140,0.01542
babyvision,6,full,team,66,seed,0.6479,0.0224,0.8753,4958,0.014874
babyvision,6,hierarchy,team,66,seed,0.7251,0.1153,0.6869,5657,0.016971
babyvision,8,chain,team,66,seed,0.454,0.1484,0.7914,6894,0.020682
babyvision,8,star,team,66,seed,0.6045,0.1398,0.7423,6852,0.020556
babyvision,8,full,team,66,seed,0.5389,0.0382,0.8759,4808,0.014424
babyvision,8,hierarchy,team,66,seed,0.6201,0.1155,0.8203,6726,0.020178
babyvision,1,none,single_llm,66,paraphrase,1.3244,0.4521,0.4889,857,0.002571
babyvision,4,none,ensemble,66,paraphrase,1.2922,0.2529,0.4187,3066,0.009198
babyvision,6,none,ensemble,66,paraphrase,0.8901,0.2784,0.5944,5218,0.015654
babyvision,8,none,ensemble,66,paraphrase,0.7142,0.3009,0.7283,6602,0.019806
babyvision,4,chain,team,66,paraphrase,0.9087,0.3255,0.7027,3089,0.009267
babyvision,4,star,team,66,paraphrase,0.8586,0.2815,0.7745,2652,0.007956
babyvision,4,full,team,66,paraphrase,0.7616,0.1949,0.768,3432,0.010296
babyvision,4,hierarchy,team,66,paraphrase,0.8026,0.2383,0.7498,3157,0.009471
babyvision,6,chain,team,66,paraphrase,0.8442,0.3132,0.7647,4911,0.014733
babyvision,6,star,team,66,paraphrase,0.8342,0.2219,0.7207,4475,0.013425
babyvision,6,full,team,66,paraphrase,0.5512,0.192,0.7778,4120,0.01236
babyvision,6,hierarchy,team,66,paraphrase,0.6267,0.2308,0.7668,4787,0.014361
babyvision,8,chain,team,66,paraphrase,0.6511,0.1713,0.6794,6361,0.019083
babyvision,8,star,team,66,paraphrase,0.6277,0.2001,0.7126,6248,0.018744
babyvision,8,full,team,66,paraphrase,0.6979,0.1926,0.7569,5743,0.017229
babyvision,8,hierarchy,team,66,paraphrase,0.5253,0.2011,0.7588,6761,0.020283
babyvision,1,none,single_llm,67,seed,1.3082,0.3428,0.4992,963,0.002889
babyvision,4,none,ensemble,67,seed,0.8832,0.1954,0.5517,3086,0.009258
babyvision,6,none,ensemble,67,seed,0.981,0.2085,0.7787,4796,0.014388
babyvision,8,none,ensemble,67,seed,0.9331,0.1804,0.6855,6458,0.019374
babyvision,4,chain,team,67,seed,0.8283,0.2203,0.7546,3388,0.010164
babyvision,4,star,team,67,seed,0.5879,0.1839,0.7441,3049,0.009147
babyvision,4,full,team,67,seed,0.7407,0.1573,0.6797,3124,0.009372
babyvision,4,hierarchy,team,67,seed,0.6436,0.2274,0.8003,2504,0.007512
babyvision,6,chain,team,67,seed,0.5442,0.1964,0.6842,5175,0.015525
babyvision,6,star,team,67,seed,0.6765,0.1458,0.7459,3690,0.01107
babyvision,6,full,team,67,seed,0.623,0.2123,0.8844,4706,0.014118
babyvision,6,hierarchy,team,67,seed,0.4823,0.1957,0.7683,5029,0.015087
babyvision,8,chain,team,67,seed,0.5769,0.1646,0.8164,7082,0.021246
babyvision,8,star,team,67,seed,0.4444,0.0939,0.67,6178,0.018534
babyvision,8,full,team,67,seed,0.3573,0.1276,0.7882,6254,0.018762
babyvision,8,hierarchy,team,67,seed,0.5979,0.1567,0.7792,7479,0.022437
babyvision,1,none,single_llm,67,paraphrase,1.4407,0.4,0.469,863,0.002589
babyvision,4,none,ensemble,67,paraphrase,1.0543,0.2639,0.6637,3602,0.010806
babyvision,6,none,ensemble,67,paraphrase,1.0899,0.3744,0.7742,5630,0.01689
babyvision,8,none,ensemble,67,paraphrase,0.9209,0.2679,0.5802,6406,0.019218
babyvision,4,chain,team,67,paraphrase,0.9119,0.2892,0.6056,3108,0.009324
babyvision,4,star,team,67,paraphrase,0.8745,0.2165,0.7383,3338,0.010014
babyvision,4,full,team,67,paraphrase,0.8918,0.306,0.7211,3258,0.009774
babyvision,4,hierarchy,team,67,paraphrase,0.8515,0.2935,0.7469,3656,0.010968
babyvision,6,chain,team,67,paraphrase,0.4685,0.259,0.739,4687,0.014061
babyvision,6,star,team,67,paraphrase,0.4252,0.2098,0.7091,5605,0.016815
babyvision,6,full,team,67,paraphrase,0.6591,0.1604,0.652,5083,0.015249
babyvision,6,hierarchy,team,67,paraphrase,0.7412,0.2136,0.7648,4632,0.013896
babyvision,8,chain,team,67,paraphrase,0.7334,0.2605,0.6431,5507,0.016521
babyvision,8,star,team,67,paraphrase,0.7798,0.2281,0.6919,5394,0.016182
babyvision,8,full,team,67,paraphrase,0.5674,0.1251,0.7492,6369,0.019107
babyvision,8,hierarchy,team,67,paraphrase,0.5876,0.2459,0.8367,6093,0.018279
babyvision,1,none,single_llm,68,seed,1.0804,0.3883,0.6492,767,0.002301
babyvision,4,none,ensemble,68,seed,1.052,0.2181,0.6513,2828,0.008484
babyvision,6,none,ensemble,68,seed,0.8695,0.2314,0.7265,5653,0.016959
babyvision,8,none,ensemble,68,seed,0.7533,0.1183,0.7179,6591,0.019773
babyvision,4,chain,team,68,seed,0.8002,0.2212,0.8144,3243,0.009729
babyvision,4,star,team,68,seed,0.7195,0.1664,0.6827,3305,0.009915
babyvision,4,full,team,68,seed,0.7245,0.1351,0.7778,3153,0.009459
babyvision,4,hierarchy,team,68,seed,0.6875,0.1758,0.7803,3127,0.009381
babyvision,6,chain,team,68,seed,0.5625,0.1478,0.7481,5243,0.015729
babyvision,6,star,team,68,seed,0.5923,0.1428,0.8,5454,0.016362
babyvision,6,full,team,68,seed,0.5906,0.1426,0.8266,4724,0.014172
babyvision,6,hierarchy,team,68,seed,0.61,0.1427,0.6971,4964,0.014892
babyvision,8,chain,team,68,seed,0.5813,0.1493,0.8168,5938,0.017814
babyvision,8,star,team,68,seed,0.3195,0.1029,0.718,6616,0.019848
babyvision,8,full,team,68,seed,0.3915,0.1502,0.8532,5808,0.017424
babyvision,8,hierarchy,team,68,seed,0.4359,0.1622,0.834,5111,0.015333
babyvision,1,none,single_llm,68,paraphrase,1.3723,0.2931,0.4566,887,0.002661
babyvision,4,none,ensemble,68,paraphrase,1.3912,0.3081,0.5352,3035,0.009105
babyvision,6,none,ensemble,68,paraphrase,0.9561,0.2638,0.5945,4595,0.013785
babyvision,8,none,ensemble,68,paraphrase,0.9275,0.2699,0.6371,5971,0.017913
babyvision,4,chain,team,68,paraphrase,0.8186,0.2475,0.6646,3405,0.010215
babyvision,4,star,team,68,paraphrase,0.787,0.1874,0.7812,3333,0.009999
babyvision,4,full,team,68,paraphrase,0.6417,0.2229,0.7004,3416,0.010248
babyvision,4,hierarchy,team,68,paraphrase,0.7928,0.2646,0.7105,2726,0.008178
babyvision,6,chain,team,68,paraphrase,0.8421,0.2687,0.6773,4892,0.014676
babyvision,6,star,team,68,paraphrase,0.749,0.2145,0.8225,6200,0.0186
babyvision,6,full,team,68,paraphrase,0.609,0.1689,0.7052,3737,0.011211
babyvision,6,hierarchy,team,68,paraphrase,0.7964,0.2081,0.7784,5316,0.015948
babyvision,8,chain,team,68,paraphrase,0.5186,0.1836,0.8122,6355,0.019065
babyvision,8,star,team,68,paraphrase,0.5106,0.149,0.7479,7365,0.022095
babyvision,8,full,team,68,paraphrase,0.6152,0.1781,0.8444,7293,0.021879
babyvision,8,hierarchy,team,68,paraphrase,0.6301,0.3119,0.7326,7102,0.021306
babyvision,1,none,single_llm,69,seed,1.1911,0.4192,0.5176,836,0.002508
babyvision,4,none,ensemble,69,seed,1.2368,0.3076,0.6786,2952,0.008856
babyvision,6,none,ensemble,69,seed,0.8908,0.1869,0.7432,5213,0.015639
babyvision,8,none,ensemble,69,seed,0.7784,0.3015,0.8214,6495,0.019485
babyvision,4,chain,team,69,seed,0.8366,0.204,0.7264,2855,0.008565
babyvision,4,star,team,69,seed,0.6822,0.1933,0.687,3384,0.010152
babyvision,4,full,team,69,seed,0.8022,0.1772,0.6451,3119,0.009357
babyvision,4,hierarchy,team,69,seed,0.6107,0.1831,0.8326,2420,0.00726
babyvision,6,chain,team,69,seed,0.54,0.2154,0.7195,4426,0.013278
babyvision,6,star,team,69,seed,0.7748,0.1674,0.8313,5037,0.015111
babyvision,6,full,team,69,seed,0.5578,0.1828,0.8899,3991,0.011973
babyvision,6,hierarchy,team,69,seed,0.5881,0.1605,0.7532,5270,0.01581
babyvision,8,chain,team,69,seed,0.5724,0.2379,0.82,7273,0.021819
babyvision,8,star,team,69,seed,0.3768,0.0986,0.7588,7246,0.021738
babyvision,8,full,team,69,seed,0.3699,0.0733,0.7489,8161,0.024483
babyvision,8,hierarchy,team,69,seed,0.5024,0.162,0.728,7013,0.021039
babyvision,1,none,single_llm,69,paraphrase,1.064,0.3663,0.4438,817,0.002451
babyvision,4,none,ensemble,69,paraphrase,0.9348,0.3962,0.6402,2979,0.008937
babyvision,6,none,ensemble,69,paraphrase,1.0679,0.2776,0.6146,5229,0.015687
babyvision,8,none,ensemble,69,paraphrase,0.5857,0.3151,0.6472,5942,0.017826
babyvision,4,chain,team,69,paraphrase,1.0558,0.2663,0.7478,3289,0.009867
babyvision,4,star,team,69,paraphrase,0.8483,0.2475,0.7149,3688,0.011064
babyvision,4,full,team,69,paraphrase,0.873,0.2175,0.6877,3012,0.009036
babyvision,4,hierarchy,team,69,paraphrase,0.9281,0.3146,0.7477,2682,0.008046
babyvision,6,chain,team,69,paraphrase,0.777,0.2944,0.7233,5750,0.01725
babyvision,6,star,team,69,paraphrase,0.5195,0.2396,0.6936,5308,0.015924
babyvision,6,full,team,69,paraphrase,0.6829,0.2643,0.7796,4606,0.013818
babyvision,6,hierarchy,team,69,paraphrase,0.6225,0.2122,0.7091,5446,0.016338
babyvision,8,chain,team,69,paraphrase,0.7542,0.161,0.7269,6439,0.019317
babyvision,8,star,team,69,paraphrase,0.4985,0.2084,0.828,6970,0.02091
babyvision,8,full,team,69,paraphrase,0.6814,0.1421,0.7668,5909,0.017727
babyvision,8,hierarchy,team,69,paraphrase,0.6206,0.214,0.793,7240,0.02172
babyvision,1,none,single_llm,70,seed,1.3533,0.3134,0.4403,841,0.002523
babyvision,4,none,ensemble,70,seed,1.1301,0.2588,0.5584,3867,0.011601
babyvision,6,none,ensemble,70,seed,0.9269,0.2458,0.6199,4807,0.014421
babyvision,8,none,ensemble,70,seed,0.8824,0.2435,0.6892,6363,0.019089
babyvision,4,chain,team,70,seed,0.7184,0.2941,0.7847,3032,0.009096
babyvision,4,star,team,70,seed,0.6132,0.2086,0.7454,3066,0.009198
babyvision,4,full,team,70,seed,0.5865,0.137,0.7881,3114,0.009342
babyvision,4,hierarchy,team,70,seed,0.9997,0.2313,0.7024,2708,0.008124
babyvision,6,chain,team,70,seed,0.6614,0.1664,0.8212,4935,0.014805
babyvision,6,star,team,70,seed,0.3733,0.1115,0.7509,5012,0.015036
babyvision,6,full,team,70,seed,0.4363,0.1384,0.7278,4802,0.014406
babyvision,6,hierarchy,team,70,seed,0.6286,0.2207,0.7869,4407,0.013221
babyvision,8,chain,team,70,seed,0.696,0.1535,0.8037,6007,0.018021
babyvision,8,star,team,70,seed,0.5057,0.0988,0.8111,6914,0.020742
babyvision,8,full,team,70,seed,0.4172,0.0888,0.8228,5871,0.017613
babyvision,8,hierarchy,team,70,seed,0.3649,0.155,0.7796,6317,0.018951
babyvision,1,none,single_llm,70,paraphrase,1.4082,0.4646,0.4837,710,0.00213
babyvision,4,none,ensemble,70,paraphrase,0.9534,0.3492,0.6182,3024,0.009072
babyvision,6,none,ensemble,70,paraphrase,0.8541,0.3282,0.6367,5161,0.015483
babyvision,8,none,ensemble,70,paraphrase,0.9855,0.2627,0.747,6488,0.019464
babyvision,4,chain,team,70,paraphrase,0.8868,0.2,0.6515,2906,0.008718
babyvision,4,star,team,70,paraphrase,0.7781,0.2621,0.7378,3291,0.009873
babyvision,4,full,team,70,paraphrase,0.7115,0.2652,0.8305,3086,0.009258
babyvision,4,hierarchy,team,70,paraphrase,0.7636,0.2401,0.7243,3031,0.009093
babyvision,6,chain,team,70,paraphrase,0.5286,0.184,0.7656,5415,0.016245
babyvision,6,star,team,70,paraphrase,0.8116,0.2213,0.6951,4589,0.013767
babyvision,6,full,team,70,paraphrase,0.4725,0.131,0.7674,5058,0.015174
babyvision,6,hierarchy,team,70,paraphrase,0.8674,0.2189,0.6667,4741,0.014223
babyvision,8,chain,team,70,paraphrase,0.5984,0.2012,0.7422,5622,0.016866
babyvision,8,star,team,70,paraphrase,0.5897,0.2169,0.826,6598,0.019794
babyvision,8,full,team,70,paraphrase,0.651,0.1531,0.7498,7262,0.021786
babyvision,8,hierarchy,team,70,paraphrase,0.4595,0.1847,0.8014,6264,0.018792
babyvision,1,none,single_llm,71,seed,1.2072,0.3491,0.5432,886,0.002658
babyvision,4,none,ensemble,71,seed,1.0609,0.2606,0.7155,3309,0.009927
babyvision,6,none,ensemble,71,seed,0.9713,0.1859,0.7943,4905,0.014715
babyvision,8,none,ensemble,71,seed,0.4702,0.3013,0.7303,6146,0.018438
babyvision,4,chain,team,71,seed,0.7194,0.2451,0.6956,3015,0.009045
babyvision,4,star,team,71,seed,0.6747,0.1858,0.7442,3472,0.010416
babyvision,4,full,team,71,seed,0.7271,0.1932,0.8105,3170,0.00951
babyvision,4,hierarchy,team,71,seed,0.648,0.2797,0.8064,3716,0.011148
babyvision,6,chain,team,71,seed,0.725,0.1638,0.6372,4210,0.01263
babyvision,6,star,team,71,seed,0.6352,0.1482,0.7636,3602,0.010806
babyvision,6,full,team,71,seed,0.5403,0.089,0.7584,5208,0.015624
babyvision,6,hierarchy,team,71,seed,0.4887,0.1249,0.7839,5218,0.015654
babyvision,8,chain,team,71,seed,0.5064,0.2195,0.7011,5469,0.016407
babyvision,8,star,team,71,seed,0.3427,0.0647,0.8118,5774,0.017322
babyvision,8,full,team,71,seed,0.3256,0.126,0.8462,7072,0.021216
babyvision,8,hierarchy,team,71,seed,0.6042,0.1041,0.7988,6717,0.020151
babyvision,1,none,single_llm,71,paraphrase,1.2588,0.4349,0.4074,749,0.002247
babyvision,4,none,ensemble,71,paraphrase,1.0746,0.3954,0.6791,3411,0.010233
babyvision,6,none,ensemble,71,paraphrase,0.9577,0.2935,0.5631,4398,0.013194
babyvision,8,none,ensemble,71,paraphrase,0.7837,0.3071,0.7467,6871,0.020613
babyvision,4,chain,team,71,paraphrase,0.9783,0.2904,0.6509,3184,0.009552
babyvision,4,star,team,71,paraphrase,0.7375,0.2838,0.712,3168,0.009504
babyvision,4,full,team,71,paraphrase,0.8494,0.2079,0.7882,2768,0.008304
babyvision,4,hierarchy,team,71,paraphrase,0.8607,0.2639,0.7614,2760,0.00828
babyvision,6,chain,team,71,paraphrase,0.5485,0.2722,0.6951,4756,0.014268
babyvision,6,star,team,71,paraphrase,0.5856,0.2488,0.7596,4915,0.014745
babyvision,6,full,team,71,paraphrase,0.5046,0.2123,0.705,4483,0.013449
babyvision,6,hierarchy,team,71,paraphrase,0.5351,0.216,0.7878,4908,0.014724
babyvision,8,chain,team,71,paraphrase,0.5825,0.2252,0.7302,6442,0.019326
babyvision,8,star,team,71,paraphrase,0.5944,0.1492,0.7603,5276,0.015828
babyvision,8,full,team,71,paraphrase,0.6042,0.1267,0.8239,4835,0.014505
babyvision,8,hierarchy,team,71,paraphrase,0.7641,0.1353,0.685,6591,0.019773
babyvision,1,none,single_llm,72,seed,1.3428,0.348,0.5975,736,0.002208
babyvision,4,none,ensemble,72,seed,0.902,0.2449,0.6177,2581,0.007743
babyvision,6,none,ensemble,72,seed,0.8652,0.2315,0.7547,4182,0.012546
babyvision,8,none,ensemble,72,seed,0.7233,0.2785,0.7476,6751,0.020253
babyvision,4,chain,team,72,seed,0.8253,0.2458,0.8311,3229,0.009687
babyvision,4,star,team,72,seed,0.6289,0.2231,0.7417,3164,0.009492
babyvision,4,full,team,72,seed,0.737,0.1446,0.7545,3352,0.010056
babyvision,4,hierarchy,team,72,seed,0.6951,0.2464,0.7107,2883,0.008649
babyvision,6,chain,team,72,seed,0.8122,0.121,0.7533,5688,0.017064
babyvision,6,star,team,72,seed,0.5687,0.2061,0.8172,4796,0.014388
babyvision,6,full,team,72,seed,0.5285,0.0475,0.7787,4911,0.014733
babyvision,6,hierarchy,team,72,seed,0.6148,0.2609,0.7887,5102,0.015306
babyvision,8,chain,team,72,seed,0.6632,0.1825,0.7607,6348,0.019044
babyvision,8,star,team,72,seed,0.4616,0.1486,0.7865,6799,0.020397
babyvision,8,full,team,72,seed,0.3658,0.1167,0.8826,6256,0.018768
babyvision,8,hierarchy,team,72,seed,0.701,0.1474,0.7822,6474,0.019422
babyvision,1,none,single_llm,72,paraphrase,1.2833,0.3062,0.5566,975,0.002925
babyvision,4,none,ensemble,72,paraphrase,1.0877,0.3471,0.599,3570,0.01071
babyvision,6,none,ensemble,72,paraphrase,0.9435,0.3106,0.5561,4545,0.013635
babyvision,8,none,ensemble,72,paraphrase,0.9241,0.3237,0.7461,5389,0.016167
babyvision,4,chain,team,72,paraphrase,0.7122,0.3109,0.6627,3486,0.010458
babyvision,4,star,team,72,paraphrase,0.647,0.2536,0.7283,3353,0.010059
babyvision,4,full,team,72,paraphrase,0.6769,0.1588,0.7486,3368,0.010104
babyvision,4,hierarchy,team,72,paraphrase,0.9307,0.2532,0.7588,3355,0.010065
babyvision,6,chain,team,72,paraphrase,0.8338,0.24,0.6281,4767,0.014301
babyvision,6,star,team,72,paraphrase,0.6604,0.233,0.668,4650,0.01395
babyvision,6,full,team,72,paraphrase,0.7084,0.1881,0.7393,5715,0.017145
babyvision,6,hierarchy,team,72,paraphrase,0.5646,0.2716,0.7857,4691,0.014073
babyvision,8,chain,team,72,paraphrase,0.6234,0.2194,0.7341,6019,0.018057
babyvision,8,star,team,72,paraphrase,0.5339,0.1766,0.7388,6201,0.018603
babyvision,8,full,team,72,paraphrase,0.3226,0.1747,0.7386,5205,0.015615
babyvision,8,hierarchy,team,72,paraphrase,0.5617,0.1856,0.8088,6054,0.018162
babyvision,1,none,single_llm,73,seed,1.3502,0.448,0.491,796,0.002388
babyvision,4,none,ensemble,73,seed,1.1574,0.2714,0.6724,3069,0.009207
babyvision,6,none,ensemble,73,seed,0.9506,0.2353,0.5801,4629,0.013887
babyvision,8,none,ensemble,73,seed,0.658,0.2239,0.675,6706,0.020118
babyvision,4,chain,team,73,seed,0.7845,0.1776,0.7154,3398,0.010194
babyvision,4,star,team,73,seed,0.8448,0.1614,0.7151,3824,0.011472
babyvision,4,full,team,73,seed,0.699,0.1812,0.743,3268,0.009804
babyvision,4,hierarchy,team,73,seed,0.9215,0.2177,0.8132,3209,0.009627
babyvision,6,chain,team,73,seed,0.519,0.1549,0.6987,4904,0.014712
babyvision,6,star,team,73,seed,0.694,0.1587,0.7692,4420,0.01326
babyvision,6,full,team,73,seed,0.5771,0.0827,0.7379,5232,0.015696
babyvision,6,hierarchy,team,73,seed,0.5638,0.1503,0.7662,5148,0.015444
babyvision,8,chain,team,73,seed,0.5632,0.1311,0.7296,6275,0.018825
babyvision,8,star,team,73,seed,0.5269,0.1294,0.7888,6429,0.019287
babyvision,8,full,team,73,seed,0.463,0.0796,0.8604,6091,0.018273
babyvision,8,hierarchy,team,73,seed,0.5296,0.0584,0.7742,5696,0.017088
babyvision,1,none,single_llm,73,paraphrase,1.1831,0.5703,0.5125,898,0.002694
babyvision,4,none,ensemble,73,paraphrase,1.1326,0.3692,0.5981,3714,0.011142
babyvision,6,none,ensemble,73,paraphrase,1.0498,0.2993,0.6658,4734,0.014202
babyvision,8,none,ensemble,73,paraphrase,0.8863,0.2762,0.7129,7513,0.022539
babyvision,4,chain,team,73,paraphrase,0.7395,0.3332,0.6816,3606,0.010818
babyvision,4,star,team,73,paraphrase,0.7767,0.274,0.7221,2646,0.007938
babyvision,4,full,team,73,paraphrase,0.9539,0.1998,0.7442,2863,0.008589
babyvision,4,hierarchy,team,73,paraphrase,0.6963,0.2593,0.6903,2825,0.008475
babyvision,6,chain,team,73,paraphrase,0.6981,0.183,0.7209,4738,0.014214
babyvision,6,star,team,73,paraphrase,0.4036,0.1913,0.768,4289,0.012867
babyvision,6,full,team,73,paraphrase,0.6728,0.2095,0.7037,4794,0.014382
babyvision,6,hierarchy,team,73,paraphrase,0.7541,0.1872,0.7243,5352,0.016056
babyvision,8,chain,team,73,paraphrase,0.5409,0.2392,0.671,6296,0.018888
babyvision,8,star,team,73,paraphrase,0.6213,0.0947,0.7283,6674,0.020022
babyvision,8,full,team,73,paraphrase,0.5693,0.1499,0.7098,6802,0.020406
babyvision,8,hierarchy,team,73,paraphrase,0.5644,0.2226,0.764,6113,0.018339
babyvision,1,none,single_llm,74,seed,1.4109,0.3293,0.6183,905,0.002715
babyvision,4,none,ensemble,74,seed,1.076,0.251,0.8028,3248,0.009744
babyvision,6,none,ensemble,74,seed,0.8971,0.2362,0.6222,5421,0.016263
babyvision,8,none,ensemble,74,seed,0.7313,0.2643,0.7996,6786,0.020358
babyvision,4,chain,team,74,seed,0.7108,0.2139,0.6061,3162,0.009486
babyvision,4,star,team,74,seed,0.8103,0.188,0.7405,3104,0.009312
babyvision,4,full,team,74,seed,0.8215,0.1753,0.8729,3017,0.009051
babyvision,4,hierarchy,team,74,seed,0.7717,0.1902,0.8637,3257,0.009771
babyvision,6,chain,team,74,seed,0.8344,0.1654,0.831,4856,0.014568
babyvision,6,star,team,74,seed,0.6553,0.1035,0.802,4286,0.012858
babyvision,6,full,team,74,seed,0.5673,0.0715,0.7899,5325,0.015975
babyvision,6,hierarchy,team,74,seed,0.6463,0.1129,0.6797,5038,0.015114
babyvision,8,chain,team,74,seed,0.7048,0.1223,0.8699,6395,0.019185
babyvision,8,star,team,74,seed,0.3008,0.0684,0.8335,6482,0.019446
babyvision,8,full,team,74,seed,0.6149,0.0629,0.8109,6404,0.019212
babyvision,8,hierarchy,team,74,seed,0.5024,0.1255,0.7669,6511,0.019533
babyvision,1,none,single_llm,74,paraphrase,1.3754,0.4402,0.5794,703,0.002109
babyvision,4,none,ensemble,74,paraphrase,0.8126,0.3708,0.5534,3078,0.009234
babyvision,6,none,ensemble,74,paraphrase,0.8747,0.2656,0.5625,4526,0.013578
babyvision,8,none,ensemble,74,paraphrase,0.9579,0.2781,0.7203,6082,0.018246
babyvision,4,chain,team,74,paraphrase,0.9503,0.2672,0.5946,3301,0.009903
babyvision,4,star,team,74,paraphrase,0.8867,0.2351,0.79,2927,0.008781
babyvision,4,full,team,74,paraphrase,0.8471,0.3073,0.7418,3127,0.009381
babyvision,4,hierarchy,team,74,paraphrase,0.8194,0.3326,0.7401,3886,0.011658
babyvision,6,chain,team,74,paraphrase,0.7295,0.2161,0.6854,4829,0.014487
babyvision,6,star,team,74,paraphrase,0.4475,0.1932,0.722,4915,0.014745
babyvision,6,full,team,74,paraphrase,0.8158,0.1944,0.6585,4361,0.013083
babyvision,6,hierarchy,team,74,paraphrase,0.6978,0.226,0.8158,5260,0.01578
babyvision,8,chain,team,74,paraphrase,0.7197,0.2121,0.78,5826,0.017478
babyvision,8,star,team,74,paraphrase,0.6735,0.1795,0.6826,6779,0.020337
babyvision,8,full,team,74,paraphrase,0.6864,0.1546,0.8431,5340,0.01602
babyvision,8,hierarchy,team,74,paraphrase,0.477,0.195,0.7265,5973,0.017919
babyvision,1,none,single_llm,75,seed,1.2701,0.3333,0.5099,822,0.002466
babyvision,4,none,ensemble,75,seed,0.8699,0.2547,0.6113,2814,0.008442
babyvision,6,none,ensemble,75,seed,0.9598,0.3227,0.7539,4959,0.014877
babyvision,8,none,ensemble,75,seed,0.723,0.204,0.7934,4939,0.014817
babyvision,4,chain,team,75,seed,0.7437,0.2569,0.6831,3335,0.010005
babyvision,4,star,team,75,seed,0.7677,0.1393,0.7743,3002,0.009006
babyvision,4,full,team,75,seed,0.7416,0.2043,0.7999,3223,0.009669
babyvision,4,hierarchy,team,75,seed,0.7789,0.1605,0.7585,2945,0.008835
babyvision,6,chain,team,75,seed,0.7247,0.2096,0.7886,5622,0.016866
babyvision,6,star,team,75,seed,0.5386,0.1303,0.7669,4030,0.01209
babyvision,6,full,team,75,seed,0.3892,0.1571,0.7249,4284,0.012852
babyvision,6,hierarchy,team,75,seed,0.5814,0.1458,0.8189,4829,0.014487
babyvision,8,chain,team,75,seed,0.4668,0.1997,0.8014,5496,0.016488
babyvision,8,star,team,75,seed,0.5219,0.1022,0.7579,7596,0.022788
babyvision,8,full,team,75,seed,0.4791,0.1021,0.8092,6959,0.020877
babyvision,8,hierarchy,team,75,seed,0.4465,0.1196,0.8178,5429,0.016287
babyvision,1,none,single_llm,75,paraphrase,1.4786,0.3287,0.4778,672,0.002016
babyvision,4,none,ensemble,75,paraphrase,0.9032,0.3849,0.6727,3568,0.010704
babyvision,6,none,ensemble,75,paraphrase,0.7743,0.2447,0.6704,5143,0.015429
babyvision,8,none,ensemble,75,paraphrase,0.7841,0.2494,0.6221,7461,0.022383
babyvision,4,chain,team,75,paraphrase,0.8125,0.2888,0.7042,3553,0.010659
babyvision,4,star,team,75,paraphrase,0.7148,0.3042,0.6661,3573,0.010719
babyvision,4,full,team,75,paraphrase,0.6085,0.2333,0.8213,3423,0.010269
babyvision,4,hierarchy,team,75,paraphrase,0.8721,0.2256,0.6833,3630,0.01089
babyvision,6,chain,team,75,paraphrase,0.7488,0.2779,0.7183,4664,0.013992
babyvision,6,star,team,75,paraphrase,0.7283,0.2226,0.7361,4121,0.012363
babyvision,6,full,team,75,paraphrase,0.717,0.2098,0.7243,5366,0.016098
babyvision,6,hierarchy,team,75,paraphrase,0.696,0.2328,0.7788,5120,0.01536
babyvision,8,chain,team,75,paraphrase,0.656,0.2133,0.8242,5930,0.01779
babyvision,8,star,team,75,paraphrase,0.6513,0.1875,0.7777,7189,0.021567
babyvision,8,full,team,75,paraphrase,0.5155,0.1949,0.7783,5989,0.017967
babyvision,8,hierarchy,team,75,paraphrase,0.7225,0.2293,0.7233,7106,0.021318
babyvision,1,none,single_llm,76,seed,1.1253,0.3633,0.505,860,0.00258
babyvision,4,none,ensemble,76,seed,0.8924,0.2979,0.6857,3079,0.009237
babyvision,6,none,ensemble,76,seed,1.0877,0.2,0.6055,5210,0.01563
babyvision,8,none,ensemble,76,seed,0.5421,0.2929,0.7361,5486,0.016458
babyvision,4,chain,team,76,seed,0.6852,0.1621,0.7591,2775,0.008325
babyvision,4,star,team,76,seed,0.7802,0.1853,0.7462,3362,0.010086
babyvision,4,full,team,76,seed,0.7624,0.2233,0.7483,3190,0.00957
babyvision,4,hierarchy,team,76,seed,0.6865,0.214,0.7211,3064,0.009192
babyvision,6,chain,team,76,seed,0.5797,0.194,0.7548,5043,0.015129
babyvision,6,star,team,76,seed,0.5609,0.1291,0.7942,4359,0.013077
babyvision,6,full,team,76,seed,0.5985,0.1208,0.8049,4905,0.014715
babyvision,6,hierarchy,team,76,seed,0.7517,0.1775,0.7783,4467,0.013401
babyvision,8,chain,team,76,seed,0.6269,0.15,0.6887,6275,0.018825
babyvision,8,star,team,76,seed,0.5158,0.0981,0.7891,6354,0.019062
babyvision,8,full,team,76,seed,0.4611,0.1602,0.7394,7701,0.023103
babyvision,8,hierarchy,team,76,seed,0.5134,0.164,0.7914,5295,0.015885
babyvision,1,none,single_llm,76,paraphrase,1.1715,0.3935,0.5646,689,0.002067
babyvision,4,none,ensemble,76,paraphrase,0.9273,0.3282,0.6384,3341,0.010023
babyvision,6,none,ensemble,76,paraphrase,0.8301,0.2174,0.6823,5487,0.016461
babyvision,8,none,ensemble,76,paraphrase,0.8386,0.2211,0.6642,6652,0.019956
babyvision,4,chain,team,76,paraphrase,0.8367,0.3438,0.7462,3258,0.009774
babyvision,4,star,team,76,paraphrase,0.6146,0.2298,0.7026,2961,0.008883
babyvision,4,full,team,76,paraphrase,0.7991,0.246,0.6563,3457,0.010371
babyvision,4,hierarchy,team,76,paraphrase,0.8316,0.2818,0.7572,2954,0.008862
babyvision,6,chain,team,76,paraphrase,0.8275,0.2366,0.7903,4370,0.01311
babyvision,6,star,team,76,paraphrase,0.7954,0.1761,0.8721,4343,0.013029
babyvision,6,full,team,76,paraphrase,0.7273,0.1777,0.7904,4780,0.01434
babyvision,6,hierarchy,team,76,paraphrase,0.5625,0.1104,0.86,4835,0.014505
babyvision,8,chain,team,76,paraphrase,0.3323,0.2329,0.7595,5942,0.017826
babyvision,8,star,team,76,paraphrase,0.5058,0.19,0.8151,6463,0.019389
babyvision,8,full,team,76,paraphrase,0.693,0.2161,0.7536,5394,0.016182
babyvision,8,hierarchy,team,76,paraphrase,0.574,0.2219,0.748,6806,0.020418
babyvision,1,none,single_llm,77,seed,1.3795,0.3969,0.5157,841,0.002523
babyvision,4,none,ensemble,77,seed,1.2183,0.1855,0.6792,3786,0.011358
babyvision,6,none,ensemble,77,seed,0.7272,0.2873,0.7581,4091,0.012273
babyvision,8,none,ensemble,77,seed,0.8855,0.2048,0.7264,6192,0.018576
babyvision,4,chain,team,77,seed,0.9113,0.223,0.7168,3057,0.009171
babyvision,4,star,team,77,seed,0.6959,0.1543,0.7464,3237,0.009711
babyvision,4,full,team,77,seed,0.7404,0.2257,0.792,3048,0.009144
babyvision,4,hierarchy,team,77,seed,0.6489,0.2193,0.7541,3173,0.009519
babyvision,6,chain,team,77,seed,0.6478,0.203,0.7681,4718,0.014154
babyvision,6,star,team,77,seed,0.4915,0.1277,0.827,4596,0.013788
babyvision,6,full,team,77,seed,0.407,0.1786,0.7475,4816,0.014448
babyvision,6,hierarchy,team,77,seed,0.6407,0.1624,0.6507,4987,0.014961
babyvision,8,chain,team,77,seed,0.6793,0.1923,0.6588,7761,0.023283
babyvision,8,star,team,77,seed,0.3641,0.0877,0.8341,6689,0.020067
babyvision,8,full,team,77,seed,0.4747,0.0881,0.8715,6374,0.019122
babyvision,8,hierarchy,team,77,seed,0.3601,0.1901,0.796,7113,0.021339
babyvision,1,none,single_llm,77,paraphrase,1.4159,0.5685,0.4733,801,0.002403
babyvision,4,none,ensemble,77,paraphrase,1.1164,0.3048,0.6582,2256,0.006768
babyvision,6,none,ensemble,77,paraphrase,0.9394,0.2921,0.6416,4379,0.013137
babyvision,8,none,ensemble,77,paraphrase,0.9887,0.2531,0.702,6376,0.019128
babyvision,4,chain,team,77,paraphrase,0.91,0.3447,0.7098,3469,0.010407
babyvision,4,star,team,77,paraphrase,0.8245,0.2373,0.7229,3109,0.009327
babyvision,4,full,team,77,paraphrase,0.8368,0.2418,0.7003,3128,0.009384
babyvision,4,hierarchy,team,77,paraphrase,0.6774,0.2601,0.7201,3778,0.011334
babyvision,6,chain,team,77,paraphrase,0.8364,0.2009,0.7247,4905,0.014715
babyvision,6,star,team,77,paraphrase,0.6286,0.2056,0.7269,5698,0.017094
babyvision,6,full,team,77,paraphrase,0.58,0.2059,0.6282,5195,0.015585
babyvision,6,hierarchy,team,77,paraphrase,0.79,0.1802,0.709,5016,0.015048
babyvision,8,chain,team,77,paraphrase,0.6286,0.2395,0.7106,7592,0.022776
babyvision,8,star,team,77,paraphrase,0.5097,0.2985,0.8171,6932,0.020796
babyvision,8,full,team,77,paraphrase,0.4426,0.2072,0.7952,5043,0.015129
babyvision,8,hierarchy,team,77,paraphrase,0.4562,0.2151,0.7383,6069,0.018207
babyvision,1,none,single_llm,78,seed,1.4118,0.312,0.5031,748,0.002244
babyvision,4,none,ensemble,78,seed,1.0112,0.174,0.6201,2648,0.007944
babyvision,6,none,ensemble,78,seed,0.8306,0.2734,0.7345,4450,0.01335
babyvision,8,none,ensemble,78,seed,0.864,0.2091,0.8117,6316,0.018948
babyvision,4,chain,team,78,seed,0.4827,0.2633,0.717,3112,0.009336
babyvision,4,star,team,78,seed,0.7636,0.1405,0.7737,3371,0.010113
babyvision,4,full,team,78,seed,0.7364,0.1535,0.8296,2880,0.00864
babyvision,4,hierarchy,team,78,seed,0.6874,0.2021,0.7748,3096,0.009288
babyvision,6,chain,team,78,seed,0.7445,0.1941,0.7584,4924,0.014772
babyvision,6,star,team,78,seed,0.6449,0.1619,0.6941,5322,0.015966
babyvision,6,full,team,78,seed,0.5536,0.1596,0.7743,3923,0.011769
babyvision,6,hierarchy,team,78,seed,0.3637,0.1245,0.8005,5422,0.016266
babyvision,8,chain,team,78,seed,0.5769,0.1187,0.7258,7270,0.02181
babyvision,8,star,team,78,seed,0.3656,0.2149,0.8888,7766,0.023298
babyvision,8,full,team,78,seed,0.5047,0.0972,0.8228,6981,0.020943
babyvision,8,hierarchy,team,78,seed,0.4516,0.0968,0.7708,5905,0.017715
babyvision,1,none,single_llm,78,paraphrase,1.5161,0.388,0.5017,878,0.002634
babyvision,4,none,ensemble,78,paraphrase,1.1836,0.3304,0.6331,2874,0.008622
babyvision,6,none,ensemble,78,paraphrase,1.0709,0.3604,0.5378,5646,0.016938
babyvision,8,none,ensemble,78,paraphrase,0.7959,0.3081,0.6947,6361,0.019083
babyvision,4,chain,team,78,paraphrase,0.8393,0.2478,0.7262,3108,0.009324
babyvision,4,star,team,78,paraphrase,0.6791,0.2161,0.6654,3032,0.009096
babyvision,4,full,team,78,paraphrase,0.8285,0.2091,0.7888,3161,0.009483
babyvision,4,hierarchy,team,78,paraphrase,0.8011,0.2682,0.7898,2761,0.008283
babyvision,6,chain,team,78,paraphrase,0.8672,0.2806,0.7135,5367,0.016101
babyvision,6,star,team,78,paraphrase,0.6193,0.2237,0.7176,5263,0.015789
babyvision,6,full,team,78,paraphrase,0.5509,0.1902,0.7886,5303,0.015909
babyvision,6,hierarchy,team,78,paraphrase,0.5895,0.2524,0.6855,3767,0.011301
babyvision,8,chain,team,78,paraphrase,0.5519,0.2542,0.7244,6057,0.018171
babyvision,8,star,team,78,paraphrase,0.5822,0.1917,0.7861,5368,0.016104
babyvision,8,full,team,78,paraphrase,0.5364,0.1758,0.6967,5517,0.016551
babyvision,8,hierarchy,team,78,paraphrase,0.5602,0.2012,0.7456,6043,0.018129
babyvision,1,none,single_llm,79,seed,1.1604,0.3413,0.5559,899,0.002697
babyvision,4,none,ensemble,79,seed,0.6836,0.2912,0.6433,3368,0.010104
babyvision,6,none,ensemble,79,seed,1.0104,0.1995,0.7467,4198,0.012594
babyvision,8,none,ensemble,79,seed,0.8153,0.2062,0.7328,5767,0.017301
babyvision,4,chain,team,79,seed,0.8237,0.291,0.6914,3260,0.00978
babyvision,4,star,team,79,seed,0.8156,0.1856,0.838,3062,0.009186
babyvision,4,full,team,79,seed,0.6884,0.1378,0.7863,3200,0.0096
babyvision,4,hierarchy,team,79,seed,0.8136,0.1821,0.7259,3347,0.010041
babyvision,6,chain,team,79,seed,0.7613,0.2074,0.847,5066,0.015198
babyvision,6,star,team,79,seed,0.6235,0.1794,0.859,5394,0.016182
babyvision,6,full,team,79,seed,0.4331,0.1643,0.8079,4706,0.014118
babyvision,6,hierarchy,team,79,seed,0.4143,0.1006,0.7564,4096,0.012288
babyvision,8,chain,team,79,seed,0.5123,0.1894,0.736,6453,0.019359
babyvision,8,star,team,79,seed,0.3897,0.1428,0.8204,5489,0.016467
babyvision,8,full,team,79,seed,0.3915,0.0601,0.8305,6504,0.019512
babyvision,8,hierarchy,team,79,seed,0.5117,0.1357,0.8011,6619,0.019857
babyvision,1,none,single_llm,79,paraphrase,1.2557,0.3869,0.4909,784,0.002352
babyvision,4,none,ensemble,79,paraphrase,1.2773,0.3008,0.6274,3349,0.010047
babyvision,6,none,ensemble,79,paraphrase,1.1162,0.2567,0.7304,4729,0.014187
babyvision,8,none,ensemble,79,paraphrase,1.1802,0.2965,0.6163,6273,0.018819
babyvision,4,chain,team,79,paraphrase,0.9936,0.2908,0.697,3430,0.01029
babyvision,4,star,team,79,paraphrase,0.7755,0.2491,0.6828,3753,0.011259
babyvision,4,full,team,79,paraphrase,0.6577,0.2443,0.764,3195,0.009585
babyvision,4,hierarchy,team,79,paraphrase,0.7046,0.2275,0.7461,2950,0.00885
babyvision,6,chain,team,79,paraphrase,0.4944,0.2577,0.671,5102,0.015306
babyvision,6,star,team,79,paraphrase,0.6314,0.2022,0.7472,4253,0.012759
babyvision,6,full,team,79,paraphrase,0.539,0.1818,0.6974,5142,0.015426
babyvision,6,hierarchy,team,79,paraphrase,0.6409,0.1643,0.7067,4848,0.014544
babyvision,8,chain,team,79,paraphrase,0.5821,0.2368,0.7537,7937,0.023811
babyvision,8,star,team,79,paraphrase,0.6917,0.1254,0.737,6229,0.018687
babyvision,8,full,team,79,paraphrase,0.6042,0.1335,0.7384,5603,0.016809
babyvision,8,hierarchy,team,79,paraphrase,0.5364,0.1782,0.7293,5640,0.01692
babyvision,1,none,single_llm,80,seed,1.3973,0.3933,0.4336,802,0.002406
babyvision,4,none,ensemble,80,seed,0.7622,0.3271,0.7468,3182,0.009546
babyvision,6,none,ensemble,80,seed,0.7659,0.2041,0.6628,4748,0.014244
babyvision,8,none,ensemble,80,seed,0.9645,0.2661,0.7883,6509,0.019527
babyvision,4,chain,team,80,seed,0.6646,0.1967,0.743,2815,0.008445
babyvision,4,star,team,80,seed,0.7604,0.2297,0.7973,3361,0.010083
babyvision,4,full,team,80,seed,0.5134,0.2308,0.7016,3151,0.009453
babyvision,4,hierarchy,team,80,seed,0.8119,0.2218,0.6961,2848,0.008544
babyvision,6,chain,team,80,seed,0.6503,0.2027,0.6993,4988,0.014964
babyvision,6,star,team,80,seed,0.4201,0.1772,0.7404,4838,0.014514
babyvision,6,full,team,80,seed,0.5329,0.1787,0.8067,4512,0.013536
babyvision,6,hierarchy,team,80,seed,0.6276,0.2479,0.8116,4771,0.014313
babyvision,8,chain,team,80,seed,0.4633,0.1362,0.799,5833,0.017499
babyvision,8,star,team,80,seed,0.4969,0.1883,0.8025,5709,0.017127
babyvision,8,full,team,80,seed,0.6845,0.1813,0.8301,7216,0.021648
babyvision,8,hierarchy,team,80,seed,0.49,0.1698,0.7638,5532,0.016596
babyvision,1,none,single_llm,80,paraphrase,1.7188,0.3406,0.5158,822,0.002466
babyvision,4,none,ensemble,80,paraphrase,1.0919,0.3155,0.6052,3244,0.009732
babyvision,6,none,ensemble,80,paraphrase,1.0058,0.2972,0.6459,4165,0.012495
babyvision,8,none,ensemble,80,paraphrase,1.1216,0.3051,0.7025,6000,0.018
babyvision,4,chain,team,80,paraphrase,0.7596,0.3219,0.692,3398,0.010194
babyvision,4,star,team,80,paraphrase,0.6748,0.3194,0.7751,3174,0.009522
babyvision,4,full,team,80,paraphrase,0.8268,0.2671,0.6732,3736,0.011208
babyvision,4,hierarchy,team,80,paraphrase,0.8783,0.2393,0.6652,3515,0.010545
babyvision,6,chain,team,80,paraphrase,0.7227,0.2615,0.716,4318,0.012954
babyvision,6,star,team,80,paraphrase,0.7025,0.2043,0.7435,5940,0.01782
babyvision,6,full,team,80,paraphrase,0.7085,0.2293,0.8907,4984,0.014952
babyvision,6,hierarchy,team,80,paraphrase,0.6836,0.1951,0.712,3817,0.011451
babyvision,8,chain,team,80,paraphrase,0.7057,0.1702,0.7701,6372,0.019116
babyvision,8,star,team,80,paraphrase,0.5895,0.1891,0.8243,7174,0.021522
babyvision,8,full,team,80,paraphrase,0.5438,0.1349,0.8112,5776,0.017328
babyvision,8,hierarchy,team,80,paraphrase,0.4412,0.2208,0.8059,6140,0.01842
babyvision,1,none,single_llm,81,seed,1.3107,0.3401,0.5855,887,0.002661
babyvision,4,none,ensemble,81,seed,0.9185,0.2086,0.5626,3496,0.010488
babyvision,6,none,ensemble,81,seed,0.7318,0.2559,0.7366,4559,0.013677
babyvision,8,none,ensemble,81,seed,0.7801,0.2683,0.6815,5817,0.017451
babyvision,4,chain,team,81,seed,0.7566,0.2786,0.8205,3168,0.009504
babyvision,4,star,team,81,seed,0.6588,0.2401,0.6865,3279,0.009837
babyvision,4,full,team,81,seed,0.6956,0.2293,0.8498,2898,0.008694
babyvision,4,hierarchy,team,81,seed,0.7668,0.1847,0.7453,3397,0.010191
babyvision,6,chain,team,81,seed,0.5881,0.19,0.8025,5527,0.016581
babyvision,6,star,team,81,seed,0.6005,0.157,0.7293,5561,0.016683
babyvision,6,full,team,81,seed,0.5912,0.1377,0.7989,4973,0.014919
babyvision,6,hierarchy,team,81,seed,0.6688,0.1981,0.8552,4916,0.014748
babyvision,8,chain,team,81,seed,0.7221,0.2031,0.762,5332,0.015996
babyvision,8,star,team,81,seed,0.5052,0.1932,0.7562,6452,0.019356
babyvision,8,full,team,81,seed,0.4832,0.1485,0.7856,5843,0.017529
babyvision,8,hierarchy,team,81,seed,0.5737,0.1111,0.6932,7577,0.022731
babyvision,1,none,single_llm,81,paraphrase,1.4691,0.538,0.5562,854,0.002562
babyvision,4,none,ensemble,81,paraphrase,1.0743,0.3107,0.6407,3022,0.009066
babyvision,6,none,ensemble,81,paraphrase,0.8199,0.2807,0.7275,4208,0.012624
babyvision,8,none,ensemble,81,paraphrase,0.734,0.3079,0.6651,6710,0.02013
babyvision,4,chain,team,81,paraphrase,0.959,0.306,0.6684,3610,0.01083
babyvision,4,star,team,81,paraphrase,0.8842,0.2586,0.7289,3319,0.009957
babyvision,4,full,team,81,paraphrase,0.7488,0.1723,0.7775,3421,0.010263
babyvision,4,hierarchy,team,81,paraphrase,0.5999,0.2879,0.8078,2839,0.008517
babyvision,6,chain,team,81,paraphrase,0.6943,0.235,0.7976,5338,0.016014
babyvision,6,star,team,81,paraphrase,0.5638,0.2259,0.8598,4500,0.0135
babyvision,6,full,team,81,paraphrase,0.6205,0.2128,0.7241,5646,0.016938
babyvision,6,hierarchy,team,81,paraphrase,0.6243,0.1667,0.7084,5113,0.015339
babyvision,8,chain,team,81,paraphrase,0.5468,0.2329,0.7531,5626,0.016878
babyvision,8,star,team,81,paraphrase,0.5203,0.2048,0.7901,6055,0.018165
babyvision,8,full,team,81,paraphrase,0.5618,0.1595,0.8014,6732,0.020196
babyvision,8,hierarchy,team,81,paraphrase,0.5593,0.22,0.7244,6692,0.020076
babyvision,1,none,single_llm,82,seed,1.3207,0.5073,0.5115,788,0.002364
babyvision,4,none,ensemble,82,seed,0.8723,0.2084,0.6226,3412,0.010236
babyvision,6,none,ensemble,82,seed,0.9567,0.2521,0.6723,4563,0.013689
babyvision,8,none,ensemble,82,seed,0.69,0.1905,0.6523,7269,0.021807
babyvision,4,chain,team,82,seed,0.9637,0.1501,0.7545,3287,0.009861
babyvision,4,star,team,82,seed,0.7509,0.1738,0.8211,3331,0.009993
babyvision,4,full,team,82,seed,0.8034,0.148,0.7108,3339,0.010017
babyvision,4,hierarchy,team,82,seed,0.6537,0.2497,0.6537,3050,0.00915
babyvision,6,chain,team,82,seed,0.56,0.1689,0.7677,4990,0.01497
babyvision,6,star,team,82,seed,0.6356,0.1824,0.776,5812,0.017436
babyvision,6,full,team,82,seed,0.6803,0.1198,0.7878,4640,0.01392
babyvision,6,hierarchy,team,82,seed,0.6279,0.1234,0.7351,3759,0.011277
babyvision,8,chain,team,82,seed,0.5068,0.2034,0.7574,6338,0.019014
babyvision,8,star,team,82,seed,0.5245,0.0907,0.7963,6969,0.020907
babyvision,8,full,team,82,seed,0.4973,0.15,0.8682,6824,0.020472
babyvision,8,hierarchy,team,82,seed,0.4453,0.1271,0.8816,6601,0.019803
babyvision,1,none,single_llm,82,paraphrase,1.3571,0.3734,0.4886,857,0.002571
babyvision,4,none,ensemble,82,paraphrase,1.0318,0.294,0.5928,3581,0.010743
babyvision,6,none,ensemble,82,paraphrase,1.0283,0.324,0.6765,4232,0.012696
babyvision,8,none,ensemble,82,paraphrase,0.9127,0.3317,0.6743,7025,0.021075
babyvision,4,chain,team,82,paraphrase,0.9145,0.3206,0.7025,3483,0.010449
babyvision,4,star,team,82,paraphrase,0.6635,0.2588,0.7657,3294,0.009882
babyvision,4,full,team,82,paraphrase,0.8896,0.2312,0.7126,2675,0.008025
babyvision,4,hierarchy,team,82,paraphrase,0.8027,0.2882,0.7581,2752,0.008256
babyvision,6,chain,team,82,paraphrase,0.8191,0.2033,0.7086,4526,0.013578
babyvision,6,star,team,82,paraphrase,0.6933,0.216,0.7785,5685,0.017055
babyvision,6,full,team,82,paraphrase,0.6614,0.1692,0.7777,5733,0.017199
babyvision,6,hierarchy,team,82,paraphrase,0.7372,0.2601,0.6549,4985,0.014955
babyvision,8,chain,team,82,paraphrase,0.5999,0.1936,0.7239,6469,0.019407
babyvision,8,star,team,82,paraphrase,0.5142,0.1984,0.7463,6849,0.020547
babyvision,8,full,team,82,paraphrase,0.5694,0.1859,0.814,6755,0.020265
babyvision,8,hierarchy,team,82,paraphrase,0.5961,0.1174,0.7707,5816,0.017448
babyvision,1,none,single_llm,83,seed,1.2371,0.3873,0.6283,947,0.002841
babyvision,4,none,ensemble,83,seed,0.8395,0.1942,0.6695,3277,0.009831
babyvision,6,none,ensemble,83,seed,0.724,0.2364,0.7259,4209,0.012627
babyvision,8,none,ensemble,83,seed,0.6806,0.1861,0.7173,6844,0.020532
babyvision,4,chain,team,83,seed,0.7474,0.2297,0.8523,2893,0.008679
babyvision,4,star,team,83,seed,0.6647,0.2246,0.8194,3332,0.009996
babyvision,4,full,team,83,seed,0.8809,0.1902,0.6812,3231,0.009693
babyvision,4,hierarchy,team,83,seed,0.6929,0.2629,0.8082,2691,0.008073
babyvision,6,chain,team,83,seed,0.7566,0.2198,0.7384,4762,0.014286
babyvision,6,star,team,83,seed,0.7108,0.0734,0.8069,5324,0.015972
babyvision,6,full,team,83,seed,0.5327,0.1582,0.7998,4423,0.013269
babyvision,6,hierarchy,team,83,seed,0.5107,0.1907,0.7428,4068,0.012204
babyvision,8,chain,team,83,seed,0.5589,0.1403,0.705,6445,0.019335
babyvision,8,star,team,83,seed,0.5734,0.1316,0.7417,6708,0.020124
babyvision,8,full,team,83,seed,0.5702,0.1994,0.8771,5756,0.017268
babyvision,8,hierarchy,team,83,seed,0.6025,0.1511,0.7274,6581,0.019743
babyvision,1,none,single_llm,83,paraphrase,1.6178,0.4968,0.4241,801,0.002403
babyvision,4,none,ensemble,83,paraphrase,1.089,0.2335,0.5083,3249,0.009747
babyvision,6,none,ensemble,83,paraphrase,0.9683,0.2053,0.6733,5321,0.015963
babyvision,8,none,ensemble,83,paraphrase,0.8538,0.2813,0.7243,6680,0.02004
babyvision,4,chain,team,83,paraphrase,0.6931,0.2513,0.6802,2924,0.008772
babyvision,4,star,team,83,paraphrase,0.9567,0.2829,0.6745,3131,0.009393
babyvision,4,full,team,83,paraphrase,0.893,0.2117,0.7826,3642,0.010926
babyvision,4,hierarchy,team,83,paraphrase,0.9516,0.2747,0.7826,3032,0.009096
babyvision,6,chain,team,83,paraphrase,0.9502,0.2519,0.772,4626,0.013878
babyvision,6,star,team,83,paraphrase,0.7015,0.234,0.6982,4339,0.013017
babyvision,6,full,team,83,paraphrase,0.6011,0.2365,0.6631,4625,0.013875
babyvision,6,hierarchy,team,83,paraphrase,0.8026,0.173,0.7973,4258,0.012774
babyvision,8,chain,team,83,paraphrase,0.535,0.2149,0.8187,5990,0.01797
babyvision,8,star,team,83,paraphrase,0.4034,0.1348,0.8016,5532,0.016596
babyvision,8,full,team,83,paraphrase,0.6655,0.1736,0.7634,6590,0.01977
babyvision,8,hierarchy,team,83,paraphrase,0.5166,0.2063,0.6853,7263,0.021789
babyvision,1,none,single_llm,84,seed,1.0959,0.3913,0.4626,757,0.002271
babyvision,4,none,ensemble,84,seed,0.9051,0.4091,0.6491,2937,0.008811
babyvision,6,none,ensemble,84,seed,0.8148,0.162,0.6802,5688,0.017064
babyvision,8,none,ensemble,84,seed,0.8403,0.2635,0.6754,6269,0.018807
babyvision,4,chain,team,84,seed,0.8004,0.1985,0.76,3396,0.010188
babyvision,4,star,team,84,seed,0.7843,0.1915,0.8245,3117,0.009351
babyvision,4,full,team,84,seed,0.6651,0.2352,0.7247,2655,0.007965
babyvision,4,hierarchy,team,84,seed,0.6632,0.223,0.8242,2988,0.008964
babyvision,6,chain,team,84,seed,0.8031,0.1833,0.7488,4392,0.013176
babyvision,6,star,team,84,seed,0.7667,0.1462,0.718,5979,0.017937
babyvision,6,full,team,84,seed,0.581,0.1642,0.8787,5094,0.015282
babyvision,6,hierarchy,team,84,seed,0.6891,0.1644,0.8113,4783,0.014349
babyvision,8,chain,team,84,seed,0.5446,0.1656,0.7452,6722,0.020166
babyvision,8,star,team,84,seed,0.5469,0.1636,0.827,7680,0.02304
babyvision,8,full,team,84,seed,0.5719,0.1025,0.8277,7304,0.021912
babyvision,8,hierarchy,team,84,seed,0.4217,0.2214,0.7463,6976,0.020928
babyvision,1,none,single_llm,84,paraphrase,1.331,0.4219,0.4038,872,0.002616
babyvision,4,none,ensemble,84,paraphrase,0.8754,0.2479,0.6796,3772,0.011316
babyvision,6,none,ensemble,84,paraphrase,0.8681,0.3474,0.6978,4756,0.014268
babyvision,8,none,ensemble,84,paraphrase,1.0403,0.2702,0.7211,5597,0.016791
babyvision,4,chain,team,84,paraphrase,0.7389,0.3343,0.7276,3154,0.009462
babyvision,4,star,team,84,paraphrase,1.0008,0.3334,0.752,2734,0.008202
babyvision,4,full,team,84,paraphrase,0.7688,0.2042,0.7445,2900,0.0087
babyvision,4,hierarchy,team,84,paraphrase,0.7104,0.177,0.7284,2464,0.007392
babyvision,6,chain,team,84,paraphrase,0.6696,0.27,0.6785,4279,0.012837
babyvision,6,star,team,84,paraphrase,0.6448,0.1791,0.7539,4304,0.012912
babyvision,6,full,team,84,paraphrase,0.6111,0.1784,0.754,5584,0.016752
babyvision,6,hierarchy,team,84,paraphrase,0.6916,0.2424,0.7034,4907,0.014721
babyvision,8,chain,team,84,paraphrase,0.5992,0.222,0.7574,6079,0.018237
babyvision,8,star,team,84,paraphrase,0.5369,0.1714,0.7297,6510,0.01953
babyvision,8,full,team,84,paraphrase,0.5103,0.2308,0.899,6036,0.018108
babyvision,8,hierarchy,team,84,paraphrase,0.6261,0.2424,0.7317,5763,0.017289
babyvision,1,none,single_llm,85,seed,1.5107,0.4062,0.5573,916,0.002748
babyvision,4,none,ensemble,85,seed,1.0424,0.2576,0.5914,3042,0.009126
babyvision,6,none,ensemble,85,seed,1.0128,0.2714,0.6788,5647,0.016941
babyvision,8,none,ensemble,85,seed,0.7811,0.2677,0.7432,7637,0.022911
babyvision,4,chain,team,85,seed,0.8553,0.2293,0.7311,3195,0.009585
babyvision,4,star,team,85,seed,0.6575,0.1428,0.7854,3029,0.009087
babyvision,4,full,team,85,seed,0.6464,0.1739,0.7826,3202,0.009606
babyvision,4,hierarchy,team,85,seed,0.9238,0.234,0.8654,3059,0.009177
babyvision,6,chain,team,85,seed,0.7,0.1669,0.7266,5829,0.017487
babyvision,6,star,team,85,seed,0.4948,0.063,0.7492,3836,0.011508
babyvision,6,full,team,85,seed,0.4465,0.0979,0.7964,3816,0.011448
babyvision,6,hierarchy,team,85,seed,0.7112,0.0872,0.7682,4644,0.013932
babyvision,8,chain,team,85,seed,0.6292,0.1749,0.8243,6168,0.018504
babyvision,8,star,team,85,seed,0.4502,0.1473,0.8465,6928,0.020784
babyvision,8,full,team,85,seed,0.4988,0.1201,0.8032,6662,0.019986
babyvision,8,hierarchy,team,85,seed,0.7202,0.1311,0.7668,6117,0.018351
babyvision,1,none,single_llm,85,paraphrase,1.3884,0.2977,0.4855,870,0.00261
babyvision,4,none,ensemble,85,paraphrase,0.9669,0.3293,0.7366,3306,0.009918
babyvision,6,none,ensemble,85,paraphrase,0.6795,0.2268,0.6349,4414,0.013242
babyvision,8,none,ensemble,85,paraphrase,0.8924,0.2636,0.76,5701,0.017103
babyvision,4,chain,team,85,paraphrase,0.8393,0.2962,0.7171,3246,0.009738
babyvision,4,star,team,85,paraphrase,0.5689,0.2608,0.7225,3476,0.010428
babyvision,4,full,team,85,paraphrase,0.8523,0.2471,0.7557,3632,0.010896
babyvision,4,hierarchy,team,85,paraphrase,0.945,0.2785,0.8273,2998,0.008994
babyvision,6,chain,team,85,paraphrase,0.583,0.2418,0.6959,3616,0.010848
babyvision,6,star,team,85,paraphrase,0.5864,0.226,0.7417,4427,0.013281
babyvision,6,full,team,85,paraphrase,0.6258,0.1972,0.7904,4492,0.013476
babyvision,6,hierarchy,team,85,paraphrase,0.759,0.1786,0.7095,5615,0.016845
babyvision,8,chain,team,85,paraphrase,0.5243,0.1945,0.6623,5870,0.01761
babyvision,8,star,team,85,paraphrase,0.5905,0.2191,0.7541,6192,0.018576
babyvision,8,full,team,85,paraphrase,0.4224,0.1417,0.6877,6871,0.020613
babyvision,8,hierarchy,team,85,paraphrase,0.6773,0.1992,0.7671,6960,0.02088
babyvision,1,none,single_llm,86,seed,1.2652,0.4486,0.4633,772,0.002316
babyvision,4,none,ensemble,86,seed,0.8939,0.2924,0.564,3663,0.010989
babyvision,6,none,ensemble,86,seed,0.9356,0.3248,0.6876,4535,0.013605
babyvision,8,none,ensemble,86,seed,0.8789,0.2699,0.6871,5121,0.015363
babyvision,4,chain,team,86,seed,0.5974,0.238,0.817,2783,0.008349
babyvision,4,star,team,86,seed,0.7028,0.1836,0.866,3922,0.011766
babyvision,4,full,team,86,seed,0.7424,0.2134,0.8235,2790,0.00837
babyvision,4,hierarchy,team,86,seed,0.8199,0.1667,0.7514,3564,0.010692
babyvision,6,chain,team,86,seed,0.6297,0.2263,0.8196,3956,0.011868
babyvision,6,star,team,86,seed,0.3538,0.1987,0.8447,4923,0.014769
babyvision,6,full,team,86,seed,0.5808,0.168,0.8383,4653,0.013959
babyvision,6,hierarchy,team,86,seed,0.6872,0.1484,0.7868,4896,0.014688
babyvision,8,chain,team,86,seed,0.4607,0.1311,0.8767,5829,0.017487
babyvision,8,star,team,86,seed,0.5337,0.154,0.7923,6829,0.020487
babyvision,8,full,team,86,seed,0.4996,0.076,0.8318,6051,0.018153
babyvision,8,hierarchy,team,86,seed,0.6907,0.158,0.75,6619,0.019857
babyvision,1,none,single_llm,86,paraphrase,1.1913,0.4405,0.4792,733,0.002199
babyvision,4,none,ensemble,86,paraphrase,0.9293,0.4417,0.6155,3061,0.009183
babyvision,6,none,ensemble,86,paraphrase,0.8756,0.3208,0.6117,4274,0.012822
babyvision,8,none,ensemble,86,paraphrase,0.8761,0.2763,0.665,5829,0.017487
babyvision,4,chain,team,86,paraphrase,0.8209,0.2687,0.6696,3288,0.009864
babyvision,4,star,team,86,paraphrase,1.0326,0.3108,0.8271,3018,0.009054
babyvision,4,full,team,86,paraphrase,0.9475,0.2466,0.7893,3346,0.010038
babyvision,4,hierarchy,team,86,paraphrase,0.7957,0.2963,0.7442,2634,0.007902
babyvision,6,chain,team,86,paraphrase,0.6892,0.2771,0.7285,5025,0.015075
babyvision,6,star,team,86,paraphrase,0.5765,0.2225,0.7398,4702,0.014106
babyvision,6,full,team,86,paraphrase,0.5537,0.2288,0.7719,4917,0.014751
babyvision,6,hierarchy,team,86,paraphrase,0.8767,0.2412,0.7946,4931,0.014793
babyvision,8,chain,team,86,paraphrase,0.5914,0.1785,0.7371,4695,0.014085
babyvision,8,star,team,86,paraphrase,0.6039,0.2034,0.7441,6340,0.01902
babyvision,8,full,team,86,paraphrase,0.4215,0.2263,0.7481,5777,0.017331
babyvision,8,hierarchy,team,86,paraphrase,0.6511,0.2053,0.7271,6103,0.018309
babyvision,1,none,single_llm,87,seed,1.2492,0.4457,0.5679,797,0.002391
babyvision,4,none,ensemble,87,seed,1.0523,0.2614,0.6741,3248,0.009744
babyvision,6,none,ensemble,87,seed,0.939,0.2151,0.6216,5235,0.015705
babyvision,8,none,ensemble,87,seed,0.9806,0.1637,0.7408,6112,0.018336
babyvision,4,chain,team,87,seed,0.8683,0.2374,0.9064,3103,0.009309
babyvision,4,star,team,87,seed,0.8837,0.2629,0.7967,3211,0.009633
babyvision,4,full,team,87,seed,0.7095,0.1779,0.8367,2920,0.00876
babyvision,4,hierarchy,team,87,seed,0.7339,0.1962,0.6737,3474,0.010422
babyvision,6,chain,team,87,seed,0.7279,0.1569,0.8061,4039,0.012117
babyvision,6,star,team,87,seed,0.574,0.1472,0.789,4839,0.014517
babyvision,6,full,team,87,seed,0.5339,0.1167,0.7892,5454,0.016362
babyvision,6,hierarchy,team,87,seed,0.5337,0.2525,0.7429,4915,0.014745
babyvision,8,chain,team,87,seed,0.6038,0.1492,0.8341,6748,0.020244
babyvision,8,star,team,87,seed,0.4762,0.1857,0.7442,6038,0.018114
babyvision,8,full,team,87,seed,0.5229,0.1429,0.8211,6318,0.018954
babyvision,8,hierarchy,team,87,seed,0.4915,0.1861,0.797,5841,0.017523
babyvision,1,none,single_llm,87,paraphrase,1.1905,0.5158,0.4447,821,0.002463
babyvision,4,none,ensemble,87,paraphrase,1.1921,0.3471,0.5645,2874,0.008622
babyvision,6,none,ensemble,87,paraphrase,1.1726,0.2452,0.6168,4978,0.014934
babyvision,8,none,ensemble,87,paraphrase,0.8537,0.307,0.6019,6265,0.018795
babyvision,4,chain,team,87,paraphrase,0.9278,0.3147,0.6714,2873,0.008619
babyvision,4,star,team,87,paraphrase,0.8314,0.205,0.7942,3250,0.00975
babyvision,4,full,team,87,paraphrase,0.7103,0.1953,0.7083,2700,0.0081
babyvision,4,hierarchy,team,87,paraphrase,0.8795,0.2354,0.74,3372,0.010116
babyvision,6,chain,team,87,paraphrase,0.7982,0.2523,0.7709,5465,0.016395
babyvision,6,star,team,87,paraphrase,0.6774,0.225,0.7168,4325,0.012975
babyvision,6,full,team,87,paraphrase,0.7498,0.2165,0.789,4516,0.013548
babyvision,6,hierarchy,team,87,paraphrase,0.834,0.2131,0.6945,4524,0.013572
babyvision,8,chain,team,87,paraphrase,0.7838,0.1764,0.6874,8255,0.024765
babyvision,8,star,team,87,paraphrase,0.6708,0.1615,0.7009,5329,0.015987
babyvision,8,full,team,87,paraphrase,0.5564,0.2,0.8409,5187,0.015561
babyvision,8,hierarchy,team,87,paraphrase,0.4641,0.1961,0.8844,6966,0.020898
babyvision,1,none,single_llm,88,seed,1.3059,0.2915,0.3866,803,0.002409
babyvision,4,none,ensemble,88,seed,0.9381,0.2466,0.6272,2960,0.00888
babyvision,6,none,ensemble,88,seed,0.7509,0.3067,0.6368,4667,0.014001
babyvision,8,none,ensemble,88,seed,0.7953,0.2536,0.6789,7025,0.021075
babyvision,4,chain,team,88,seed,0.722,0.221,0.8222,2889,0.008667
babyvision,4,star,team,88,seed,0.8021,0.2377,0.7855,3162,0.009486
babyvision,4,full,team,88,seed,0.9126,0.1769,0.7902,3092,0.009276
babyvision,4,hierarchy,team,88,seed,0.7651,0.2461,0.7462,2525,0.007575
babyvision,6,chain,team,88,seed,0.673,0.1391,0.7917,4799,0.014397
babyvision,6,star,team,88,seed,0.6659,0.1143,0.7579,4636,0.013908
babyvision,6,full,team,88,seed,0.3934,0.1767,0.7134,5326,0.015978
babyvision,6,hierarchy,team,88,seed,0.634,0.1543,0.7919,4952,0.014856
babyvision,8,chain,team,88,seed,0.5066,0.1728,0.8016,5795,0.017385
babyvision,8,star,team,88,seed,0.5313,0.0258,0.6985,6761,0.020283
babyvision,8,full,team,88,seed,0.4249,0.0767,0.8023,6146,0.018438
babyvision,8,hierarchy,team,88,seed,0.4178,0.0753,0.6866,6872,0.020616
babyvision,1,none,single_llm,88,paraphrase,1.2666,0.4832,0.4647,828,0.002484
babyvision,4,none,ensemble,88,paraphrase,1.015,0.3222,0.6156,3057,0.009171
babyvision,6,none,ensemble,88,paraphrase,0.8006,0.3356,0.7456,5596,0.016788
babyvision,8,none,ensemble,88,paraphrase,0.8136,0.2417,0.6567,6287,0.018861
babyvision,4,chain,team,88,paraphrase,0.8548,0.2476,0.626,3215,0.009645
babyvision,4,star,team,88,paraphrase,0.457,0.2535,0.6828,3449,0.010347
babyvision,4,full,team,88,paraphrase,0.8848,0.2803,0.7227,2836,0.008508
babyvision,4,hierarchy,team,88,paraphrase,0.7485,0.279,0.6377,3645,0.010935
babyvision,6,chain,team,88,paraphrase,0.6685,0.2622,0.6256,4355,0.013065
babyvision,6,star,team,88,paraphrase,0.461,0.2531,0.7366,5074,0.015222
babyvision,6,full,team,88,paraphrase,0.6279,0.211,0.7378,4702,0.014106
babyvision,6,hierarchy,team,88,paraphrase,0.6624,0.2385,0.7562,6149,0.018447
babyvision,8,chain,team,88,paraphrase,0.7948,0.1497,0.7178,6140,0.01842
babyvision,8,star,team,88,paraphrase,0.7047,0.1782,0.7782,4904,0.014712
babyvision,8,full,team,88,paraphrase,0.3953,0.2545,0.7675,5760,0.01728
babyvision,8,hierarchy,team,88,paraphrase,0.621,0.1587,0.7308,5470,0.01641
babyvision,1,none,single_llm,89,seed,1.1317,0.34,0.6134,837,0.002511
babyvision,4,none,ensemble,89,seed,1.0266,0.2587,0.6994,2920,0.00876
babyvision,6,none,ensemble,89,seed,0.7803,0.2577,0.6733,4793,0.014379
babyvision,8,none,ensemble,89,seed,0.7803,0.281,0.8083,5999,0.017997
babyvision,4,chain,team,89,seed,0.604,0.199,0.6952,3466,0.010398
babyvision,4,star,team,89,seed,0.822,0.1563,0.7323,2726,0.008178
babyvision,4,full,team,89,seed,0.7134,0.1757,0.8195,3359,0.010077
babyvision,4,hierarchy,team,89,seed,0.811,0.1458,0.7287,3503,0.010509
babyvision,6,chain,team,89,seed,0.5677,0.1171,0.795,4522,0.013566
babyvision,6,star,team,89,seed,0.6779,0.1515,0.7708,5454,0.016362
babyvision,6,full,team,89,seed,0.4113,0.1896,0.7627,4877,0.014631
babyvision,6,hierarchy,team,89,seed,0.6088,0.1452,0.7365,4622,0.013866
babyvision,8,chain,team,89,seed,0.4452,0.2393,0.7409,7141,0.021423
babyvision,8,star,team,89,seed,0.5994,0.1454,0.7882,6524,0.019572
babyvision,8,full,team,89,seed,0.5239,0.1149,0.7267,5236,0.015708
babyvision,8,hierarchy,team,89,seed,0.6676,0.0354,0.7948,6249,0.018747
babyvision,1,none,single_llm,89,paraphrase,1.3541,0.3566,0.5195,816,0.002448
babyvision,4,none,ensemble,89,paraphrase,1.3613,0.3265,0.6909,2720,0.00816
babyvision,6,none,ensemble,89,paraphrase,1.0706,0.3086,0.6662,4936,0.014808
babyvision,8,none,ensemble,89,paraphrase,1.0848,0.2911,0.643,6005,0.018015
babyvision,4,chain,team,89,paraphrase,0.9417,0.3054,0.6235,3364,0.010092
babyvision,4,star,team,89,paraphrase,0.7018,0.275,0.6897,3109,0.009327
babyvision,4,full,team,89,paraphrase,0.7255,0.2983,0.7601,3603,0.010809
babyvision,4,hierarchy,team,89,paraphrase,1.1195,0.2694,0.7951,2976,0.008928
babyvision,6,chain,team,89,paraphrase,0.8271,0.2099,0.7137,5057,0.015171
babyvision,6,star,team,89,paraphrase,0.721,0.1613,0.7013,5093,0.015279
babyvision,6,full,team,89,paraphrase,0.5848,0.1363,0.7511,4742,0.014226
babyvision,6,hierarchy,team,89,paraphrase,0.6893,0.2434,0.7579,4431,0.013293
babyvision,8,chain,team,89,paraphrase,0.5856,0.2579,0.6978,6147,0.018441
babyvision,8,star,team,89,paraphrase,0.4262,0.1897,0.7723,5135,0.015405
babyvision,8,full,team,89,paraphrase,0.4396,0.114,0.8044,5176,0.015528
babyvision,8,hierarchy,team,89,paraphrase,0.5888,0.2295,0.7544,6118,0.018354
babyvision,1,none,single_llm,90,seed,1.302,0.4272,0.5275,620,0.00186
babyvision,4,none,ensemble,90,seed,1.0877,0.28,0.648,2566,0.007698
babyvision,6,none,ensemble,90,seed,0.8324,0.1935,0.617,4734,0.014202
babyvision,8,none,ensemble,90,seed,0.7357,0.1948,0.7744,6563,0.019689
babyvision,4,chain,team,90,seed,0.7304,0.2026,0.7173,3120,0.00936
babyvision,4,star,team,90,seed,0.7884,0.1558,0.8429,3387,0.010161
babyvision,4,full,team,90,seed,0.4262,0.1809,0.832,3324,0.009972
babyvision,4,hierarchy,team,90,seed,0.7088,0.2051,0.7689,3446,0.010338
babyvision,6,chain,team,90,seed,0.4801,0.158,0.8366,4815,0.014445
babyvision,6,star,team,90,seed,0.7244,0.2717,0.76,4225,0.012675
babyvision,6,full,team,90,seed,0.515,0.1762,0.8566,5890,0.01767
babyvision,6,hierarchy,team,90,seed,0.5879,0.1818,0.739,3596,0.010788
babyvision,8,chain,team,90,seed,0.5427,0.1147,0.7972,5195,0.015585
babyvision,8,star,team,90,seed,0.4227,0.1415,0.8136,6369,0.019107
babyvision,8,full,team,90,seed,0.6534,0.1736,0.7708,7430,0.02229
babyvision,8,hierarchy,team,90,seed,0.6929,0.1359,0.7873,6367,0.019101
babyvision,1,none,single_llm,90,paraphrase,1.2333,0.3923,0.5874,834,0.002502
babyvision,4,none,ensemble,90,paraphrase,0.9635,0.2737,0.5645,3147,0.009441
babyvision,6,none,ensemble,90,paraphrase,1.0578,0.2543,0.7041,4894,0.014682
babyvision,8,none,ensemble,90,paraphrase,0.8971,0.3296,0.7406,5501,0.016503
babyvision,4,chain,team,90,paraphrase,0.7516,0.2783,0.7178,3636,0.010908
babyvision,4,star,team,90,paraphrase,0.8165,0.3256,0.6947,3027,0.009081
babyvision,4,full,team,90,paraphrase,0.7494,0.2048,0.798,2313,0.006939
babyvision,4,hierarchy,team,90,paraphrase,0.7796,0.3134,0.7044,3543,0.010629
babyvision,6,chain,team,90,paraphrase,0.9214,0.2455,0.7731,5961,0.017883
babyvision,6,star,team,90,paraphrase,0.6918,0.2103,0.7897,5368,0.016104
babyvision,6,full,team,90,paraphrase,0.6177,0.1729,0.8405,4670,0.01401
babyvision,6,hierarchy,team,90,paraphrase,0.791,0.2328,0.826,4392,0.013176
babyvision,8,chain,team,90,paraphrase,0.5416,0.255,0.6685,6474,0.019422
babyvision,8,star,team,90,paraphrase,0.7315,0.1194,0.7751,7175,0.021525
babyvision,8,full,team,90,paraphrase,0.5441,0.1337,0.7519,5863,0.017589
babyvision,8,hierarchy,team,90,paraphrase,0.6036,0.1898,0.7193,6698,0.020094
babyvision,1,none,single_llm,91,seed,1.4869,0.3847,0.6291,926,0.002778
babyvision,4,none,ensemble,91,seed,0.8796,0.2737,0.6245,2725,0.008175
babyvision,6,none,ensemble,91,seed,0.9109,0.1847,0.7191,4053,0.012159
babyvision,8,none,ensemble,91,seed,0.8205,0.1398,0.7704,6148,0.018444
babyvision,4,chain,team,91,seed,0.731,0.2726,0.7239,3235,0.009705
babyvision,4,star,team,91,seed,0.7101,0.2178,0.8221,3467,0.010401
babyvision,4,full,team,91,seed,0.6533,0.2259,0.7342,2962,0.008886
babyvision,4,hierarchy,team,91,seed,0.7372,0.2494,0.7015,3485,0.010455
babyvision,6,chain,team,91,seed,0.6161,0.1649,0.8095,4414,0.013242
babyvision,6,star,team,91,seed,0.8002,0.1452,0.7921,5540,0.01662
babyvision,6,full,team,91,seed,0.5592,0.1798,0.697,4587,0.013761
babyvision,6,hierarchy,team,91,seed,0.6313,0.2055,0.8131,5124,0.015372
babyvision,8,chain,team,91,seed,0.6528,0.1798,0.6578,7323,0.021969
babyvision,8,star,team,91,seed,0.4129,0.1434,0.8041,6430,0.01929
babyvision,8,full,team,91,seed,0.3561,0.0333,0.7549,6928,0.020784
babyvision,8,hierarchy,team,91,seed,0.372,0.1056,0.8059,5742,0.017226
babyvision,1,none,single_llm,91,paraphrase,1.2485,0.4299,0.5148,716,0.002148
babyvision,4,none,ensemble,91,paraphrase,1.0469,0.3399,0.5336,3268,0.009804
babyvision,6,none,ensemble,91,paraphrase,0.8622,0.3035,0.6934,4715,0.014145
babyvision,8,none,ensemble,91,paraphrase,0.9896,0.3179,0.7445,6657,0.019971
babyvision,4,chain,team,91,paraphrase,0.9701,0.3029,0.6166,2946,0.008838
babyvision,4,star,team,91,paraphrase,0.7889,0.254,0.7479,2941,0.008823
babyvision,4,full,team,91,paraphrase,0.9809,0.2334,0.7396,2985,0.008955
babyvision,4,hierarchy,team,91,paraphrase,0.7297,0.2624,0.7214,3172,0.009516
babyvision,6,chain,team,91,paraphrase,0.8671,0.2372,0.7103,5191,0.015573
babyvision,6,star,team,91,paraphrase,0.6345,0.2338,0.6807,4189,0.012567
babyvision,6,full,team,91,paraphrase,0.6338,0.183,0.7142,4858,0.014574
babyvision,6,hierarchy,team,91,paraphrase,0.6925,0.1938,0.7087,4903,0.014709
babyvision,8,chain,team,91,paraphrase,0.5246,0.1967,0.7517,6384,0.019152
babyvision,8,star,team,91,paraphrase,0.5289,0.1547,0.7043,6315,0.018945
babyvision,8,full,team,91,paraphrase,0.7492,0.1935,0.6984,6852,0.020556
babyvision,8,hierarchy,team,91,paraphrase,0.5208,0.2006,0.7156,7694,0.023082
babyvision,1,none,single_llm,92,seed,1.0799,0.3838,0.487,859,0.002577
babyvision,4,none,ensemble,92,seed,0.9852,0.3227,0.6931,2978,0.008934
babyvision,6,none,ensemble,92,seed,1.2181,0.265,0.657,4898,0.014694
babyvision,8,none,ensemble,92,seed,0.8757,0.248,0.7598,7018,0.021054
babyvision,4,chain,team,92,seed,0.8668,0.1936,0.8454,3830,0.01149
babyvision,4,star,team,92,seed,0.8101,0.199,0.7728,3096,0.009288
babyvision,4,full,team,92,seed,0.6806,0.09,0.8565,3576,0.010728
babyvision,4,hierarchy,team,92,seed,0.5823,0.2431,0.7596,3136,0.009408
babyvision,6,chain,team,92,seed,0.6709,0.1125,0.7541,4838,0.014514
babyvision,6,star,team,92,seed,0.5796,0.0975,0.807,5308,0.015924
babyvision,6,full,team,92,seed,0.5823,0.1231,0.9291,4356,0.013068
babyvision,6,hierarchy,team,92,seed,0.6689,0.172,0.8752,4985,0.014955
babyvision,8,chain,team,92,seed,0.6068,0.1811,0.7121,5843,0.017529
babyvision,8,star,team,92,seed,0.4691,0.1691,0.8067,6267,0.018801
babyvision,8,full,team,92,seed,0.6039,0.0315,0.7402,4802,0.014406
babyvision,8,hierarchy,team,92,seed,0.6375,0.137,0.8333,6330,0.01899
babyvision,1,none,single_llm,92,paraphrase,1.4835,0.4174,0.5237,821,0.002463
babyvision,4,none,ensemble,92,paraphrase,1.0705,0.4042,0.5125,3178,0.009534
babyvision,6,none,ensemble,92,paraphrase,0.9719,0.2997,0.6261,4543,0.013629
babyvision,8,none,ensemble,92,paraphrase,1.0636,0.2748,0.8363,6738,0.020214
babyvision,4,chain,team,92,paraphrase,0.831,0.3096,0.7054,3629,0.010887
babyvision,4,star,team,92,paraphrase,0.6932,0.1855,0.748,3467,0.010401
babyvision,4,full,team,92,paraphrase,0.8086,0.2644,0.7663,2726,0.008178
babyvision,4,hierarchy,team,92,paraphrase,0.8581,0.3202,0.7286,2780,0.00834
babyvision,6,chain,team,92,paraphrase,0.6682,0.2645,0.8044,3860,0.01158
babyvision,6,star,team,92,paraphrase,0.6877,0.175,0.77,5082,0.015246
babyvision,6,full,team,92,paraphrase,0.5983,0.2175,0.8116,4721,0.014163
babyvision,6,hierarchy,team,92,paraphrase,0.5379,0.2793,0.7761,5070,0.01521
babyvision,8,chain,team,92,paraphrase,0.5576,0.2603,0.8271,6322,0.018966
babyvision,8,star,team,92,paraphrase,0.5861,0.1482,0.719,5712,0.017136
babyvision,8,full,team,92,paraphrase,0.5597,0.1572,0.7836,5829,0.017487
babyvision,8,hierarchy,team,92,paraphrase,0.5799,0.1627,0.7544,5355,0.016065
babyvision,1,none,single_llm,93,seed,1.2727,0.3483,0.5477,667,0.002001
babyvision,4,none,ensemble,93,seed,1.0286,0.2451,0.663,2601,0.007803
babyvision,6,none,ensemble,93,seed,0.7191,0.2178,0.7725,5053,0.015159
babyvision,8,none,ensemble,93,seed,0.8156,0.1721,0.6636,6577,0.019731
babyvision,4,chain,team,93,seed,0.8501,0.2359,0.8255,2981,0.008943
babyvision,4,star,team,93,seed,0.7479,0.1298,0.7806,3670,0.01101
babyvision,4,full,team,93,seed,0.5958,0.2112,0.8521,2979,0.008937
babyvision,4,hierarchy,team,93,seed,0.7967,0.2707,0.7715,3451,0.010353
babyvision,6,chain,team,93,seed,0.4442,0.2061,0.7805,4163,0.012489
babyvision,6,star,team,93,seed,0.4752,0.1764,0.7695,5333,0.015999
babyvision,6,full,team,93,seed,0.5727,0.1345,0.7861,4940,0.01482
babyvision,6,hierarchy,team,93,seed,0.6719,0.1836,0.7535,5394,0.016182
babyvision,8,chain,team,93,seed,0.6124,0.1762,0.7696,6720,0.02016
babyvision,8,star,team,93,seed,0.3135,0.1405,0.877,6540,0.01962
babyvision,8,full,team,93,seed,0.475,0.087,0.8296,6275,0.018825
babyvision,8,hierarchy,team,93,seed,0.6476,0.1063,0.7624,6015,0.018045
babyvision,1,none,single_llm,93,paraphrase,1.6052,0.4136,0.4566,632,0.001896
babyvision,4,none,ensemble,93,paraphrase,0.9206,0.3464,0.6414,2991,0.008973
babyvision,6,none,ensemble,93,paraphrase,0.8767,0.3903,0.8118,5351,0.016053
babyvision,8,none,ensemble,93,paraphrase,1.0671,0.3669,0.8229,6206,0.018618
babyvision,4,chain,team,93,paraphrase,0.7722,0.3608,0.6518,2870,0.00861
babyvision,4,star,team,93,paraphrase,0.7094,0.2522,0.6308,2741,0.008223
babyvision,4,full,team,93,paraphrase,0.7178,0.1897,0.7931,3202,0.009606
babyvision,4,hierarchy,team,93,paraphrase,0.8877,0.2862,0.7097,3516,0.010548
babyvision,6,chain,team,93,paraphrase,0.7468,0.2295,0.6304,5049,0.015147
babyvision,6,star,team,93,paraphrase,0.5255,0.2275,0.7486,4147,0.012441
babyvision,6,full,team,93,paraphrase,0.6474,0.1999,0.7644,4870,0.01461
babyvision,6,hierarchy,team,93,paraphrase,0.6064,0.2459,0.7002,4284,0.012852
babyvision,8,chain,team,93,paraphrase,0.6941,0.2583,0.7553,6267,0.018801
babyvision,8,star,team,93,paraphrase,0.3827,0.2501,0.6572,6775,0.020325
babyvision,8,full,team,93,paraphrase,0.7577,0.1768,0.7796,6642,0.019926
babyvision,8,hierarchy,team,93,paraphrase,0.6165,0.2949,0.7028,5780,0.01734
babyvision,1,none,single_llm,94,seed,1.2009,0.4694,0.4946,834,0.002502
babyvision,4,none,ensemble,94,seed,1.0785,0.2989,0.7111,3653,0.010959
babyvision,6,none,ensemble,94,seed,0.9052,0.2144,0.6988,4637,0.013911
babyvision,8,none,ensemble,94,seed,1.1026,0.1917,0.759,5439,0.016317
babyvision,4,chain,team,94,seed,0.7933,0.216,0.7738,3424,0.010272
babyvision,4,star,team,94,seed,0.8717,0.251,0.7667,2897,0.008691
babyvision,4,full,team,94,seed,0.6173,0.1896,0.7879,3282,0.009846
babyvision,4,hierarchy,team,94,seed,0.6965,0.265,0.6864,3011,0.009033
babyvision,6,chain,team,94,seed,0.5139,0.1739,0.817,4661,0.013983
babyvision,6,star,team,94,seed,0.5817,0.1788,0.7679,4983,0.014949
babyvision,6,full,team,94,seed,0.5667,0.087,0.7714,4970,0.01491
babyvision,6,hierarchy,team,94,seed,0.7198,0.2135,0.8794,5033,0.015099
babyvision,8,chain,team,94,seed,0.5053,0.1583,0.7593,6138,0.018414
babyvision,8,star,team,94,seed,0.535,0.148,0.7363,7096,0.021288
babyvision,8,full,team,94,seed,0.283,0.1019,0.8625,6788,0.020364
babyvision,8,hierarchy,team,94,seed,0.481,0.2196,0.763,5118,0.015354
babyvision,1,none,single_llm,94,paraphrase,1.3979,0.3183,0.4368,849,0.002547
babyvision,4,none,ensemble,94,paraphrase,0.9747,0.349,0.5405,3474,0.010422
babyvision,6,none,ensemble,94,paraphrase,0.7453,0.3632,0.6215,5534,0.016602
babyvision,8,none,ensemble,94,paraphrase,0.7791,0.3746,0.6325,5251,0.015753
babyvision,4,chain,team,94,paraphrase,0.8643,0.3369,0.7395,3572,0.010716
babyvision,4,star,team,94,paraphrase,0.8911,0.2247,0.7683,3229,0.009687
babyvision,4,full,team,94,paraphrase,0.709,0.2447,0.7372,3653,0.010959
babyvision,4,hierarchy,team,94,paraphrase,0.7785,0.245,0.6851,3806,0.011418
babyvision,6,chain,team,94,paraphrase,0.6373,0.2941,0.6631,5043,0.015129
babyvision,6,star,team,94,paraphrase,0.6778,0.2616,0.799,4839,0.014517
babyvision,6,full,team,94,paraphrase,0.5679,0.2572,0.7228,3711,0.011133
babyvision,6,hierarchy,team,94,paraphrase,0.4857,0.1576,0.7644,5862,0.017586
babyvision,8,chain,team,94,paraphrase,0.4227,0.1895,0.7295,7389,0.022167
babyvision,8,star,team,94,paraphrase,0.4979,0.2145,0.7425,8068,0.024204
babyvision,8,full,team,94,paraphrase,0.5611,0.1851,0.7692,6134,0.018402
babyvision,8,hierarchy,team,94,paraphrase,0.6917,0.1545,0.6449,6303,0.018909
babyvision,1,none,single_llm,95,seed,1.3723,0.3302,0.5481,702,0.002106
babyvision,4,none,ensemble,95,seed,1.0775,0.2926,0.6512,3253,0.009759
babyvision,6,none,ensemble,95,seed,0.701,0.1698,0.6827,5046,0.015138
babyvision,8,none,ensemble,95,seed,0.8677,0.2002,0.7747,7309,0.021927
babyvision,4,chain,team,95,seed,0.7711,0.2399,0.7296,3159,0.009477
babyvision,4,star,team,95,seed,0.747,0.2656,0.8158,3464,0.010392
babyvision,4,full,team,95,seed,0.6546,0.1416,0.7995,3597,0.010791
babyvision,4,hierarchy,team,95,seed,0.9223,0.1094,0.8823,3333,0.009999
babyvision,6,chain,team,95,seed,0.7125,0.1126,0.7428,5194,0.015582
babyvision,6,star,team,95,seed,0.4541,0.0367,0.8014,4776,0.014328
babyvision,6,full,team,95,seed,0.6857,0.1258,0.7903,5134,0.015402
babyvision,6,hierarchy,team,95,seed,0.6949,0.1339,0.8218,4549,0.013647
babyvision,8,chain,team,95,seed,0.5483,0.1877,0.8073,6603,0.019809
babyvision,8,star,team,95,seed,0.3886,0.056,0.7856,7021,0.021063
babyvision,8,full,team,95,seed,0.5116,0.1205,0.8046,6597,0.019791
babyvision,8,hierarchy,team,95,seed,0.4173,0.172,0.8273,6172,0.018516
babyvision,1,none,single_llm,95,paraphrase,1.3956,0.322,0.5076,789,0.002367
babyvision,4,none,ensemble,95,paraphrase,1.1811,0.3101,0.6621,3074,0.009222
babyvision,6,none,ensemble,95,paraphrase,0.6738,0.286,0.6618,4872,0.014616
babyvision,8,none,ensemble,95,paraphrase,0.8999,0.253,0.6706,5679,0.017037
babyvision,4,chain,team,95,paraphrase,0.6603,0.2832,0.6627,3545,0.010635
babyvision,4,star,team,95,paraphrase,0.5918,0.2691,0.8361,3141,0.009423
babyvision,4,full,team,95,paraphrase,0.7797,0.2546,0.7652,3069,0.009207
babyvision,4,hierarchy,team,95,paraphrase,0.7292,0.2936,0.6246,3466,0.010398
babyvision,6,chain,team,95,paraphrase,0.6624,0.2424,0.6883,5486,0.016458
babyvision,6,star,team,95,paraphrase,0.6765,0.1994,0.7271,4728,0.014184
babyvision,6,full,team,95,paraphrase,0.8613,0.1396,0.8088,5072,0.015216
babyvision,6,hierarchy,team,95,paraphrase,0.8256,0.2474,0.7348,5289,0.015867
babyvision,8,chain,team,95,paraphrase,0.6496,0.251,0.7964,6459,0.019377
babyvision,8,star,team,95,paraphrase,0.5342,0.1651,0.7775,5837,0.017511
babyvision,8,full,team,95,paraphrase,0.5117,0.1321,0.7904,5918,0.017754
babyvision,8,hierarchy,team,95,paraphrase,0.468,0.1564,0.7164,6092,0.018276
babyvision,1,none,single_llm,96,seed,1.2877,0.3553,0.5609,836,0.002508
babyvision,4,none,ensemble,96,seed,1.0389,0.1646,0.5824,3377,0.010131
babyvision,6,none,ensemble,96,seed,0.8936,0.2861,0.5974,4571,0.013713
babyvision,8,none,ensemble,96,seed,0.7644,0.2267,0.7322,6700,0.0201
babyvision,4,chain,team,96,seed,0.7685,0.2824,0.8246,2842,0.008526
babyvision,4,star,team,96,seed,0.7345,0.2294,0.7993,3069,0.009207
babyvision,4,full,team,96,seed,0.7255,0.1142,0.779,2732,0.008196
babyvision,4,hierarchy,team,96,seed,0.8008,0.1629,0.7682,3302,0.009906
babyvision,6,chain,team,96,seed,0.6292,0.157,0.7441,5366,0.016098
babyvision,6,star,team,96,seed,0.5291,0.1531,0.7568,5289,0.015867
babyvision,6,full,team,96,seed,0.5494,0.1017,0.795,4684,0.014052
babyvision,6,hierarchy,team,96,seed,0.7309,0.1605,0.7055,5039,0.015117
babyvision,8,chain,team,96,seed,0.7253,0.2087,0.7099,6228,0.018684
babyvision,8,star,team,96,seed,0.4936,0.1301,0.814,6179,0.018537
babyvision,8,full,team,96,seed,0.3751,0.1489,0.7488,5886,0.017658
babyvision,8,hierarchy,team,96,seed,0.4037,0.1653,0.7903,6965,0.020895
babyvision,1,none,single_llm,96,paraphrase,1.2122,0.3498,0.4639,785,0.002355
babyvision,4,none,ensemble,96,paraphrase,1.0551,0.2359,0.6387,2913,0.008739
babyvision,6,none,ensemble,96,paraphrase,0.8705,0.356,0.519,4954,0.014862
babyvision,8,none,ensemble,96,paraphrase,0.9182,0.2374,0.6632,7181,0.021543
babyvision,4,chain,team,96,paraphrase,1.0563,0.3301,0.7943,2978,0.008934
babyvision,4,star,team,96,paraphrase,0.652,0.2554,0.7702,2606,0.007818
babyvision,4,full,team,96,paraphrase,0.6874,0.2049,0.7578,3272,0.009816
babyvision,4,hierarchy,team,96,paraphrase,0.7525,0.2747,0.6628,3063,0.009189
babyvision,6,chain,team,96,paraphrase,0.5751,0.2362,0.6746,5131,0.015393
babyvision,6,star,team,96,paraphrase,0.649,0.2032,0.833,4983,0.014949
babyvision,6,full,team,96,paraphrase,0.5848,0.1689,0.6956,4768,0.014304
babyvision,6,hierarchy,team,96,paraphrase,0.7024,0.1457,0.6664,4552,0.013656
babyvision,8,chain,team,96,paraphrase,0.5168,0.2226,0.7341,6321,0.018963
babyvision,8,star,team,96,paraphrase,0.6317,0.1674,0.7527,5757,0.017271
babyvision,8,full,team,96,paraphrase,0.5751,0.1739,0.7051,6300,0.0189
babyvision,8,hierarchy,team,96,paraphrase,0.5929,0.2121,0.7609,5938,0.017814
babyvision,1,none,single_llm,97,seed,1.3645,0.3964,0.4843,708,0.002124
babyvision,4,none,ensemble,97,seed,0.8722,0.1864,0.6625,3578,0.010734
babyvision,6,none,ensemble,97,seed,1.0388,0.1828,0.7372,4840,0.01452
babyvision,8,none,ensemble,97,seed,0.5125,0.2017,0.7034,7174,0.021522
babyvision,4,chain,team,97,seed,0.6929,0.25,0.7346,2737,0.008211
babyvision,4,star,team,97,seed,0.6748,0.2588,0.7613,3489,0.010467
babyvision,4,full,team,97,seed,0.7851,0.1596,0.7158,2831,0.008493
babyvision,4,hierarchy,team,97,seed,0.8952,0.2136,0.6733,3466,0.010398
babyvision,6,chain,team,97,seed,0.4429,0.1492,0.7587,6009,0.018027
babyvision,6,star,team,97,seed,0.6532,0.1329,0.786,5241,0.015723
babyvision,6,full,team,97,seed,0.6838,0.1223,0.7837,4401,0.013203
babyvision,6,hierarchy,team,97,seed,0.6581,0.2033,0.6777,4609,0.013827
babyvision,8,chain,team,97,seed,0.4253,0.1669,0.7031,5555,0.016665
babyvision,8,star,team,97,seed,0.609,0.1242,0.792,6676,0.020028
babyvision,8,full,team,97,seed,0.5637,0.0941,0.7852,6149,0.018447
babyvision,8,hierarchy,team,97,seed,0.6248,0.1381,0.7704,6650,0.01995
babyvision,1,none,single_llm,97,paraphrase,1.6047,0.4295,0.4761,955,0.002865
babyvision,4,none,ensemble,97,paraphrase,1.1896,0.3792,0.58,3008,0.009024
babyvision,6,none,ensemble,97,paraphrase,0.7281,0.3455,0.6546,3935,0.011805
babyvision,8,none,ensemble,97,paraphrase,1.0242,0.2615,0.6772,5431,0.016293
babyvision,4,chain,team,97,paraphrase,0.9092,0.3076,0.6976,3066,0.009198
babyvision,4,star,team,97,paraphrase,1.0726,0.2094,0.6939,3426,0.010278
babyvision,4,full,team,97,paraphrase,0.6786,0.194,0.7966,3393,0.010179
babyvision,4,hierarchy,team,97,paraphrase,0.8784,0.2748,0.6854,3119,0.009357
babyvision,6,chain,team,97,paraphrase,0.6937,0.2761,0.7359,4354,0.013062
babyvision,6,star,team,97,paraphrase,0.7305,0.1451,0.7286,4251,0.012753
babyvision,6,full,team,97,paraphrase,0.5359,0.2693,0.6811,4406,0.013218
babyvision,6,hierarchy,team,97,paraphrase,0.7226,0.2034,0.7424,5486,0.016458
babyvision,8,chain,team,97,paraphrase,0.6921,0.2021,0.7183,6739,0.020217
babyvision,8,star,team,97,paraphrase,0.6402,0.1917,0.773,6631,0.019893
babyvision,8,full,team,97,paraphrase,0.5374,0.1466,0.8021,6586,0.019758
babyvision,8,hierarchy,team,97,paraphrase,0.3886,0.1678,0.721,6271,0.018813
babyvision,1,none,single_llm,98,seed,1.4306,0.5571,0.3629,824,0.002472
babyvision,4,none,ensemble,98,seed,0.9584,0.251,0.6826,3247,0.009741
babyvision,6,none,ensemble,98,seed,0.8248,0.2387,0.7234,5021,0.015063
babyvision,8,none,ensemble,98,seed,0.8226,0.1892,0.8991,6630,0.01989
babyvision,4,chain,team,98,seed,0.8562,0.2072,0.7495,3258,0.009774
babyvision,4,star,team,98,seed,0.5388,0.1688,0.7332,3007,0.009021
babyvision,4,full,team,98,seed,0.593,0.1793,0.8499,3241,0.009723
babyvision,4,hierarchy,team,98,seed,0.6319,0.1663,0.7411,2747,0.008241
babyvision,6,chain,team,98,seed,0.652,0.2364,0.7258,4836,0.014508
babyvision,6,star,team,98,seed,0.5287,0.1271,0.7941,4481,0.013443
babyvision,6,full,team,98,seed,0.4608,0.0675,0.7979,5312,0.015936
babyvision,6,hierarchy,team,98,seed,0.6623,0.2219,0.7409,5208,0.015624
babyvision,8,chain,team,98,seed,0.4364,0.1892,0.8472,6718,0.020154
babyvision,8,star,team,98,seed,0.6628,0.1069,0.7883,5813,0.017439
babyvision,8,full,team,98,seed,0.4701,0.1216,0.8063,6096,0.018288
babyvision,8,hierarchy,team,98,seed,0.4676,0.1546,0.777,5662,0.016986
babyvision,1,none,single_llm,98,paraphrase,1.0454,0.3893,0.3982,733,0.002199
babyvision,4,none,ensemble,98,paraphrase,0.9792,0.3127,0.57,3901,0.011703
babyvision,6,none,ensemble,98,paraphrase,0.7968,0.3577,0.6402,4484,0.013452
babyvision,8,none,ensemble,98,paraphrase,0.9505,0.2557,0.6416,7545,0.022635
babyvision,4,chain,team,98,paraphrase,0.6406,0.2777,0.7095,3650,0.01095
babyvision,4,star,team,98,paraphrase,0.7702,0.3639,0.768,2442,0.007326
babyvision,4,full,team,98,paraphrase,0.6346,0.247,0.6828,3375,0.010125
babyvision,4,hierarchy,team,98,paraphrase,0.7846,0.2197,0.6718,3472,0.010416
babyvision,6,chain,team,98,paraphrase,0.4993,0.2841,0.7684,4640,0.01392
babyvision,6,star,team,98,paraphrase,0.5111,0.2345,0.7203,4072,0.012216
babyvision,6,full,team,98,paraphrase,0.8125,0.1569,0.681,4936,0.014808
babyvision,6,hierarchy,team,98,paraphrase,0.6648,0.2817,0.7156,4622,0.013866
babyvision,8,chain,team,98,paraphrase,0.6602,0.2288,0.7365,6574,0.019722
babyvision,8,star,team,98,paraphrase,0.5931,0.1742,0.7966,6169,0.018507
babyvision,8,full,team,98,paraphrase,0.6271,0.2263,0.7311,7938,0.023814
babyvision,8,hierarchy,team,98,paraphrase,0.5254,0.1726,0.772,6682,0.020046
babyvision,1,none,single_llm,99,seed,1.2608,0.4141,0.5527,965,0.002895
babyvision,4,none,ensemble,99,seed,0.9436,0.2173,0.6169,3350,0.01005
babyvision,6,none,ensemble,99,seed,0.9265,0.2476,0.639,5332,0.015996
babyvision,8,none,ensemble,99,seed,1.0324,0.2198,0.8386,6954,0.020862
babyvision,4,chain,team,99,seed,1.0019,0.2464,0.7468,3469,0.010407
babyvision,4,star,team,99,seed,0.6866,0.2138,0.8365,3462,0.010386
babyvision,4,full,team,99,seed,0.6969,0.1855,0.8179,3431,0.010293
babyvision,4,hierarchy,team,99,seed,0.825,0.2211,0.7188,2987,0.008961
babyvision,6,chain,team,99,seed,0.6677,0.2155,0.7897,4475,0.013425
babyvision,6,star,team,99,seed,0.5565,0.1053,0.7151,4839,0.014517
babyvision,6,full,team,99,seed,0.6774,0.1362,0.89,4721,0.014163
babyvision,6,hierarchy,team,99,seed,0.5947,0.1226,0.7573,4228,0.012684
babyvision,8,chain,team,99,seed,0.3921,0.1139,0.7693,5928,0.017784
babyvision,8,star,team,99,seed,0.4467,0.1472,0.7176,6451,0.019353
babyvision,8,full,team,99,seed,0.5515,0.1482,0.8308,6366,0.019098
babyvision,8,hierarchy,team,99,seed,0.4543,0.1375,0.8677,6574,0.019722
babyvision,1,none,single_llm,99,paraphrase,1.314,0.4588,0.4985,818,0.002454
babyvision,4,none,ensemble,99,paraphrase,1.0004,0.2993,0.6698,2575,0.007725
babyvision,6,none,ensemble,99,paraphrase,1.0056,0.2734,0.5357,4332,0.012996
babyvision,8,none,ensemble,99,paraphrase,0.8757,0.2834,0.7344,6917,0.020751
babyvision,4,chain,team,99,paraphrase,0.7053,0.3026,0.7364,3270,0.00981
babyvision,4,star,team,99,paraphrase,0.8602,0.1802,0.6805,3637,0.010911
babyvision,4,full,team,99,paraphrase,0.752,0.3264,0.6761,3700,0.0111
babyvision,4,hierarchy,team,99,paraphrase,0.7689,0.302,0.7052,3237,0.009711
babyvision,6,chain,team,99,paraphrase,0.7611,0.2177,0.7547,4672,0.014016
babyvision,6,star,team,99,paraphrase,0.6694,0.1064,0.7278,5406,0.016218
babyvision,6,full,team,99,paraphrase,0.6911,0.2277,0.7573,5604,0.016812
babyvision,6,hierarchy,team,99,paraphrase,0.7004,0.1958,0.7774,5242,0.015726
babyvision,8,chain,team,99,paraphrase,0.6896,0.2047,0.7391,7291,0.021873
babyvision,8,star,team,99,paraphrase,0.6244,0.1317,0.7236,5967,0.017901
babyvision,8,full,team,99,paraphrase,0.4712,0.0864,0.8595,5839,0.017517
babyvision,8,hierarchy,team,99,paraphrase,0.5163,0.1232,0.7883,6341,0.019023
babyvision,1,none,single_llm,100,seed,1.1974,0.3471,0.5761,761,0.002283
babyvision,4,none,ensemble,100,seed,0.7113,0.1954,0.5694,3288,0.009864
babyvision,6,none,ensemble,100,seed,0.9798,0.3106,0.5919,5097,0.015291
babyvision,8,none,ensemble,100,seed,0.7262,0.3645,0.813,7489,0.022467
babyvision,4,chain,team,100,seed,0.8602,0.2428,0.7199,3008,0.009024
babyvision,4,star,team,100,seed,0.65,0.2222,0.848,3085,0.009255
babyvision,4,full,team,100,seed,0.6278,0.1182,0.7922,3593,0.010779
babyvision,4,hierarchy,team,100,seed,0.8779,0.2626,0.7808,3228,0.009684
babyvision,6,chain,team,100,seed,0.7498,0.1378,0.7326,5621,0.016863
babyvision,6,star,team,100,seed,0.4641,0.1509,0.8162,4839,0.014517
babyvision,6,full,team,100,seed,0.6565,0.1933,0.8186,5467,0.016401
babyvision,6,hierarchy,team,100,seed,0.4987,0.1559,0.8949,5732,0.017196
babyvision,8,chain,team,100,seed,0.419,0.1603,0.7718,6666,0.019998
babyvision,8,star,team,100,seed,0.6241,0.2044,0.7969,7118,0.021354
babyvision,8,full,team,100,seed,0.5315,0.11,0.7201,7051,0.021153
babyvision,8,hierarchy,team,100,seed,0.5772,0.1564,0.7359,7653,0.022959
babyvision,1,none,single_llm,100,paraphrase,1.3529,0.3565,0.4038,854,0.002562
babyvision,4,none,ensemble,100,paraphrase,1.1149,0.2968,0.6378,3413,0.010239
babyvision,6,none,ensemble,100,paraphrase,0.965,0.2622,0.7077,5202,0.015606
babyvision,8,none,ensemble,100,paraphrase,0.9481,0.2366,0.6101,6448,0.019344
babyvision,4,chain,team,100,paraphrase,0.953,0.3291,0.7292,3055,0.009165
babyvision,4,star,team,100,paraphrase,0.7296,0.2568,0.7296,3554,0.010662
babyvision,4,full,team,100,paraphrase,0.732,0.2216,0.8427,3696,0.011088
babyvision,4,hierarchy,team,100,paraphrase,0.7417,0.3263,0.6639,3061,0.009183
babyvision,6,chain,team,100,paraphrase,0.6696,0.2391,0.7456,4851,0.014553
babyvision,6,star,team,100,paraphrase,0.7131,0.1962,0.7633,4837,0.014511
babyvision,6,full,team,100,paraphrase,0.4828,0.2116,0.7594,4457,0.013371
babyvision,6,hierarchy,team,100,paraphrase,0.6291,0.2062,0.7224,5644,0.016932
babyvision,8,chain,team,100,paraphrase,0.8357,0.1118,0.7494,7011,0.021033
babyvision,8,star,team,100,paraphrase,0.5551,0.228,0.8377,5522,0.016566
babyvision,8,full,team,100,paraphrase,0.56,0.2491,0.7031,6326,0.018978
babyvision,8,hierarchy,team,100,paraphrase,0.5518,0.2429,0.8046,6503,0.019509
